Processing firebeetle2_esp32e_n16r2 (platform: espressif32 @ 6.9.0; board: dfrobot_firebeetle2_esp32e; framework: arduino; monitor_speed: 115200; board_upload.flash_size: 16MB; board_upload.maximum_size: 16777216; board_build.partitions: default_16MB.csv; lib_deps: SignalK/SensESP @ 3.4.0, paulstoffregen/OneWire @ 2.3.8, milesburton/DallasTemperature @ 3.11.0, olikraus/U8g2 @ 2.36.5, knolleary/PubSubClient @ 2.8; build_flags: -D USE_ESP_IDF_LOG, -D CORE_DEBUG_LEVEL=3, -D TAG='"Fridge"'; monitor_filters: esp32_exception_decoder; upload_protocol: espota; upload_port: 192.168.88.205; upload_flags: --auth=esp32!, --port=3232, --timeout=30)
--------------------------------------------------------------------------------
CONFIGURATION: https://docs.platformio.org/page/boards/espressif32/dfrobot_firebeetle2_esp32e.html
PLATFORM: Espressif 32 (6.9.0) > DFRobot Firebeetle 2 ESP32-E
HARDWARE: ESP32 240MHz, 320KB RAM, 16MB Flash
DEBUG: Current (cmsis-dap) External (cmsis-dap, esp-bridge, esp-prog, iot-bus-jtag, jlink, minimodule, olimex-arm-usb-ocd, olimex-arm-usb-ocd-h, olimex-arm-usb-tiny-h, olimex-jtag-tiny, tumpa)
PACKAGES: 
 - framework-arduinoespressif32 @ 3.20017.241212+sha.dcc1105b 
 - tool-esptoolpy @ 1.40501.0 (4.5.1) 
 - tool-mkfatfs @ 2.0.1 
 - tool-mklittlefs @ 1.203.210628 (2.3) 
 - tool-mkspiffs @ 2.230.0 (2.30) 
 - tool-openocd-esp32 @ 2.1100.20220706 (11.0) 
 - toolchain-xtensa-esp32 @ 8.4.0+2021r2-patch5
LDF: Library Dependency Finder -> https://bit.ly/configure-pio-ldf
LDF Modes: Finder ~ chain, Compatibility ~ soft
Found 43 compatible libraries
Scanning dependencies...
Dependency Graph
|-- SensESP @ 3.4.0 (License: Unknown, Path: /home/corissa/Documents/github/ESP32-Fridge-thermostat/.pio/libdeps/firebeetle2_esp32e_n16r2/SensESP)
|   |-- ReactESP @ 3.3.1 (License: Unknown, Path: /home/corissa/Documents/github/ESP32-Fridge-thermostat/.pio/libdeps/firebeetle2_esp32e_n16r2/ReactESP)
|   |-- ArduinoJson @ 7.4.3 (License: Unknown, Path: /home/corissa/Documents/github/ESP32-Fridge-thermostat/.pio/libdeps/firebeetle2_esp32e_n16r2/ArduinoJson)
|   |-- elapsedMillis @ 1.0.6 (License: Unknown, Path: /home/corissa/Documents/github/ESP32-Fridge-thermostat/.pio/libdeps/firebeetle2_esp32e_n16r2/elapsedMillis)
|   |-- AceButton @ 1.10.1 (License: Unknown, Path: /home/corissa/Documents/github/ESP32-Fridge-thermostat/.pio/libdeps/firebeetle2_esp32e_n16r2/AceButton)
|   |-- WiFi @ 2.0.0 (License: Unknown, Path: /home/corissa/.platformio/packages/framework-arduinoespressif32/libraries/WiFi)
|   |-- SPIFFS @ 2.0.0 (License: Unknown, Path: /home/corissa/.platformio/packages/framework-arduinoespressif32/libraries/SPIFFS)
|   |   |-- FS @ 2.0.0 (License: Unknown, Path: /home/corissa/.platformio/packages/framework-arduinoespressif32/libraries/FS)
|   |-- ESPmDNS @ 2.0.0 (License: Unknown, Path: /home/corissa/.platformio/packages/framework-arduinoespressif32/libraries/ESPmDNS)
|   |   |-- WiFi @ 2.0.0 (License: Unknown, Path: /home/corissa/.platformio/packages/framework-arduinoespressif32/libraries/WiFi)
|   |-- ArduinoOTA @ 2.0.0 (License: Unknown, Path: /home/corissa/.platformio/packages/framework-arduinoespressif32/libraries/ArduinoOTA)
|   |   |-- Update @ 2.0.0 (License: Unknown, Path: /home/corissa/.platformio/packages/framework-arduinoespressif32/libraries/Update)
|   |   |-- WiFi @ 2.0.0 (License: Unknown, Path: /home/corissa/.platformio/packages/framework-arduinoespressif32/libraries/WiFi)
|   |   |-- ESPmDNS @ 2.0.0 (License: Unknown, Path: /home/corissa/.platformio/packages/framework-arduinoespressif32/libraries/ESPmDNS)
|   |   |   |-- WiFi @ 2.0.0 (License: Unknown, Path: /home/corissa/.platformio/packages/framework-arduinoespressif32/libraries/WiFi)
|   |-- DNSServer @ 2.0.0 (License: Unknown, Path: /home/corissa/.platformio/packages/framework-arduinoespressif32/libraries/DNSServer)
|   |   |-- WiFi @ 2.0.0 (License: Unknown, Path: /home/corissa/.platformio/packages/framework-arduinoespressif32/libraries/WiFi)
|   |-- Ethernet @ 2.0.0 (License: Unknown, Path: /home/corissa/.platformio/packages/framework-arduinoespressif32/libraries/Ethernet)
|   |   |-- WiFi @ 2.0.0 (License: Unknown, Path: /home/corissa/.platformio/packages/framework-arduinoespressif32/libraries/WiFi)
|-- OneWire @ 2.3.8 (License: Unknown, Path: /home/corissa/Documents/github/ESP32-Fridge-thermostat/.pio/libdeps/firebeetle2_esp32e_n16r2/OneWire)
|-- DallasTemperature @ 3.11.0 (License: Unknown, Path: /home/corissa/Documents/github/ESP32-Fridge-thermostat/.pio/libdeps/firebeetle2_esp32e_n16r2/DallasTemperature)
|   |-- OneWire @ 2.3.8 (License: Unknown, Path: /home/corissa/Documents/github/ESP32-Fridge-thermostat/.pio/libdeps/firebeetle2_esp32e_n16r2/OneWire)
|-- U8g2 @ 2.36.5 (License: BSD-2-Clause, Path: /home/corissa/Documents/github/ESP32-Fridge-thermostat/.pio/libdeps/firebeetle2_esp32e_n16r2/U8g2)
|   |-- SPI @ 2.0.0 (License: Unknown, Path: /home/corissa/.platformio/packages/framework-arduinoespressif32/libraries/SPI)
|   |-- Wire @ 2.0.0 (License: Unknown, Path: /home/corissa/.platformio/packages/framework-arduinoespressif32/libraries/Wire)
|-- PubSubClient @ 2.8.0 (License: Unknown, Path: /home/corissa/Documents/github/ESP32-Fridge-thermostat/.pio/libdeps/firebeetle2_esp32e_n16r2/PubSubClient)
|-- WiFi @ 2.0.0 (License: Unknown, Path: /home/corissa/.platformio/packages/framework-arduinoespressif32/libraries/WiFi)
|-- ArduinoOTA @ 2.0.0 (License: Unknown, Path: /home/corissa/.platformio/packages/framework-arduinoespressif32/libraries/ArduinoOTA)
|   |-- Update @ 2.0.0 (License: Unknown, Path: /home/corissa/.platformio/packages/framework-arduinoespressif32/libraries/Update)
|   |-- WiFi @ 2.0.0 (License: Unknown, Path: /home/corissa/.platformio/packages/framework-arduinoespressif32/libraries/WiFi)
|   |-- ESPmDNS @ 2.0.0 (License: Unknown, Path: /home/corissa/.platformio/packages/framework-arduinoespressif32/libraries/ESPmDNS)
|   |   |-- WiFi @ 2.0.0 (License: Unknown, Path: /home/corissa/.platformio/packages/framework-arduinoespressif32/libraries/WiFi)
|-- DFRobot_VisualRotaryEncoder @ 1.0.1-local.1 (License: MIT, Path: /home/corissa/Documents/github/ESP32-Fridge-thermostat/lib/DFRobot_VisualRotaryEncoder)
|   |-- Wire @ 2.0.0 (License: Unknown, Path: /home/corissa/.platformio/packages/framework-arduinoespressif32/libraries/Wire)
|-- Wire @ 2.0.0 (License: Unknown, Path: /home/corissa/.platformio/packages/framework-arduinoespressif32/libraries/Wire)
|-- ArduinoJson @ 7.4.3 (License: Unknown, Path: /home/corissa/Documents/github/ESP32-Fridge-thermostat/.pio/libdeps/firebeetle2_esp32e_n16r2/ArduinoJson)
Building in release mode
<lambda>(["checkprogsize"], [".pio/build/firebeetle2_esp32e_n16r2/firmware.elf"])
MethodWrapper(["checkprogsize"], [".pio/build/firebeetle2_esp32e_n16r2/firmware.elf"])
Advanced Memory Usage is available via "PlatformIO Home > Project Inspect"
RAM:   [==        ]  16.2% (used 53148 bytes from 327680 bytes)
Flash: [==        ]  22.6% (used 1484213 bytes from 6553600 bytes)
.pio/build/firebeetle2_esp32e_n16r2/firmware.elf  :
section                                                                                                                                                                                                                                                                                                                                    size         addr
.rtc.text                                                                                                                                                                                                                                                                                                                                     0   1074528256
.rtc.dummy                                                                                                                                                                                                                                                                                                                                    0   1073217536
.rtc.force_fast                                                                                                                                                                                                                                                                                                                               0   1073217536
.rtc_noinit                                                                                                                                                                                                                                                                                                                                  16   1342177792
.rtc.force_slow                                                                                                                                                                                                                                                                                                                               0   1342177808
.iram0.vectors                                                                                                                                                                                                                                                                                                                             1027   1074266112
.iram0.text                                                                                                                                                                                                                                                                                                                               79571   1074267140
.dram0.data                                                                                                                                                                                                                                                                                                                               24756   1073470304
.ext_ram_noinit                                                                                                                                                                                                                                                                                                                               0   1065353216
.noinit                                                                                                                                                                                                                                                                                                                                       0   1073495060
.ext_ram.bss                                                                                                                                                                                                                                                                                                                                  0   1065353216
.dram0.bss                                                                                                                                                                                                                                                                                                                                28392   1073495064
.flash.appdesc                                                                                                                                                                                                                                                                                                                              256   1061158944
.flash.rodata                                                                                                                                                                                                                                                                                                                            449592   1061159200
.flash.rodata_noload                                                                                                                                                                                                                                                                                                                      15895   1061608792
.flash.text                                                                                                                                                                                                                                                                                                                              929267   1074593824
.phyiram.0                                                                                                                                                                                                                                                                                                                                   43   1075523092
.phyiram.1                                                                                                                                                                                                                                                                                                                                  125   1075523136
.phyiram.2                                                                                                                                                                                                                                                                                                                                  542   1075523264
.phyiram.3                                                                                                                                                                                                                                                                                                                                  178   1075523808
.phyiram.6                                                                                                                                                                                                                                                                                                                                  222   1075523988
.phyiram.4                                                                                                                                                                                                                                                                                                                                  234   1075524212
.phyiram.7                                                                                                                                                                                                                                                                                                                                  228   1075524448
.phyiram.8                                                                                                                                                                                                                                                                                                                                  547   1075524676
.phyiram.9                                                                                                                                                                                                                                                                                                                                  387   1075525224
.phyiram.10                                                                                                                                                                                                                                                                                                                                 142   1075525612
.phyiram.13                                                                                                                                                                                                                                                                                                                                 392   1075525756
.phyiram.15                                                                                                                                                                                                                                                                                                                                 186   1075526148
.phyiram.14                                                                                                                                                                                                                                                                                                                                 239   1075526336
.phyiram.16                                                                                                                                                                                                                                                                                                                                 459   1075526576
.phyiram.18                                                                                                                                                                                                                                                                                                                                 114   1075527036
.phyiram.12                                                                                                                                                                                                                                                                                                                                 120   1075527152
.phyiram.17                                                                                                                                                                                                                                                                                                                                 238   1075527272
.phyiram.24                                                                                                                                                                                                                                                                                                                                  74   1075527512
.phyiram.25                                                                                                                                                                                                                                                                                                                                  49   1075527588
.phyiram.26                                                                                                                                                                                                                                                                                                                                 259   1075527640
.phyiram.27                                                                                                                                                                                                                                                                                                                                 135   1075527900
.phyiram.22                                                                                                                                                                                                                                                                                                                                  97   1075528036
.phyiram.20                                                                                                                                                                                                                                                                                                                                 270   1075528136
.phyiram.21                                                                                                                                                                                                                                                                                                                                 158   1075528408
.phyiram.19                                                                                                                                                                                                                                                                                                                                 735   1075528568
.iram0.text_end                                                                                                                                                                                                                                                                                                                               1   1074346711
.iram0.data                                                                                                                                                                                                                                                                                                                                   0   1074346712
.iram0.bss                                                                                                                                                                                                                                                                                                                                    0   1074346712
.dram0.heap_start                                                                                                                                                                                                                                                                                                                             0   1073523456
.xt.prop                                                                                                                                                                                                                                                                                                                                 675288            0
.xt.lit                                                                                                                                                                                                                                                                                                                                   21408            0
.xtensa.info                                                                                                                                                                                                                                                                                                                                 56            0
.comment                                                                                                                                                                                                                                                                                                                                    282            0
.xt.lit._ZN11ArduinoJson8V743PB2210JsonStringC5EPKcb                                                                                                                                                                                                                                                                                          0            0
.xt.lit._ZNK11ArduinoJson8V743PB226detail11VariantData8asStringEv                                                                                                                                                                                                                                                                             0            0
.xt.lit._ZN11ArduinoJson8V743PB226detail6WriterI6StringvE5flushEv                                                                                                                                                                                                                                                                             0            0
.xt.lit._ZN11ArduinoJson8V743PB226detail6WriterI6StringvE5writeEh                                                                                                                                                                                                                                                                             0            0
.xt.lit._ZN11ArduinoJson8V743PB226detail11parseNumberEPKc                                                                                                                                                                                                                                                                                     8            0
.xt.lit._ZN7sensesp18FileSystemSaveableC5ERK6String                                                                                                                                                                                                                                                                                           8            0
.xt.lit._ZNK11ArduinoJson8V743PB226detail14MemoryPoolListINS1_15ResourceManager8SlotDataEE7getSlotEt                                                                                                                                                                                                                                          8            0
.xt.lit._ZN11ArduinoJson8V743PB226detail18CollectionIterator4nextEPKNS1_15ResourceManagerE                                                                                                                                                                                                                                                    0            0
.xt.lit._ZN11ArduinoJson8V743PB226detail11VariantData5clearEPNS1_15ResourceManagerE                                                                                                                                                                                                                                                           0            0
.xt.lit._ZNK11ArduinoJson8V743PB226detail11VariantData12getExtensionEPKNS1_15ResourceManagerE                                                                                                                                                                                                                                                 0            0
.xt.lit._ZN11ArduinoJson8V743PB226detail15ResourceManager12allocVariantEv                                                                                                                                                                                                                                                                     8            0
.xt.lit._ZNK11ArduinoJson8V743PB226detail10ObjectData9getMemberINS1_9RamStringEEEPNS1_11VariantDataET_PKNS1_15ResourceManagerE                                                                                                                                                                                                                0            0
.xt.lit._ZN11ArduinoJson8V743PB226detail15ResourceManager10saveStringINS1_9RamStringEEEPNS1_10StringNodeET_                                                                                                                                                                                                                                   0            0
.xt.lit._ZN11ArduinoJson8V743PB226detail11VariantData9setStringINS1_9RamStringEEEbT_PNS1_15ResourceManagerE                                                                                                                                                                                                                                   0            0
.xt.lit._ZN11ArduinoJson8V743PB226detail11parseNumberItEET_PKc                                                                                                                                                                                                                                                                                8            0
.xt.lit._ZNK11ArduinoJson8V743PB226detail11VariantData10asIntegralItEET_PKNS1_15ResourceManagerE                                                                                                                                                                                                                                              0            0
.xt.lit._ZNK11ArduinoJson8V743PB226detail11MemberProxyINS0_10JsonObjectENS1_9RamStringEE15getOrCreateDataEv                                                                                                                                                                                                                                   0            0
.xt.lit._ZN11ArduinoJson8V743PB226detail17CountingDecoratorINS1_6WriterI6StringvEEE5writeEPKhj                                                                                                                                                                                                                                                0            0
.xt.lit._ZN11ArduinoJson8V743PB226detail13TextFormatterINS1_6WriterI6StringvEEE8writeRawEPKc                                                                                                                                                                                                                                                  0            0
.xt.lit._ZN11ArduinoJson8V743PB226detail13TextFormatterINS1_6WriterI6StringvEEE12writeIntegerIyEENS1_9enable_ifIXsrNS1_11is_unsignedIT_EE5valueEvE4typeESA_                                                                                                                                                                                   8            0
.xt.lit._ZNK11ArduinoJson8V743PB226detail11MemberProxyINS0_10JsonObjectENS1_9RamStringEE7getDataEv                                                                                                                                                                                                                                            0            0
.xt.lit._ZN11ArduinoJson8V743PB226detailorItLi0EEET_RKNS1_11MemberProxyINS0_10JsonObjectENS1_9RamStringEEERKS3_                                                                                                                                                                                                                               0            0
.xt.lit._ZN11ArduinoJson8V743PB226detail17CountingDecoratorINS1_6WriterI6StringvEEE5writeEh                                                                                                                                                                                                                                                   0            0
.xt.lit._ZN11ArduinoJson8V743PB226detail13TextFormatterINS1_6WriterI6StringvEEE11writeStringEPKcj                                                                                                                                                                                                                                             8            0
.xt.lit._ZN11ArduinoJson8V743PB226detail13TextFormatterINS1_6WriterI6StringvEEE12writeIntegerIxEENS1_9enable_ifIXsrNS1_9is_signedIT_EE5valueEvE4typeESA_                                                                                                                                                                                      0            0
.xt.lit._ZN11ArduinoJson8V743PB226detail13TextFormatterINS1_6WriterI6StringvEEE10writeFloatEda                                                                                                                                                                                                                                                8            0
.xt.lit._ZNK11ArduinoJson8V743PB226detail11VariantData6acceptINS1_14JsonSerializerINS1_6WriterI6StringvEEEEEENT_11result_typeERS9_PKNS1_15ResourceManagerE                                                                                                                                                                                    8            0
.xt.lit._ZN11ArduinoJson8V743PB226detail9serializeINS1_14JsonSerializerE6StringEEjNS0_16JsonVariantConstERT0_                                                                                                                                                                                                                                 0            0
.xt.lit._ZN11ArduinoJson8V743PB226detailorI6StringLi0EEET_RKNS1_11MemberProxyINS0_10JsonObjectENS1_9RamStringEEERKS4_                                                                                                                                                                                                                         8            0
.xt.prop._ZN11ArduinoJson8V743PB2210JsonStringC5EPKcb                                                                                                                                                                                                                                                                                         0            0
.xt.prop._ZNK11ArduinoJson8V743PB226detail11VariantData8asStringEv                                                                                                                                                                                                                                                                          108            0
.xt.prop._ZN11ArduinoJson8V743PB226detail6WriterI6StringvE5flushEv                                                                                                                                                                                                                                                                           48            0
.xt.prop._ZN11ArduinoJson8V743PB226detail6WriterI6StringvE5writeEh                                                                                                                                                                                                                                                                           72            0
.xt.prop._ZN11ArduinoJson8V743PB226detail11parseNumberEPKc                                                                                                                                                                                                                                                                                  624            0
.xt.prop._ZN7sensesp18FileSystemSaveableC5ERK6String                                                                                                                                                                                                                                                                                         12            0
.xt.prop._ZNK11ArduinoJson8V743PB226detail14MemoryPoolListINS1_15ResourceManager8SlotDataEE7getSlotEt                                                                                                                                                                                                                                        48            0
.xt.prop._ZN11ArduinoJson8V743PB226detail18CollectionIterator4nextEPKNS1_15ResourceManagerE                                                                                                                                                                                                                                                  48            0
.xt.prop._ZN11ArduinoJson8V743PB226detail11VariantData5clearEPNS1_15ResourceManagerE                                                                                                                                                                                                                                                        108            0
.xt.prop._ZNK11ArduinoJson8V743PB226detail11VariantData12getExtensionEPKNS1_15ResourceManagerE                                                                                                                                                                                                                                               36            0
.xt.prop._ZN11ArduinoJson8V743PB226detail15ResourceManager12allocVariantEv                                                                                                                                                                                                                                                                  120            0
.xt.prop._ZNK11ArduinoJson8V743PB226detail10ObjectData9getMemberINS1_9RamStringEEEPNS1_11VariantDataET_PKNS1_15ResourceManagerE                                                                                                                                                                                                             132            0
.xt.prop._ZN11ArduinoJson8V743PB226detail15ResourceManager10saveStringINS1_9RamStringEEEPNS1_10StringNodeET_                                                                                                                                                                                                                                168            0
.xt.prop._ZN11ArduinoJson8V743PB226detail11VariantData9setStringINS1_9RamStringEEEbT_PNS1_15ResourceManagerE                                                                                                                                                                                                                                168            0
.xt.prop._ZN11ArduinoJson8V743PB226detail11parseNumberItEET_PKc                                                                                                                                                                                                                                                                             132            0
.xt.prop._ZNK11ArduinoJson8V743PB226detail11VariantData10asIntegralItEET_PKNS1_15ResourceManagerE                                                                                                                                                                                                                                           240            0
.xt.prop._ZNK11ArduinoJson8V743PB226detail11MemberProxyINS0_10JsonObjectENS1_9RamStringEE15getOrCreateDataEv                                                                                                                                                                                                                                144            0
.xt.prop._ZN11ArduinoJson8V743PB226detail17CountingDecoratorINS1_6WriterI6StringvEEE5writeEPKhj                                                                                                                                                                                                                                              60            0
.xt.prop._ZN11ArduinoJson8V743PB226detail13TextFormatterINS1_6WriterI6StringvEEE8writeRawEPKc                                                                                                                                                                                                                                                36            0
.xt.prop._ZN11ArduinoJson8V743PB226detail13TextFormatterINS1_6WriterI6StringvEEE12writeIntegerIyEENS1_9enable_ifIXsrNS1_11is_unsignedIT_EE5valueEvE4typeESA_                                                                                                                                                                                 84            0
.xt.prop._ZNK11ArduinoJson8V743PB226detail11MemberProxyINS0_10JsonObjectENS1_9RamStringEE7getDataEv                                                                                                                                                                                                                                          36            0
.xt.prop._ZN11ArduinoJson8V743PB226detailorItLi0EEET_RKNS1_11MemberProxyINS0_10JsonObjectENS1_9RamStringEEERKS3_                                                                                                                                                                                                                            168            0
.xt.prop._ZN11ArduinoJson8V743PB226detail17CountingDecoratorINS1_6WriterI6StringvEEE5writeEh                                                                                                                                                                                                                                                 36            0
.xt.prop._ZN11ArduinoJson8V743PB226detail13TextFormatterINS1_6WriterI6StringvEEE11writeStringEPKcj                                                                                                                                                                                                                                          120            0
.xt.prop._ZN11ArduinoJson8V743PB226detail13TextFormatterINS1_6WriterI6StringvEEE12writeIntegerIxEENS1_9enable_ifIXsrNS1_9is_signedIT_EE5valueEvE4typeESA_                                                                                                                                                                                    48            0
.xt.prop._ZN11ArduinoJson8V743PB226detail13TextFormatterINS1_6WriterI6StringvEEE10writeFloatEda                                                                                                                                                                                                                                             348            0
.xt.prop._ZNK11ArduinoJson8V743PB226detail11VariantData6acceptINS1_14JsonSerializerINS1_6WriterI6StringvEEEEEENT_11result_typeERS9_PKNS1_15ResourceManagerE                                                                                                                                                                                 432            0
.xt.prop._ZN11ArduinoJson8V743PB226detail9serializeINS1_14JsonSerializerE6StringEEjNS0_16JsonVariantConstERT0_                                                                                                                                                                                                                               84            0
.xt.prop._ZN11ArduinoJson8V743PB226detailorI6StringLi0EEET_RKNS1_11MemberProxyINS0_10JsonObjectENS1_9RamStringEEERKS4_                                                                                                                                                                                                                      144            0
.xt.prop._ZN7sensesp12Serializable7to_jsonERN11ArduinoJson8V743PB2210JsonObjectE                                                                                                                                                                                                                                                             36            0
.xt.prop._ZN7sensesp12Serializable9from_jsonERKN11ArduinoJson8V743PB2210JsonObjectE                                                                                                                                                                                                                                                          36            0
.xt.prop._ZN7sensesp8Saveable4loadEv                                                                                                                                                                                                                                                                                                         36            0
.xt.prop._ZN7sensesp8Saveable7refreshEv                                                                                                                                                                                                                                                                                                      36            0
.xt.prop._ZN7sensesp8Saveable4saveEv                                                                                                                                                                                                                                                                                                         36            0
.xt.prop._ZN7sensesp8Saveable5clearEv                                                                                                                                                                                                                                                                                                        36            0
.xt.prop._ZNK6String6lengthEv                                                                                                                                                                                                                                                                                                                72            0
.xt.prop._ZN11ArduinoJson8V743PB2210JsonStringC2EPKcb                                                                                                                                                                                                                                                                                        36            0
.xt.prop._ZN7sensesp18FileSystemSaveableC2ERK6String                                                                                                                                                                                                                                                                                         36            0
.xt.prop._ZN7sensesp18FileSystemSaveableC1ERK6String                                                                                                                                                                                                                                                                                         36            0
.xt.prop._ZN11ArduinoJson8V743PB226detail14MemoryPoolListINS1_15ResourceManager8SlotDataEE17allocFromLastPoolEv                                                                                                                                                                                                                              60            0
.xt.prop._ZTVN7sensesp12SerializableE                                                                                                                                                                                                                                                                                                        12            0
.xt.prop._ZTVN7sensesp8SaveableE                                                                                                                                                                                                                                                                                                             12            0
.xt.prop._ZTC22CerboMqttSettingsStore0_N7sensesp18FileSystemSaveableE                                                                                                                                                                                                                                                                        12            0
.xt.prop._ZTT22CerboMqttSettingsStore                                                                                                                                                                                                                                                                                                        12            0
.xt.prop._ZTV22CerboMqttSettingsStore                                                                                                                                                                                                                                                                                                        12            0
.xt.prop._ZZN11ArduinoJson8V743PB226detail11FloatTraitsIfLj4EE25negativeBinaryPowersOfTenEvE7factors                                                                                                                                                                                                                                         12            0
.xt.prop._ZZN11ArduinoJson8V743PB226detail11FloatTraitsIfLj4EE25positiveBinaryPowersOfTenEvE7factors                                                                                                                                                                                                                                         12            0
.xt.prop._ZZN11ArduinoJson8V743PB226detail11FloatTraitsIdLj8EE25negativeBinaryPowersOfTenEvE7factors                                                                                                                                                                                                                                         12            0
.xt.prop._ZZN11ArduinoJson8V743PB226detail11FloatTraitsIdLj8EE25positiveBinaryPowersOfTenEvE7factors                                                                                                                                                                                                                                         12            0
.xt.lit._ZN4U8G25writeEh                                                                                                                                                                                                                                                                                                                      0            0
.xt.lit._ZN4U8G2D5Ev                                                                                                                                                                                                                                                                                                                          8            0
.xt.lit._ZN39U8G2_SSD1309_128X64_NONAME0_F_4W_HW_SPID5Ev                                                                                                                                                                                                                                                                                      0            0
.xt.lit._ZN4U8G27drawStrEttPKc                                                                                                                                                                                                                                                                                                                0            0
.xt.prop._ZN4U8G25writeEh                                                                                                                                                                                                                                                                                                                   132            0
.xt.prop._ZN4U8G2D5Ev                                                                                                                                                                                                                                                                                                                        12            0
.xt.prop._ZN39U8G2_SSD1309_128X64_NONAME0_F_4W_HW_SPID5Ev                                                                                                                                                                                                                                                                                     0            0
.xt.prop._ZN4U8G27drawStrEttPKc                                                                                                                                                                                                                                                                                                              36            0
.xt.prop._ZN5Print17availableForWriteEv                                                                                                                                                                                                                                                                                                      36            0
.xt.prop._ZN5Print5flushEv                                                                                                                                                                                                                                                                                                                   36            0
.xt.prop._ZN4U8G25writeEPKhj                                                                                                                                                                                                                                                                                                                 60            0
.xt.prop._ZN4U8G2D2Ev                                                                                                                                                                                                                                                                                                                        36            0
.xt.prop._ZN39U8G2_SSD1309_128X64_NONAME0_F_4W_HW_SPID2Ev                                                                                                                                                                                                                                                                                    36            0
.xt.prop._ZN4U8G2D0Ev                                                                                                                                                                                                                                                                                                                        36            0
.xt.prop._ZN39U8G2_SSD1309_128X64_NONAME0_F_4W_HW_SPID0Ev                                                                                                                                                                                                                                                                                    36            0
.xt.prop._ZTV4U8G2                                                                                                                                                                                                                                                                                                                           12            0
.xt.prop._ZTV39U8G2_SSD1309_128X64_NONAME0_F_4W_HW_SPI                                                                                                                                                                                                                                                                                       12            0
.xt.lit._ZN7sensesp20MinimalButtonHandler22handle_very_long_pressEv                                                                                                                                                                                                                                                                           8            0
.xt.lit._ZNSt23_Sp_counted_ptr_inplaceIN7sensesp11ConfigItemTI22CerboMqttSettingsStoreEESaIS3_ELN9__gnu_cxx12_Lock_policyE2EE14_M_get_deleterERKSt9type_info                                                                                                                                                                                  8            0
.xt.lit._ZNSt23_Sp_counted_ptr_inplaceIN7sensesp11ConfigItemTI13SettingsStoreEESaIS3_ELN9__gnu_cxx12_Lock_policyE2EE14_M_get_deleterERKSt9type_info                                                                                                                                                                                           0            0
.xt.lit._ZNSt23_Sp_counted_ptr_inplaceIN7sensesp11ConfigItemTINS0_10SKWSClientEEESaIS3_ELN9__gnu_cxx12_Lock_policyE2EE14_M_get_deleterERKSt9type_info                                                                                                                                                                                         0            0
.xt.lit._ZNSt23_Sp_counted_ptr_inplaceIN7sensesp11ConfigItemTINS0_10HTTPServerEEESaIS3_ELN9__gnu_cxx12_Lock_policyE2EE14_M_get_deleterERKSt9type_info                                                                                                                                                                                         0            0
.xt.lit._ZNSt23_Sp_counted_ptr_inplaceIN7sensesp11ConfigItemTINS0_15WiFiProvisionerEEESaIS3_ELN9__gnu_cxx12_Lock_policyE2EE14_M_get_deleterERKSt9type_info                                                                                                                                                                                    0            0
.xt.lit._ZNSt23_Sp_counted_ptr_inplaceIN7sensesp11ConfigItemTINS0_25PersistingObservableValueI6StringEEEESaIS5_ELN9__gnu_cxx12_Lock_policyE2EE14_M_get_deleterERKSt9type_info                                                                                                                                                                 0            0
.xt.lit._ZNSt23_Sp_counted_ptr_inplaceIN7sensesp8SKOutputI6StringEESaIS3_ELN9__gnu_cxx12_Lock_policyE2EE14_M_get_deleterERKSt9type_info                                                                                                                                                                                                       0            0
.xt.lit._ZNSt23_Sp_counted_ptr_inplaceIN7sensesp8SKOutputIbEESaIS2_ELN9__gnu_cxx12_Lock_policyE2EE14_M_get_deleterERKSt9type_info                                                                                                                                                                                                             0            0
.xt.lit._ZNSt23_Sp_counted_ptr_inplaceIN7sensesp8SKOutputIfEESaIS2_ELN9__gnu_cxx12_Lock_policyE2EE14_M_get_deleterERKSt9type_info                                                                                                                                                                                                             0            0
.xt.lit._ZNSt23_Sp_counted_ptr_inplaceI22CerboMqttSettingsStoreSaIS0_ELN9__gnu_cxx12_Lock_policyE2EE14_M_get_deleterERKSt9type_info                                                                                                                                                                                                           0            0
.xt.lit._ZNSt23_Sp_counted_ptr_inplaceI13SettingsStoreSaIS0_ELN9__gnu_cxx12_Lock_policyE2EE14_M_get_deleterERKSt9type_info                                                                                                                                                                                                                    0            0
.xt.lit._ZNSt23_Sp_counted_ptr_inplaceIN7sensesp13ButtonHandlerESaIS1_ELN9__gnu_cxx12_Lock_policyE2EE14_M_get_deleterERKSt9type_info                                                                                                                                                                                                          0            0
.xt.lit._ZNSt23_Sp_counted_ptr_inplaceIN7sensesp15SystemStatusLedESaIS1_ELN9__gnu_cxx12_Lock_policyE2EE14_M_get_deleterERKSt9type_info                                                                                                                                                                                                        0            0
.xt.lit._ZNSt23_Sp_counted_ptr_inplaceIN7sensesp13MDNSDiscoveryESaIS1_ELN9__gnu_cxx12_Lock_policyE2EE14_M_get_deleterERKSt9type_info                                                                                                                                                                                                          0            0
.xt.lit._ZNSt23_Sp_counted_ptr_inplaceIN7sensesp10SKWSClientESaIS1_ELN9__gnu_cxx12_Lock_policyE2EE14_M_get_deleterERKSt9type_info                                                                                                                                                                                                             0            0
.xt.lit._ZNSt23_Sp_counted_ptr_inplaceIN7sensesp12SKDeltaQueueESaIS1_ELN9__gnu_cxx12_Lock_policyE2EE14_M_get_deleterERKSt9type_info                                                                                                                                                                                                           0            0
.xt.lit._ZNSt23_Sp_counted_ptr_inplaceIN7sensesp10HTTPServerESaIS1_ELN9__gnu_cxx12_Lock_policyE2EE14_M_get_deleterERKSt9type_info                                                                                                                                                                                                             0            0
.xt.lit._ZNSt23_Sp_counted_ptr_inplaceIN7sensesp3OTAESaIS1_ELN9__gnu_cxx12_Lock_policyE2EE14_M_get_deleterERKSt9type_info                                                                                                                                                                                                                     0            0
.xt.lit._ZNSt23_Sp_counted_ptr_inplaceIN7sensesp15WiFiProvisionerESaIS1_ELN9__gnu_cxx12_Lock_policyE2EE14_M_get_deleterERKSt9type_info                                                                                                                                                                                                        0            0
.xt.lit._ZNSt23_Sp_counted_ptr_inplaceIN7sensesp20NetworkStateProducerESaIS1_ELN9__gnu_cxx12_Lock_policyE2EE14_M_get_deleterERKSt9type_info                                                                                                                                                                                                   0            0
.xt.lit._ZNSt23_Sp_counted_ptr_inplaceIN7sensesp22SystemStatusControllerESaIS1_ELN9__gnu_cxx12_Lock_policyE2EE14_M_get_deleterERKSt9type_info                                                                                                                                                                                                 0            0
.xt.lit._ZNSt23_Sp_counted_ptr_inplaceIN7sensesp25PersistingObservableValueI6StringEESaIS3_ELN9__gnu_cxx12_Lock_policyE2EE14_M_get_deleterERKSt9type_info                                                                                                                                                                                     0            0
.xt.lit._ZNSt23_Sp_counted_ptr_inplaceIN8reactesp9EventLoopESaIS1_ELN9__gnu_cxx12_Lock_policyE2EE14_M_get_deleterERKSt9type_info                                                                                                                                                                                                              0            0
.xt.lit._ZNSt23_Sp_counted_ptr_inplaceIN7sensesp10FilesystemESaIS1_ELN9__gnu_cxx12_Lock_policyE2EE14_M_get_deleterERKSt9type_info                                                                                                                                                                                                             0            0
.xt.lit._ZNSt23_Sp_counted_ptr_inplaceIN7sensesp10SKMetadataESaIS1_ELN9__gnu_cxx12_Lock_policyE2EE14_M_get_deleterERKSt9type_info                                                                                                                                                                                                             0            0
.xt.lit._ZNK7sensesp11ConfigItemTINS_10SKWSClientEE25get_default_config_schemaEv                                                                                                                                                                                                                                                              8            0
.xt.lit._ZNK7sensesp11ConfigItemTINS_10HTTPServerEE25get_default_config_schemaEv                                                                                                                                                                                                                                                              8            0
.xt.lit._ZNK7sensesp11ConfigItemTINS_15WiFiProvisionerEE25get_default_config_schemaEv                                                                                                                                                                                                                                                         0            0
.xt.lit._ZN7sensesp14ConfigItemBaseC5Ev                                                                                                                                                                                                                                                                                                       8            0
.xt.lit._ZNSt23_Sp_counted_ptr_inplaceIN7sensesp3OTAESaIS1_ELN9__gnu_cxx12_Lock_policyE2EE10_M_disposeEv                                                                                                                                                                                                                                      0            0
.xt.lit._ZN7sensesp14SensESPBaseApp5startEv                                                                                                                                                                                                                                                                                                   8            0
.xt.lit._ZNSt15_Sp_counted_ptrIPN7sensesp10SKMetadataELN9__gnu_cxx12_Lock_policyE2EED5Ev                                                                                                                                                                                                                                                      0            0
.xt.lit._ZNSt15_Sp_counted_ptrIPN7sensesp10SKMetadataELN9__gnu_cxx12_Lock_policyE2EE10_M_destroyEv                                                                                                                                                                                                                                            0            0
.xt.lit._ZNSt15_Sp_counted_ptrIPN7sensesp10SensESPAppELN9__gnu_cxx12_Lock_policyE2EED5Ev                                                                                                                                                                                                                                                      0            0
.xt.lit._ZNSt15_Sp_counted_ptrIPN7sensesp10SensESPAppELN9__gnu_cxx12_Lock_policyE2EE10_M_destroyEv                                                                                                                                                                                                                                            0            0
.xt.lit._ZNSt23_Sp_counted_ptr_inplaceIN7sensesp12SKDeltaQueueESaIS1_ELN9__gnu_cxx12_Lock_policyE2EE10_M_disposeEv                                                                                                                                                                                                                            0            0
.xt.lit._ZNSt23_Sp_counted_ptr_inplaceIN7sensesp10FilesystemESaIS1_ELN9__gnu_cxx12_Lock_policyE2EED5Ev                                                                                                                                                                                                                                        0            0
.xt.lit._ZNSt23_Sp_counted_ptr_inplaceIN8reactesp9EventLoopESaIS1_ELN9__gnu_cxx12_Lock_policyE2EED5Ev                                                                                                                                                                                                                                         0            0
.xt.lit._ZNSt23_Sp_counted_ptr_inplaceIN7sensesp25PersistingObservableValueI6StringEESaIS3_ELN9__gnu_cxx12_Lock_policyE2EED5Ev                                                                                                                                                                                                                0            0
.xt.lit._ZNSt23_Sp_counted_ptr_inplaceIN7sensesp22SystemStatusControllerESaIS1_ELN9__gnu_cxx12_Lock_policyE2EED5Ev                                                                                                                                                                                                                            0            0
.xt.lit._ZNSt23_Sp_counted_ptr_inplaceIN7sensesp20NetworkStateProducerESaIS1_ELN9__gnu_cxx12_Lock_policyE2EED5Ev                                                                                                                                                                                                                              0            0
.xt.lit._ZNSt23_Sp_counted_ptr_inplaceIN7sensesp15WiFiProvisionerESaIS1_ELN9__gnu_cxx12_Lock_policyE2EED5Ev                                                                                                                                                                                                                                   0            0
.xt.lit._ZNSt23_Sp_counted_ptr_inplaceIN7sensesp3OTAESaIS1_ELN9__gnu_cxx12_Lock_policyE2EED5Ev                                                                                                                                                                                                                                                0            0
.xt.lit._ZNSt23_Sp_counted_ptr_inplaceIN7sensesp10HTTPServerESaIS1_ELN9__gnu_cxx12_Lock_policyE2EED5Ev                                                                                                                                                                                                                                        0            0
.xt.lit._ZNSt23_Sp_counted_ptr_inplaceIN7sensesp12SKDeltaQueueESaIS1_ELN9__gnu_cxx12_Lock_policyE2EED5Ev                                                                                                                                                                                                                                      0            0
.xt.lit._ZNSt23_Sp_counted_ptr_inplaceIN7sensesp10SKWSClientESaIS1_ELN9__gnu_cxx12_Lock_policyE2EED5Ev                                                                                                                                                                                                                                        0            0
.xt.lit._ZNSt23_Sp_counted_ptr_inplaceIN7sensesp13MDNSDiscoveryESaIS1_ELN9__gnu_cxx12_Lock_policyE2EED5Ev                                                                                                                                                                                                                                     0            0
.xt.lit._ZNSt23_Sp_counted_ptr_inplaceIN7sensesp15SystemStatusLedESaIS1_ELN9__gnu_cxx12_Lock_policyE2EED5Ev                                                                                                                                                                                                                                   0            0
.xt.lit._ZNSt23_Sp_counted_ptr_inplaceIN7sensesp13ButtonHandlerESaIS1_ELN9__gnu_cxx12_Lock_policyE2EED5Ev                                                                                                                                                                                                                                     0            0
.xt.lit._ZNSt23_Sp_counted_ptr_inplaceI13SettingsStoreSaIS0_ELN9__gnu_cxx12_Lock_policyE2EED5Ev                                                                                                                                                                                                                                               0            0
.xt.lit._ZNSt23_Sp_counted_ptr_inplaceI22CerboMqttSettingsStoreSaIS0_ELN9__gnu_cxx12_Lock_policyE2EED5Ev                                                                                                                                                                                                                                      0            0
.xt.lit._ZNSt23_Sp_counted_ptr_inplaceIN7sensesp8SKOutputIfEESaIS2_ELN9__gnu_cxx12_Lock_policyE2EED5Ev                                                                                                                                                                                                                                        0            0
.xt.lit._ZNSt23_Sp_counted_ptr_inplaceIN7sensesp8SKOutputIbEESaIS2_ELN9__gnu_cxx12_Lock_policyE2EED5Ev                                                                                                                                                                                                                                        0            0
.xt.lit._ZNSt23_Sp_counted_ptr_inplaceIN7sensesp8SKOutputI6StringEESaIS3_ELN9__gnu_cxx12_Lock_policyE2EED5Ev                                                                                                                                                                                                                                  0            0
.xt.lit._ZNSt23_Sp_counted_ptr_inplaceIN7sensesp11ConfigItemTINS0_25PersistingObservableValueI6StringEEEESaIS5_ELN9__gnu_cxx12_Lock_policyE2EED5Ev                                                                                                                                                                                            0            0
.xt.lit._ZNSt23_Sp_counted_ptr_inplaceIN7sensesp11ConfigItemTINS0_15WiFiProvisionerEEESaIS3_ELN9__gnu_cxx12_Lock_policyE2EED5Ev                                                                                                                                                                                                               0            0
.xt.lit._ZNSt23_Sp_counted_ptr_inplaceIN7sensesp11ConfigItemTINS0_10HTTPServerEEESaIS3_ELN9__gnu_cxx12_Lock_policyE2EED5Ev                                                                                                                                                                                                                    0            0
.xt.lit._ZNSt23_Sp_counted_ptr_inplaceIN7sensesp11ConfigItemTINS0_10SKWSClientEEESaIS3_ELN9__gnu_cxx12_Lock_policyE2EED5Ev                                                                                                                                                                                                                    0            0
.xt.lit._ZNSt23_Sp_counted_ptr_inplaceIN7sensesp11ConfigItemTI13SettingsStoreEESaIS3_ELN9__gnu_cxx12_Lock_policyE2EED5Ev                                                                                                                                                                                                                      0            0
.xt.lit._ZNSt23_Sp_counted_ptr_inplaceIN7sensesp11ConfigItemTI22CerboMqttSettingsStoreEESaIS3_ELN9__gnu_cxx12_Lock_policyE2EED5Ev                                                                                                                                                                                                             0            0
.xt.lit._ZNSt23_Sp_counted_ptr_inplaceIN7sensesp11ConfigItemTINS0_25PersistingObservableValueI6StringEEEESaIS5_ELN9__gnu_cxx12_Lock_policyE2EE10_M_destroyEv                                                                                                                                                                                  0            0
.xt.lit._ZNSt23_Sp_counted_ptr_inplaceIN7sensesp11ConfigItemTINS0_15WiFiProvisionerEEESaIS3_ELN9__gnu_cxx12_Lock_policyE2EE10_M_destroyEv                                                                                                                                                                                                     0            0
.xt.lit._ZNSt23_Sp_counted_ptr_inplaceIN7sensesp11ConfigItemTINS0_10HTTPServerEEESaIS3_ELN9__gnu_cxx12_Lock_policyE2EE10_M_destroyEv                                                                                                                                                                                                          0            0
.xt.lit._ZNSt23_Sp_counted_ptr_inplaceIN7sensesp11ConfigItemTINS0_10SKWSClientEEESaIS3_ELN9__gnu_cxx12_Lock_policyE2EE10_M_destroyEv                                                                                                                                                                                                          0            0
.xt.lit._ZNSt23_Sp_counted_ptr_inplaceIN7sensesp11ConfigItemTI13SettingsStoreEESaIS3_ELN9__gnu_cxx12_Lock_policyE2EE10_M_destroyEv                                                                                                                                                                                                            0            0
.xt.lit._ZNSt23_Sp_counted_ptr_inplaceIN7sensesp11ConfigItemTI22CerboMqttSettingsStoreEESaIS3_ELN9__gnu_cxx12_Lock_policyE2EE10_M_destroyEv                                                                                                                                                                                                   0            0
.xt.lit._ZNSt23_Sp_counted_ptr_inplaceIN7sensesp10SKMetadataESaIS1_ELN9__gnu_cxx12_Lock_policyE2EED5Ev                                                                                                                                                                                                                                        0            0
.xt.lit._ZN7sensesp14LambdaConsumerINS_12SystemStatusEE3setERKS1_                                                                                                                                                                                                                                                                             8            0
.xt.lit._ZN7sensesp14LambdaConsumerINS_19SKWSConnectionStateEE3setERKS1_                                                                                                                                                                                                                                                                      0            0
.xt.lit._ZN7sensesp14LambdaConsumerINS_9WiFiStateEE3setERKS1_                                                                                                                                                                                                                                                                                 0            0
.xt.lit._ZN11ArduinoJson8V743PB226detail16DefaultAllocator8allocateEj                                                                                                                                                                                                                                                                         0            0
.xt.lit._ZN11ArduinoJson8V743PB226detail16DefaultAllocator10reallocateEPvj                                                                                                                                                                                                                                                                    0            0
.xt.lit._ZN11ArduinoJson8V743PB226detail16DefaultAllocator10deallocateEPv                                                                                                                                                                                                                                                                     0            0
.xt.lit._ZNSt17_Function_handlerIFvvEZN7sensesp13ValueProducerI6StringE10connect_toINS1_14StatusPageItemIS3_EEEENSt9enable_ifIXaasrSt10is_base_ofINS1_13ValueConsumerINT_10input_typeEEESB_E5valuesrSt14is_convertibleIS3_SC_E5valueEPSB_E4typeESH_EUlvE_E9_M_invokeERKSt9_Any_data                                                           0            0
.xt.lit._ZNK7sensesp11ConfigItemTI22CerboMqttSettingsStoreE25get_default_config_schemaEv                                                                                                                                                                                                                                                      0            0
.xt.lit._ZNK7sensesp11ConfigItemTI13SettingsStoreE25get_default_config_schemaEv                                                                                                                                                                                                                                                               0            0
.xt.lit._ZNK7sensesp14ConfigItemBase17get_config_schemaEv                                                                                                                                                                                                                                                                                     0            0
.xt.lit._ZNK7sensesp11ConfigItemTINS_10SKWSClientEE9from_jsonERKN11ArduinoJson8V743PB2210JsonObjectE                                                                                                                                                                                                                                          0            0
.xt.lit._ZNK7sensesp11ConfigItemTINS_10SKWSClientEE7to_jsonERN11ArduinoJson8V743PB2210JsonObjectE                                                                                                                                                                                                                                             0            0
.xt.lit._ZN7sensesp20MinimalButtonHandler19handle_button_pressEv                                                                                                                                                                                                                                                                              0            0
.xt.lit._ZNSt23_Sp_counted_ptr_inplaceIN7sensesp20NetworkStateProducerESaIS1_ELN9__gnu_cxx12_Lock_policyE2EE10_M_disposeEv                                                                                                                                                                                                                    0            0
.xt.lit._ZNSt23_Sp_counted_ptr_inplaceIN7sensesp10FilesystemESaIS1_ELN9__gnu_cxx12_Lock_policyE2EE10_M_disposeEv                                                                                                                                                                                                                              0            0
.xt.lit._ZNSt17_Function_handlerIFvvEZN7sensesp14SensESPBaseApp5resetEvEUlvE_E9_M_invokeERKSt9_Any_data                                                                                                                                                                                                                                       0            0
.xt.lit._ZNSt17_Function_handlerIFvvEZN7sensesp17BaseButtonHandlerC4Ei6StringEUlvE_E9_M_invokeERKSt9_Any_data                                                                                                                                                                                                                                 0            0
.xt.lit._ZN7sensesp20MinimalButtonHandler11handleEventEPN10ace_button9AceButtonEhh                                                                                                                                                                                                                                                            0            0
.xt.lit._ZNSt23_Sp_counted_ptr_inplaceIN7sensesp13MDNSDiscoveryESaIS1_ELN9__gnu_cxx12_Lock_policyE2EE10_M_destroyEv                                                                                                                                                                                                                           0            0
.xt.lit._ZNSt23_Sp_counted_ptr_inplaceIN7sensesp12SKDeltaQueueESaIS1_ELN9__gnu_cxx12_Lock_policyE2EE10_M_destroyEv                                                                                                                                                                                                                            0            0
.xt.lit._ZNSt23_Sp_counted_ptr_inplaceIN7sensesp10SKWSClientESaIS1_ELN9__gnu_cxx12_Lock_policyE2EE10_M_destroyEv                                                                                                                                                                                                                              0            0
.xt.lit._ZNSt23_Sp_counted_ptr_inplaceIN8reactesp9EventLoopESaIS1_ELN9__gnu_cxx12_Lock_policyE2EE10_M_destroyEv                                                                                                                                                                                                                               0            0
.xt.lit._ZNSt23_Sp_counted_ptr_inplaceIN7sensesp10FilesystemESaIS1_ELN9__gnu_cxx12_Lock_policyE2EE10_M_destroyEv                                                                                                                                                                                                                              0            0
.xt.lit._ZNSt23_Sp_counted_ptr_inplaceIN7sensesp13ButtonHandlerESaIS1_ELN9__gnu_cxx12_Lock_policyE2EE10_M_destroyEv                                                                                                                                                                                                                           0            0
.xt.lit._ZNSt23_Sp_counted_ptr_inplaceIN7sensesp10HTTPServerESaIS1_ELN9__gnu_cxx12_Lock_policyE2EE10_M_destroyEv                                                                                                                                                                                                                              0            0
.xt.lit._ZNSt23_Sp_counted_ptr_inplaceIN7sensesp3OTAESaIS1_ELN9__gnu_cxx12_Lock_policyE2EE10_M_destroyEv                                                                                                                                                                                                                                      0            0
.xt.lit._ZNSt23_Sp_counted_ptr_inplaceIN7sensesp15WiFiProvisionerESaIS1_ELN9__gnu_cxx12_Lock_policyE2EE10_M_destroyEv                                                                                                                                                                                                                         0            0
.xt.lit._ZNSt23_Sp_counted_ptr_inplaceIN7sensesp20NetworkStateProducerESaIS1_ELN9__gnu_cxx12_Lock_policyE2EE10_M_destroyEv                                                                                                                                                                                                                    0            0
.xt.lit._ZNSt23_Sp_counted_ptr_inplaceIN7sensesp22SystemStatusControllerESaIS1_ELN9__gnu_cxx12_Lock_policyE2EE10_M_destroyEv                                                                                                                                                                                                                  0            0
.xt.lit._ZNSt23_Sp_counted_ptr_inplaceIN7sensesp25PersistingObservableValueI6StringEESaIS3_ELN9__gnu_cxx12_Lock_policyE2EE10_M_destroyEv                                                                                                                                                                                                      0            0
.xt.lit._ZNSt23_Sp_counted_ptr_inplaceIN7sensesp8SKOutputI6StringEESaIS3_ELN9__gnu_cxx12_Lock_policyE2EE10_M_destroyEv                                                                                                                                                                                                                        0            0
.xt.lit._ZNSt23_Sp_counted_ptr_inplaceI22CerboMqttSettingsStoreSaIS0_ELN9__gnu_cxx12_Lock_policyE2EE10_M_destroyEv                                                                                                                                                                                                                            0            0
.xt.lit._ZNSt23_Sp_counted_ptr_inplaceI13SettingsStoreSaIS0_ELN9__gnu_cxx12_Lock_policyE2EE10_M_destroyEv                                                                                                                                                                                                                                     0            0
.xt.lit._ZNSt23_Sp_counted_ptr_inplaceIN7sensesp15SystemStatusLedESaIS1_ELN9__gnu_cxx12_Lock_policyE2EE10_M_destroyEv                                                                                                                                                                                                                         0            0
.xt.lit._ZNSt23_Sp_counted_ptr_inplaceIN7sensesp10SKMetadataESaIS1_ELN9__gnu_cxx12_Lock_policyE2EE10_M_destroyEv                                                                                                                                                                                                                              0            0
.xt.lit._ZN7sensesp17TaskQueueProducerIiE3setERKi                                                                                                                                                                                                                                                                                             8            0
.xt.lit._ZN7sensesp17TaskQueueProducerINS_19SKWSConnectionStateEE3setERKS1_                                                                                                                                                                                                                                                                   0            0
.xt.lit._ZN7sensesp14SensESPBaseApp5resetEv                                                                                                                                                                                                                                                                                                   8            0
.xt.lit._ZN16BuzzerController4stopEv                                                                                                                                                                                                                                                                                                          0            0
.xt.lit._ZN16BuzzerController15apply_frequencyEt                                                                                                                                                                                                                                                                                              0            0
.xt.lit._ZN16BuzzerController13update_outputEjhb                                                                                                                                                                                                                                                                                              8            0
.xt.lit._ZN16BuzzerController13start_previewEhjjb                                                                                                                                                                                                                                                                                             0            0
.xt.lit._ZN11ArduinoJson8V743PB2212JsonDocumentC5EPNS0_9AllocatorE                                                                                                                                                                                                                                                                            8            0
.xt.lit._Z27NormalizeControllerSettingsR18ControllerSettings                                                                                                                                                                                                                                                                                  8            0
.xt.lit._ZN28EmergencySpilloverController6updateEjbbfRK18ControllerSettings                                                                                                                                                                                                                                                                   8            0
.xt.lit._ZN7sensesp18FileSystemSaveableD5Ev                                                                                                                                                                                                                                                                                                   0            0
.xt.lit._ZN7sensesp13TransformBaseD5Ev                                                                                                                                                                                                                                                                                                        8            0
.xt.lit._ZZN7sensesp10HTTPServerC4EiRK6StringENKUlvE_clEv                                                                                                                                                                                                                                                                                     8            0
.xt.lit._ZNSt17_Function_handlerIFvvEZN7sensesp10HTTPServerC4EiRK6StringEUlvE_E9_M_invokeERKSt9_Any_data                                                                                                                                                                                                                                      0            0
.xt.lit._ZZZN7sensesp3OTAC4EPKcENKUlvE_clEvENKUlvE_clEv                                                                                                                                                                                                                                                                                       8            0
.xt.lit._ZNSt17_Function_handlerIFvvEZZN7sensesp3OTAC4EPKcENKUlvE_clEvEUlvE_E9_M_invokeERKSt9_Any_data                                                                                                                                                                                                                                        0            0
.xt.lit._ZZZN7sensesp3OTAC4EPKcENKUlvE_clEvENKUlvE0_clEv                                                                                                                                                                                                                                                                                      8            0
.xt.lit._ZNSt17_Function_handlerIFvvEZZN7sensesp3OTAC4EPKcENKUlvE_clEvEUlvE0_E9_M_invokeERKSt9_Any_data                                                                                                                                                                                                                                       0            0
.xt.lit._ZZZN7sensesp3OTAC4EPKcENKUlvE_clEvENKUljjE1_clEjj                                                                                                                                                                                                                                                                                    8            0
.xt.lit._ZNSt17_Function_handlerIFvjjEZZN7sensesp3OTAC4EPKcENKUlvE_clEvEUljjE1_E9_M_invokeERKSt9_Any_dataOjSB_                                                                                                                                                                                                                                0            0
.xt.lit._ZZZN7sensesp3OTAC4EPKcENKUlvE_clEvENKUl11ota_error_tE2_clES4_                                                                                                                                                                                                                                                                        8            0
.xt.lit._ZNSt17_Function_handlerIFv11ota_error_tEZZN7sensesp3OTAC4EPKcENKUlvE_clEvEUlS0_E2_E9_M_invokeERKSt9_Any_dataOS0_                                                                                                                                                                                                                     0            0
.xt.lit._ZN7sensesp10LEDPattern5applyERNS_4CRGBEb                                                                                                                                                                                                                                                                                             0            0
.xt.lit._ZN7sensesp9PWMOutput11channel_mapEv                                                                                                                                                                                                                                                                                                  8            0
.xt.lit._ZNSt17_Function_handlerIFvN7sensesp12SystemStatusEENS0_19BaseSystemStatusLed23system_status_consumer_MUlS1_E_EE9_M_invokeERKSt9_Any_dataOS1_                                                                                                                                                                                         8            0
.xt.lit._ZN7sensesp18StatusPageItemBaseC5E6StringS1_i                                                                                                                                                                                                                                                                                         8            0
.xt.lit._ZN7sensesp18StatusPageItemBaseD5Ev                                                                                                                                                                                                                                                                                                   0            0
.xt.lit._ZNSt12__shared_ptrIN7sensesp15WiFiProvisionerELN9__gnu_cxx12_Lock_policyE2EEC5ERKS4_                                                                                                                                                                                                                                                 8            0
.xt.lit._ZN7sensesp9SKEmitter15as_signalk_jsonERN11ArduinoJson8V743PB2212JsonDocumentE                                                                                                                                                                                                                                                        8            0
.xt.lit._ZNSt8functionIFvvEEC5ERKS1_                                                                                                                                                                                                                                                                                                          0            0
.xt.lit._ZN7sensesp10Observable6attachESt8functionIFvvEE                                                                                                                                                                                                                                                                                      0            0
.xt.lit._ZNSt14_Fwd_list_baseIN7sensesp10Observable13ObserverEntryESaIS2_EED5Ev                                                                                                                                                                                                                                                               0            0
.xt.lit._ZN7sensesp13ValueProducerI6StringED5Ev                                                                                                                                                                                                                                                                                               8            0
.xt.lit._ZN7sensesp9TransformIiiED5Ev                                                                                                                                                                                                                                                                                                         8            0
.xt.lit._ZN7sensesp10IntegratorIiiED5Ev                                                                                                                                                                                                                                                                                                       8            0
.xt.lit._ZN7sensesp9SKEmitterD5Ev                                                                                                                                                                                                                                                                                                             8            0
.xt.lit._ZN7sensesp22SystemStatusControllerC5Ev                                                                                                                                                                                                                                                                                               8            0
.xt.lit._ZN7sensesp14StatusPageItemIfED5Ev                                                                                                                                                                                                                                                                                                    8            0
.xt.lit._ZN7sensesp14StatusPageItemIyED5Ev                                                                                                                                                                                                                                                                                                    8            0
.xt.lit._ZN7sensesp14StatusPageItemItED5Ev                                                                                                                                                                                                                                                                                                    8            0
.xt.lit._ZN7sensesp14StatusPageItemIaED5Ev                                                                                                                                                                                                                                                                                                    8            0
.xt.lit._ZN7sensesp14StatusPageItemIiED5Ev                                                                                                                                                                                                                                                                                                    8            0
.xt.lit._ZN7sensesp15ObservableValueIaED5Ev                                                                                                                                                                                                                                                                                                   8            0
.xt.lit._ZN7sensesp15ObservableValueItED5Ev                                                                                                                                                                                                                                                                                                   8            0
.xt.lit._ZN7sensesp15ObservableValueIyED5Ev                                                                                                                                                                                                                                                                                                   8            0
.xt.lit._ZN7sensesp15ObservableValueIfED5Ev                                                                                                                                                                                                                                                                                                   8            0
.xt.lit._ZN7sensesp15ObservableValueINS_19SKWSConnectionStateEED5Ev                                                                                                                                                                                                                                                                           8            0
.xt.lit._ZN7sensesp15ObservableValueIiED5Ev                                                                                                                                                                                                                                                                                                   8            0
.xt.lit._ZN7sensesp15ObservableValueI6StringED5Ev                                                                                                                                                                                                                                                                                             8            0
.xt.lit._ZN7sensesp14StatusPageItemI6StringED5Ev                                                                                                                                                                                                                                                                                              8            0
.xt.lit._ZN7sensesp9TransformI6StringS1_ED5Ev                                                                                                                                                                                                                                                                                                 8            0
.xt.lit._ZN7sensesp18SymmetricTransformI6StringED5Ev                                                                                                                                                                                                                                                                                          8            0
.xt.lit._ZNKSt8functionIFvvEEclEv                                                                                                                                                                                                                                                                                                             0            0
.xt.lit._ZN7sensesp10Observable6notifyEv                                                                                                                                                                                                                                                                                                      0            0
.xt.lit._ZN7sensesp10IntegratorIiiE3setERKi                                                                                                                                                                                                                                                                                                   0            0
.xt.lit._ZN7sensesp8SKOutputIbE3setERKb                                                                                                                                                                                                                                                                                                       0            0
.xt.lit._ZN7sensesp15ObservableValueIfE3setERKf                                                                                                                                                                                                                                                                                               0            0
.xt.lit._ZN7sensesp15ObservableValueINS_19SKWSConnectionStateEE3setERKS1_                                                                                                                                                                                                                                                                     0            0
.xt.lit._ZNSt17_Function_handlerIFvvEZN7sensesp10SensESPApp5setupEvEUlvE_E9_M_invokeERKSt9_Any_data                                                                                                                                                                                                                                           0            0
.xt.lit._ZN7sensesp15ObservableValueIyE3setERKy                                                                                                                                                                                                                                                                                               0            0
.xt.lit._ZN7sensesp15ObservableValueItE3setERKt                                                                                                                                                                                                                                                                                               0            0
.xt.lit._ZN7sensesp22SystemStatusController12update_stateENS_12SystemStatusE                                                                                                                                                                                                                                                                  0            0
.xt.lit._ZNSt17_Function_handlerIFvN7sensesp9WiFiStateEENS0_22SystemStatusController20wifi_state_consumer_MUlRKS1_E_EE9_M_invokeERKSt9_Any_dataOS1_                                                                                                                                                                                           0            0
.xt.lit._ZNSt17_Function_handlerIFvN7sensesp19SKWSConnectionStateEENS0_22SystemStatusController29ws_connection_state_consumer_MUlRKS1_E_EE9_M_invokeERKSt9_Any_dataOS1_                                                                                                                                                                       0            0
.xt.lit._ZN7sensesp8SKOutputIfE3setERKf                                                                                                                                                                                                                                                                                                       0            0
.xt.lit._ZN7sensesp15ObservableValueIaE3setERKa                                                                                                                                                                                                                                                                                               0            0
.xt.lit._ZN7sensesp15ObservableValueIiE3setERKi                                                                                                                                                                                                                                                                                               0            0
.xt.lit._ZN7sensesp13ValueProducerI6StringEC5Ev                                                                                                                                                                                                                                                                                               0            0
.xt.lit._ZNSt10unique_ptrIN10ace_button9AceButtonESt14default_deleteIS1_EED5Ev                                                                                                                                                                                                                                                                0            0
.xt.lit._ZNSt23_Sp_counted_ptr_inplaceIN7sensesp13ButtonHandlerESaIS1_ELN9__gnu_cxx12_Lock_policyE2EE10_M_disposeEv                                                                                                                                                                                                                           8            0
.xt.lit._ZNSt6vectorIN7sensesp18LEDPatternFragmentESaIS1_EED5Ev                                                                                                                                                                                                                                                                               0            0
.xt.lit._ZN7sensesp10LEDBlinker4tickEv                                                                                                                                                                                                                                                                                                        8            0
.xt.lit._ZNSt17_Function_handlerIFvvEZN7sensesp19BaseSystemStatusLedC4EvEUlvE0_E9_M_invokeERKSt9_Any_data                                                                                                                                                                                                                                     0            0
.xt.lit._ZNSt6vectorIN7sensesp18LEDPatternFragmentESaIS1_EEC5ERKS3_                                                                                                                                                                                                                                                                           8            0
.xt.lit._ZN7sensesp13ValueProducerIiE10connect_toINS_14StatusPageItemIiEEEENSt9enable_ifIXaasrSt10is_base_ofINS_13ValueConsumerINT_10input_typeEEES8_E5valuesrSt14is_convertibleIiS9_E5valueEPS8_E4typeESE_                                                                                                                                   8            0
.xt.lit._ZN7sensesp10SensESPApp25connect_status_page_itemsEv                                                                                                                                                                                                                                                                                  8            0
.xt.lit._ZNSt14__shared_countILN9__gnu_cxx12_Lock_policyE2EED5Ev                                                                                                                                                                                                                                                                              8            0
.xt.lit._ZN7sensesp17SensESPAppBuilderD5Ev                                                                                                                                                                                                                                                                                                    8            0
.xt.lit._ZN7sensesp14SensESPBaseApp12get_hostnameEv                                                                                                                                                                                                                                                                                           0            0
.xt.lit._ZN7sensesp10HTTPServer20set_auth_credentialsERK6StringS3_b                                                                                                                                                                                                                                                                           8            0
.xt.lit._ZZN7sensesp3OTAC4EPKcENKUlvE_clEv                                                                                                                                                                                                                                                                                                    8            0
.xt.lit._ZNSt17_Function_handlerIFvvEZN7sensesp3OTAC4EPKcEUlvE_E9_M_invokeERKSt9_Any_data                                                                                                                                                                                                                                                     0            0
.xt.lit._ZN7sensesp3OTAC5EPKc                                                                                                                                                                                                                                                                                                                 8            0
.xt.lit._ZN7sensesp17BaseButtonHandlerC5Ei6String                                                                                                                                                                                                                                                                                             8            0
.xt.lit._ZSt11make_sharedIN7sensesp13ButtonHandlerEJRiEESt10shared_ptrIT_EDpOT0_                                                                                                                                                                                                                                                              8            0
.xt.lit._ZN7sensesp8SKOutputI6StringED5Ev                                                                                                                                                                                                                                                                                                     8            0
.xt.lit._ZNSt14_Function_base13_Base_managerIZN7sensesp10SensESPApp5setupEvEUlvE_E10_M_managerERSt9_Any_dataRKS5_St18_Manager_operation                                                                                                                                                                                                       0            0
.xt.lit._ZNSt23_Sp_counted_ptr_inplaceIN7sensesp8SKOutputI6StringEESaIS3_ELN9__gnu_cxx12_Lock_policyE2EE10_M_disposeEv                                                                                                                                                                                                                        0            0
.xt.lit._ZNSt12__shared_ptrIN7sensesp14ConfigItemBaseELN9__gnu_cxx12_Lock_policyE2EEaSERKS4_                                                                                                                                                                                                                                                  0            0
.xt.lit._ZN11ArduinoJson8V743PB226detail14MemoryPoolListINS1_15ResourceManager8SlotDataEE9allocSlotEPNS0_9AllocatorE                                                                                                                                                                                                                          0            0
.xt.lit._ZNSt8_Rb_treeIPN8reactesp10TimedEventES2_St9_IdentityIS2_ENS0_18TriggerTimeCompareESaIS2_EE8_M_eraseEPSt13_Rb_tree_nodeIS2_E                                                                                                                                                                                                         0            0
.xt.lit._ZN7sensesp14SensESPBaseAppC5Ev                                                                                                                                                                                                                                                                                                       8            0
.xt.lit._ZNSt23_Sp_counted_ptr_inplaceIN8reactesp9EventLoopESaIS1_ELN9__gnu_cxx12_Lock_policyE2EE10_M_disposeEv                                                                                                                                                                                                                               0            0
.xt.lit._ZNSt12__shared_ptrIN7sensesp14SensESPBaseAppELN9__gnu_cxx12_Lock_policyE2EEaSEOS4_                                                                                                                                                                                                                                                   0            0
.xt.lit._ZN7sensesp14SensESPBaseApp7destroyEv                                                                                                                                                                                                                                                                                                 8            0
.xt.lit._ZN7sensesp14SensESPBaseAppD5Ev                                                                                                                                                                                                                                                                                                       0            0
.xt.lit._ZNSt11_Deque_baseIN7sensesp19SKWSConnectionStateESaIS1_EED5Ev                                                                                                                                                                                                                                                                        0            0
.xt.lit._ZNSt5dequeIN7sensesp19SKWSConnectionStateESaIS1_EED5Ev                                                                                                                                                                                                                                                                               0            0
.xt.lit._ZN7sensesp17TaskQueueProducerINS_19SKWSConnectionStateEED5Ev                                                                                                                                                                                                                                                                         8            0
.xt.lit._ZN7sensesp15ObservableValueIiEC5ERKi                                                                                                                                                                                                                                                                                                 8            0
.xt.lit._ZNSt11_Deque_baseIiSaIiEED5Ev                                                                                                                                                                                                                                                                                                        0            0
.xt.lit._ZNSt5dequeIiSaIiEED5Ev                                                                                                                                                                                                                                                                                                               0            0
.xt.lit._ZN7sensesp17TaskQueueProducerIiED5Ev                                                                                                                                                                                                                                                                                                 8            0
.xt.lit._ZN7sensesp10SKWSClientD5Ev                                                                                                                                                                                                                                                                                                           8            0
.xt.lit._ZNSt7__cxx1110_List_baseIN7sensesp9NonceDataESaIS2_EE8_M_clearEv                                                                                                                                                                                                                                                                     0            0
.xt.lit._ZNSt7__cxx1110_List_baseISt10shared_ptrIN7sensesp18HTTPRequestHandlerEESaIS4_EE8_M_clearEv                                                                                                                                                                                                                                           0            0
.xt.lit._ZN7sensesp10HTTPServerC5EiRK6String                                                                                                                                                                                                                                                                                                  8            0
.xt.lit._ZN11ArduinoJson8V743PB229ConverterI6StringvE9checkJsonENS0_16JsonVariantConstE                                                                                                                                                                                                                                                       0            0
.xt.lit._ZNSt7__cxx1110_List_baseIN7sensesp10LEDPatternESaIS2_EE8_M_clearEv                                                                                                                                                                                                                                                                   0            0
.xt.lit._ZNSt10unique_ptrIN7sensesp10LEDBlinkerESt14default_deleteIS1_EED5Ev                                                                                                                                                                                                                                                                  0            0
.xt.lit._ZNSt23_Sp_counted_ptr_inplaceIN7sensesp15SystemStatusLedESaIS1_ELN9__gnu_cxx12_Lock_policyE2EE10_M_disposeEv                                                                                                                                                                                                                         8            0
.xt.lit._ZN7sensesp19BaseSystemStatusLedC5Ev                                                                                                                                                                                                                                                                                                  8            0
.xt.lit._ZNSt8_Rb_treeIhSt4pairIKhaESt10_Select1stIS2_ESt4lessIhESaIS2_EE8_M_eraseEPSt13_Rb_tree_nodeIS2_E                                                                                                                                                                                                                                    0            0
.xt.lit._ZN7sensesp9PWMOutput3setERKf                                                                                                                                                                                                                                                                                                         8            0
.xt.lit._ZN7sensesp15SystemStatusLed4showEv                                                                                                                                                                                                                                                                                                   8            0
.xt.lit._ZNKSt3mapI6StringPN7sensesp18StatusPageItemBaseESt4lessIS0_ESaISt4pairIKS0_S3_EEE5countERS7_                                                                                                                                                                                                                                         0            0
.xt.lit._ZN7sensesp15ObservableValueIaEC5ERKa                                                                                                                                                                                                                                                                                                 8            0
.xt.lit._ZNSt12__shared_ptrIN7sensesp10SensESPAppELN9__gnu_cxx12_Lock_policyE2EEaSEOS4_                                                                                                                                                                                                                                                       0            0
.xt.lit._ZN7sensesp10SensESPApp7destroyEv                                                                                                                                                                                                                                                                                                     8            0
.xt.lit._ZN7sensesp13ValueProducerI6StringE4emitERKS1_                                                                                                                                                                                                                                                                                        0            0
.xt.lit._ZN7sensesp8SKOutputI6StringE3setERKS1_                                                                                                                                                                                                                                                                                               0            0
.xt.lit._ZN7sensesp15ObservableValueI6StringE3setERKS1_                                                                                                                                                                                                                                                                                       0            0
.xt.lit._ZN7sensesp25PersistingObservableValueI6StringE3setERKS1_                                                                                                                                                                                                                                                                             0            0
.xt.lit._ZZN7sensesp10SensESPApp25connect_status_page_itemsEvENKUlvE_clEv                                                                                                                                                                                                                                                                     8            0
.xt.lit._ZNSt17_Function_handlerIFvvEZN7sensesp10SensESPApp25connect_status_page_itemsEvEUlvE_E9_M_invokeERKSt9_Any_data                                                                                                                                                                                                                      0            0
.xt.lit._ZNSt17_Function_handlerIFvvEZN7sensesp25PersistingObservableValueI6StringEC4ERKS3_S3_EUlvE_E9_M_invokeERKSt9_Any_data                                                                                                                                                                                                                0            0
.xt.lit._ZNSt12__shared_ptrIN7sensesp8SKOutputIfEELN9__gnu_cxx12_Lock_policyE2EEaSEOS5_                                                                                                                                                                                                                                                       0            0
.xt.lit._ZNSt12__shared_ptrIN7sensesp8SKOutputIbEELN9__gnu_cxx12_Lock_policyE2EEaSEOS5_                                                                                                                                                                                                                                                       0            0
.xt.lit._ZN7sensesp13ValueProducerI6StringEC5ERKS1_                                                                                                                                                                                                                                                                                           0            0
.xt.lit._ZN7sensesp15ObservableValueI6StringEC5ERKS1_                                                                                                                                                                                                                                                                                         8            0
.xt.lit._ZN7sensesp25PersistingObservableValueI6StringEC5ERKS1_S1_                                                                                                                                                                                                                                                                            8            0
.xt.lit._ZN7sensesp9TransformI6StringS1_EC5ES1_                                                                                                                                                                                                                                                                                               0            0
.xt.lit._ZN7sensesp18SymmetricTransformI6StringEC5ES1_                                                                                                                                                                                                                                                                                        0            0
.xt.lit._ZN7sensesp8SKOutputI6StringEC5ES1_S1_St10shared_ptrINS_10SKMetadataEE                                                                                                                                                                                                                                                                0            0
.xt.lit._ZNSt8_Rb_treeIhSt4pairIKhaESt10_Select1stIS2_ESt4lessIhESaIS2_EE24_M_get_insert_unique_posERS1_                                                                                                                                                                                                                                      8            0
.xt.lit._ZNSt8_Rb_treeIhSt4pairIKhaESt10_Select1stIS2_ESt4lessIhESaIS2_EE29_M_get_insert_hint_unique_posESt23_Rb_tree_const_iteratorIS2_ERS1_                                                                                                                                                                                                 8            0
.xt.lit._ZN7sensesp9PWMOutput14assign_channelEii                                                                                                                                                                                                                                                                                              8            0
.xt.lit._ZN7sensesp10SensESPAppD5Ev                                                                                                                                                                                                                                                                                                           8            0
.xt.lit._ZNSt15_Sp_counted_ptrIPN7sensesp10SensESPAppELN9__gnu_cxx12_Lock_policyE2EE10_M_disposeEv                                                                                                                                                                                                                                            0            0
.xt.lit._ZNSt14__shared_countILN9__gnu_cxx12_Lock_policyE2EEC5IPN7sensesp10SensESPAppEEET_                                                                                                                                                                                                                                                    8            0
.xt.lit._ZN7sensesp10SKMetadataD5Ev                                                                                                                                                                                                                                                                                                           8            0
.xt.lit._ZNSt15_Sp_counted_ptrIPN7sensesp10SKMetadataELN9__gnu_cxx12_Lock_policyE2EE10_M_disposeEv                                                                                                                                                                                                                                            0            0
.xt.lit._ZNSt23_Sp_counted_ptr_inplaceIN7sensesp10SKMetadataESaIS1_ELN9__gnu_cxx12_Lock_policyE2EE10_M_disposeEv                                                                                                                                                                                                                              0            0
.xt.lit._ZNSt14__shared_countILN9__gnu_cxx12_Lock_policyE2EEC5IPN7sensesp10SKMetadataEEET_                                                                                                                                                                                                                                                    8            0
.xt.lit._ZN7sensesp8SKOutputI6StringEC5ES1_S1_PNS_10SKMetadataE                                                                                                                                                                                                                                                                               0            0
.xt.lit._ZNSt8_Rb_treeI6StringSt4pairIKS0_St10shared_ptrIN7sensesp14ConfigItemBaseEEESt10_Select1stIS7_ESt4lessIS0_ESaIS7_EE24_M_get_insert_unique_posERS2_                                                                                                                                                                                   0            0
.xt.lit._ZNSt8_Rb_treeI6StringSt4pairIKS0_St10shared_ptrIN7sensesp14ConfigItemBaseEEESt10_Select1stIS7_ESt4lessIS0_ESaIS7_EE29_M_get_insert_hint_unique_posESt23_Rb_tree_const_iteratorIS7_ERS2_                                                                                                                                              0            0
.xt.lit._ZNSt8_Rb_treeI6StringSt4pairIKS0_St10shared_ptrIN7sensesp14ConfigItemBaseEEESt10_Select1stIS7_ESt4lessIS0_ESaIS7_EE22_M_emplace_hint_uniqueIJRKSt21piecewise_construct_tSt5tupleIJRS2_EESI_IJEEEEESt17_Rb_tree_iteratorIS7_ESt23_Rb_tree_const_iteratorIS7_EDpOT_                                                                    0            0
.xt.lit._ZNSt3mapI6StringSt10shared_ptrIN7sensesp14ConfigItemBaseEESt4lessIS0_ESaISt4pairIKS0_S4_EEEixERS8_                                                                                                                                                                                                                                   8            0
.xt.lit._ZN11ArduinoJson8V743PB226detail11parseNumberIiEET_PKc                                                                                                                                                                                                                                                                                8            0
.xt.lit._ZNK11ArduinoJson8V743PB226detail11VariantData10asIntegralIiEET_PKNS1_15ResourceManagerE                                                                                                                                                                                                                                              8            0
.xt.lit._ZNSt8_Rb_treeI6StringSt4pairIKS0_PN7sensesp18StatusPageItemBaseEESt10_Select1stIS6_ESt4lessIS0_ESaIS6_EE24_M_get_insert_unique_posERS2_                                                                                                                                                                                              0            0
.xt.lit._ZNSt8_Rb_treeI6StringSt4pairIKS0_PN7sensesp18StatusPageItemBaseEESt10_Select1stIS6_ESt4lessIS0_ESaIS6_EE29_M_get_insert_hint_unique_posESt23_Rb_tree_const_iteratorIS6_ERS2_                                                                                                                                                         0            0
.xt.lit._ZNSt8_Rb_treeI6StringSt4pairIKS0_PN7sensesp18StatusPageItemBaseEESt10_Select1stIS6_ESt4lessIS0_ESaIS6_EE22_M_emplace_hint_uniqueIJRKSt21piecewise_construct_tSt5tupleIJRS2_EESH_IJEEEEESt17_Rb_tree_iteratorIS6_ESt23_Rb_tree_const_iteratorIS6_EDpOT_                                                                               0            0
.xt.lit._ZNSt3mapI6StringPN7sensesp18StatusPageItemBaseESt4lessIS0_ESaISt4pairIKS0_S3_EEEixERS7_                                                                                                                                                                                                                                              0            0
.xt.lit._ZN7sensesp14StatusPageItemIaEC5E6StringRKaS2_i                                                                                                                                                                                                                                                                                       8            0
.xt.lit._ZN7sensesp14StatusPageItemItEC5E6StringRKtS2_i                                                                                                                                                                                                                                                                                       8            0
.xt.lit._ZN7sensesp14StatusPageItemIiEC5E6StringRKiS2_i                                                                                                                                                                                                                                                                                       0            0
.xt.lit._ZN7sensesp14StatusPageItemIyEC5E6StringRKyS2_i                                                                                                                                                                                                                                                                                       8            0
.xt.lit._ZN7sensesp14StatusPageItemIfEC5E6StringRKfS2_i                                                                                                                                                                                                                                                                                       8            0
.xt.lit._ZN7sensesp14StatusPageItemI6StringEC5ES1_RKS1_S1_i                                                                                                                                                                                                                                                                                   0            0
.xt.lit._ZN7sensesp10SensESPAppC5Ev                                                                                                                                                                                                                                                                                                           8            0
.xt.lit._ZN7sensesp17SensESPAppBuilderC5Ev                                                                                                                                                                                                                                                                                                    8            0
.xt.lit._ZN7sensesp10SensESPApp3getEv                                                                                                                                                                                                                                                                                                         0            0
.xt.lit._ZN11ArduinoJson8V743PB2213convertToJsonI6StringEENS0_6detail9enable_ifIXsrNS3_8IsStringIT_vEE5valueEvE4typeERKS6_NS0_11JsonVariantE                                                                                                                                                                                                  0            0
.xt.lit._ZN7sensesp10IntegratorIiiE9from_jsonERKN11ArduinoJson8V743PB2210JsonObjectE                                                                                                                                                                                                                                                          8            0
.xt.lit._ZNK11ArduinoJson8V743PB226detail14VariantRefBaseINS1_11MemberProxyINS0_10JsonObjectENS1_9RamStringEEEE2asIbEET_v                                                                                                                                                                                                                     0            0
.xt.lit._ZNSt15__allocated_ptrISaISt23_Sp_counted_ptr_inplaceIN7sensesp8SKOutputIfEESaIS3_ELN9__gnu_cxx12_Lock_policyE2EEEED5Ev                                                                                                                                                                                                               0            0
.xt.lit._ZNSt23_Sp_counted_ptr_inplaceIN7sensesp8SKOutputIfEESaIS2_ELN9__gnu_cxx12_Lock_policyE2EE10_M_destroyEv                                                                                                                                                                                                                              0            0
.xt.lit._ZNSt15__allocated_ptrISaISt23_Sp_counted_ptr_inplaceIN7sensesp8SKOutputIbEESaIS3_ELN9__gnu_cxx12_Lock_policyE2EEEED5Ev                                                                                                                                                                                                               0            0
.xt.lit._ZNSt23_Sp_counted_ptr_inplaceIN7sensesp8SKOutputIbEESaIS2_ELN9__gnu_cxx12_Lock_policyE2EE10_M_destroyEv                                                                                                                                                                                                                              0            0
.xt.lit._ZN11ArduinoJson8V743PB226detail10ObjectData14getOrAddMemberINS1_9RamStringEEEPNS1_11VariantDataET_PNS1_15ResourceManagerE                                                                                                                                                                                                            0            0
.xt.lit._ZNK11ArduinoJson8V743PB226detail14VariantRefBaseINS1_11MemberProxyINS0_10JsonObjectENS1_9RamStringEEEE3setI6StringEEbRKT_                                                                                                                                                                                                            0            0
.xt.lit._ZN7sensesp25PersistingObservableValueI6StringE7to_jsonERN11ArduinoJson8V743PB2210JsonObjectE                                                                                                                                                                                                                                         8            0
.xt.lit._ZN7sensesp8SKOutputI6StringE7to_jsonERN11ArduinoJson8V743PB2210JsonObjectE                                                                                                                                                                                                                                                           8            0
.xt.lit._ZN7sensesp8SKOutputIbE7to_jsonERN11ArduinoJson8V743PB2210JsonObjectE                                                                                                                                                                                                                                                                 0            0
.xt.lit._ZN7sensesp8SKOutputIfE7to_jsonERN11ArduinoJson8V743PB2210JsonObjectE                                                                                                                                                                                                                                                                 0            0
.xt.lit._ZN7sensesp10HTTPServer7to_jsonERN11ArduinoJson8V743PB2210JsonObjectE                                                                                                                                                                                                                                                                 8            0
.xt.lit._ZN7sensesp10IntegratorIiiE7to_jsonERN11ArduinoJson8V743PB2210JsonObjectE                                                                                                                                                                                                                                                             0            0
.xt.lit._ZNK11ArduinoJson8V743PB226detail14VariantRefBaseINS1_11MemberProxyIRNS0_12JsonDocumentENS1_9RamStringEEEE18getOrCreateVariantEv                                                                                                                                                                                                      0            0
.xt.lit._ZNK11ArduinoJson8V743PB226detail14VariantRefBaseINS1_11MemberProxyIRNS0_12JsonDocumentENS1_9RamStringEEEE3setI6StringEEbRKT_                                                                                                                                                                                                         0            0
.xt.lit._ZN7sensesp8SKOutputI6StringE15as_signalk_jsonERN11ArduinoJson8V743PB2212JsonDocumentE                                                                                                                                                                                                                                                8            0
.xt.lit._ZN7sensesp14StatusPageItemIiE7as_jsonEv                                                                                                                                                                                                                                                                                              8            0
.xt.lit._ZN7sensesp14StatusPageItemI6StringE7as_jsonEv                                                                                                                                                                                                                                                                                        0            0
.xt.lit._ZN7sensesp14StatusPageItemIfE7as_jsonEv                                                                                                                                                                                                                                                                                              0            0
.xt.lit._ZN7sensesp14StatusPageItemIyE7as_jsonEv                                                                                                                                                                                                                                                                                              0            0
.xt.lit._ZN7sensesp14StatusPageItemItE7as_jsonEv                                                                                                                                                                                                                                                                                              0            0
.xt.lit._ZN7sensesp14StatusPageItemIaE7as_jsonEv                                                                                                                                                                                                                                                                                              0            0
.xt.lit._ZN7sensesp8SKOutputIbE15as_signalk_jsonERN11ArduinoJson8V743PB2212JsonDocumentE                                                                                                                                                                                                                                                      0            0
.xt.lit._ZN7sensesp8SKOutputIfE15as_signalk_jsonERN11ArduinoJson8V743PB2212JsonDocumentE                                                                                                                                                                                                                                                      0            0
.xt.lit._ZNK11ArduinoJson8V743PB226detail14VariantRefBaseINS1_11MemberProxyINS0_10JsonObjectENS1_9RamStringEEEE2asI6StringEET_v                                                                                                                                                                                                               0            0
.xt.lit._ZN7sensesp25PersistingObservableValueI6StringE9from_jsonERKN11ArduinoJson8V743PB2210JsonObjectE                                                                                                                                                                                                                                      0            0
.xt.lit._ZN7sensesp10HTTPServer9from_jsonERKN11ArduinoJson8V743PB2210JsonObjectE                                                                                                                                                                                                                                                              8            0
.xt.lit._ZN7sensesp8SKOutputI6StringE9from_jsonERKN11ArduinoJson8V743PB2210JsonObjectE                                                                                                                                                                                                                                                        0            0
.xt.lit._ZN7sensesp8SKOutputIbE9from_jsonERKN11ArduinoJson8V743PB2210JsonObjectE                                                                                                                                                                                                                                                              0            0
.xt.lit._ZN7sensesp8SKOutputIfE9from_jsonERKN11ArduinoJson8V743PB2210JsonObjectE                                                                                                                                                                                                                                                              0            0
.xt.lit._ZN7sensesp9TransformIffED5Ev                                                                                                                                                                                                                                                                                                         8            0
.xt.lit._ZN7sensesp18SymmetricTransformIfED5Ev                                                                                                                                                                                                                                                                                                8            0
.xt.lit._ZN7sensesp8SKOutputIfED5Ev                                                                                                                                                                                                                                                                                                           8            0
.xt.lit._ZNSt23_Sp_counted_ptr_inplaceIN7sensesp8SKOutputIfEESaIS2_ELN9__gnu_cxx12_Lock_policyE2EE10_M_disposeEv                                                                                                                                                                                                                              0            0
.xt.lit._ZN7sensesp9TransformIbbED5Ev                                                                                                                                                                                                                                                                                                         8            0
.xt.lit._ZN7sensesp18SymmetricTransformIbED5Ev                                                                                                                                                                                                                                                                                                8            0
.xt.lit._ZN7sensesp8SKOutputIbED5Ev                                                                                                                                                                                                                                                                                                           8            0
.xt.lit._ZNSt23_Sp_counted_ptr_inplaceIN7sensesp8SKOutputIbEESaIS2_ELN9__gnu_cxx12_Lock_policyE2EE10_M_disposeEv                                                                                                                                                                                                                              0            0
.xt.lit._ZN7sensesp14ConfigItemBaseD5Ev                                                                                                                                                                                                                                                                                                       0            0
.xt.lit._ZN7sensesp11ConfigItemTINS_25PersistingObservableValueI6StringEEEC5ESt10shared_ptrIS3_E                                                                                                                                                                                                                                              8            0
.xt.lit._ZNSt10__weak_ptrIN7sensesp14ConfigItemBaseELN9__gnu_cxx12_Lock_policyE2EE9_M_assignEPS1_RKSt14__shared_countILS3_2EE                                                                                                                                                                                                                 8            0
.xt.lit._ZN7sensesp10ConfigItemINS_25PersistingObservableValueI6StringEEEESt10shared_ptrINS_11ConfigItemTIT_EEES4_IS6_E                                                                                                                                                                                                                       8            0
.xt.lit._ZN7sensesp14SensESPBaseApp13init_hostnameERK6String                                                                                                                                                                                                                                                                                  8            0
.xt.lit._ZN7sensesp14SensESPBaseApp5setupEv                                                                                                                                                                                                                                                                                                   0            0
.xt.lit._ZN7sensesp17SensESPAppBuilder12set_hostnameE6String                                                                                                                                                                                                                                                                                  0            0
.xt.lit._ZN7sensesp11ConfigItemTINS_15WiFiProvisionerEEC5ESt10shared_ptrIS1_E                                                                                                                                                                                                                                                                 8            0
.xt.lit._ZN7sensesp10ConfigItemINS_15WiFiProvisionerEEESt10shared_ptrINS_11ConfigItemTIT_EEES2_IS4_E                                                                                                                                                                                                                                          8            0
.xt.lit._ZN7sensesp11ConfigItemTINS_10HTTPServerEEC5ESt10shared_ptrIS1_E                                                                                                                                                                                                                                                                      8            0
.xt.lit._ZN7sensesp10ConfigItemINS_10HTTPServerEEESt10shared_ptrINS_11ConfigItemTIT_EEES2_IS4_E                                                                                                                                                                                                                                               8            0
.xt.lit._ZN7sensesp11ConfigItemTINS_10SKWSClientEEC5ESt10shared_ptrIS1_E                                                                                                                                                                                                                                                                      8            0
.xt.lit._ZN7sensesp10ConfigItemINS_10SKWSClientEEESt10shared_ptrINS_11ConfigItemTIT_EEES2_IS4_E                                                                                                                                                                                                                                               8            0
.xt.lit._ZN7sensesp10SensESPApp5setupEv                                                                                                                                                                                                                                                                                                       8            0
.xt.lit._ZN7sensesp11ConfigItemTI13SettingsStoreEC5ESt10shared_ptrIS1_E                                                                                                                                                                                                                                                                       8            0
.xt.lit._ZN7sensesp10ConfigItemI13SettingsStoreEESt10shared_ptrINS_11ConfigItemTIT_EEES2_IS4_E                                                                                                                                                                                                                                                8            0
.xt.lit._ZN7sensesp11ConfigItemTI22CerboMqttSettingsStoreEC5ESt10shared_ptrIS1_E                                                                                                                                                                                                                                                              8            0
.xt.lit._ZN7sensesp10ConfigItemI22CerboMqttSettingsStoreEESt10shared_ptrINS_11ConfigItemTIT_EEES2_IS4_E                                                                                                                                                                                                                                       8            0
.xt.lit._ZNSt12__weak_countILN9__gnu_cxx12_Lock_policyE2EED5Ev                                                                                                                                                                                                                                                                                0            0
.xt.lit._ZN7sensesp9TransformIffEC5E6String                                                                                                                                                                                                                                                                                                   8            0
.xt.lit._ZN7sensesp18SymmetricTransformIfEC5E6String                                                                                                                                                                                                                                                                                          0            0
.xt.lit._ZN7sensesp8SKOutputIfEC5E6StringS2_St10shared_ptrINS_10SKMetadataEE                                                                                                                                                                                                                                                                  0            0
.xt.lit._ZN7sensesp8SKOutputIfEC5E6StringS2_PNS_10SKMetadataE                                                                                                                                                                                                                                                                                 0            0
.xt.lit._ZN7sensesp9TransformIbbEC5E6String                                                                                                                                                                                                                                                                                                   8            0
.xt.lit._ZN7sensesp18SymmetricTransformIbEC5E6String                                                                                                                                                                                                                                                                                          0            0
.xt.lit._ZN7sensesp8SKOutputIbEC5E6StringS2_St10shared_ptrINS_10SKMetadataEE                                                                                                                                                                                                                                                                  0            0
.xt.lit._ZN7sensesp8SKOutputIbEC5E6StringS2_PNS_10SKMetadataE                                                                                                                                                                                                                                                                                 0            0
.xt.lit._ZN7sensesp12ConfigSchemaI6StringEEKS1_RKNS_25PersistingObservableValueIT_EE                                                                                                                                                                                                                                                          8            0
.xt.lit._ZNK7sensesp11ConfigItemTINS_25PersistingObservableValueI6StringEEE25get_default_config_schemaEv                                                                                                                                                                                                                                      0            0
.xt.lit._ZN7sensesp11ConfigItemTI22CerboMqttSettingsStoreED5Ev                                                                                                                                                                                                                                                                                0            0
.xt.lit._ZNSt23_Sp_counted_ptr_inplaceIN7sensesp11ConfigItemTI22CerboMqttSettingsStoreEESaIS3_ELN9__gnu_cxx12_Lock_policyE2EE10_M_disposeEv                                                                                                                                                                                                   0            0
.xt.lit._ZN7sensesp11ConfigItemTI13SettingsStoreED5Ev                                                                                                                                                                                                                                                                                         0            0
.xt.lit._ZNSt23_Sp_counted_ptr_inplaceIN7sensesp11ConfigItemTI13SettingsStoreEESaIS3_ELN9__gnu_cxx12_Lock_policyE2EE10_M_disposeEv                                                                                                                                                                                                            0            0
.xt.lit._ZN7sensesp11ConfigItemTINS_10SKWSClientEED5Ev                                                                                                                                                                                                                                                                                        0            0
.xt.lit._ZNSt23_Sp_counted_ptr_inplaceIN7sensesp11ConfigItemTINS0_10SKWSClientEEESaIS3_ELN9__gnu_cxx12_Lock_policyE2EE10_M_disposeEv                                                                                                                                                                                                          0            0
.xt.lit._ZN7sensesp11ConfigItemTINS_10HTTPServerEED5Ev                                                                                                                                                                                                                                                                                        0            0
.xt.lit._ZNSt23_Sp_counted_ptr_inplaceIN7sensesp11ConfigItemTINS0_10HTTPServerEEESaIS3_ELN9__gnu_cxx12_Lock_policyE2EE10_M_disposeEv                                                                                                                                                                                                          0            0
.xt.lit._ZN7sensesp11ConfigItemTINS_15WiFiProvisionerEED5Ev                                                                                                                                                                                                                                                                                   0            0
.xt.lit._ZNSt23_Sp_counted_ptr_inplaceIN7sensesp11ConfigItemTINS0_15WiFiProvisionerEEESaIS3_ELN9__gnu_cxx12_Lock_policyE2EE10_M_disposeEv                                                                                                                                                                                                     0            0
.xt.lit._ZN7sensesp11ConfigItemTINS_25PersistingObservableValueI6StringEEED5Ev                                                                                                                                                                                                                                                                0            0
.xt.lit._ZNSt23_Sp_counted_ptr_inplaceIN7sensesp11ConfigItemTINS0_25PersistingObservableValueI6StringEEEESaIS5_ELN9__gnu_cxx12_Lock_policyE2EE10_M_disposeEv                                                                                                                                                                                  0            0
.xt.lit._ZN22CerboMqttSettingsStoreD5Ev                                                                                                                                                                                                                                                                                                       0            0
.xt.lit._ZNSt23_Sp_counted_ptr_inplaceI22CerboMqttSettingsStoreSaIS0_ELN9__gnu_cxx12_Lock_policyE2EE10_M_disposeEv                                                                                                                                                                                                                            0            0
.xt.lit._ZN13SettingsStoreD5Ev                                                                                                                                                                                                                                                                                                                8            0
.xt.lit._ZNSt23_Sp_counted_ptr_inplaceI13SettingsStoreSaIS0_ELN9__gnu_cxx12_Lock_policyE2EE10_M_disposeEv                                                                                                                                                                                                                                     0            0
.xt.lit._ZNSt23_Sp_counted_ptr_inplaceIN7sensesp10SKWSClientESaIS1_ELN9__gnu_cxx12_Lock_policyE2EE10_M_disposeEv                                                                                                                                                                                                                              0            0
.xt.lit._ZN7sensesp10HTTPServerD5Ev                                                                                                                                                                                                                                                                                                           0            0
.xt.lit._ZNSt23_Sp_counted_ptr_inplaceIN7sensesp10HTTPServerESaIS1_ELN9__gnu_cxx12_Lock_policyE2EE10_M_disposeEv                                                                                                                                                                                                                              0            0
.xt.lit._ZN7sensesp22SystemStatusControllerD5Ev                                                                                                                                                                                                                                                                                               8            0
.xt.lit._ZNSt23_Sp_counted_ptr_inplaceIN7sensesp22SystemStatusControllerESaIS1_ELN9__gnu_cxx12_Lock_policyE2EE10_M_disposeEv                                                                                                                                                                                                                  0            0
.xt.lit._ZN7sensesp25PersistingObservableValueI6StringED5Ev                                                                                                                                                                                                                                                                                   0            0
.xt.lit._ZNSt23_Sp_counted_ptr_inplaceIN7sensesp25PersistingObservableValueI6StringEESaIS3_ELN9__gnu_cxx12_Lock_policyE2EE10_M_disposeEv                                                                                                                                                                                                      0            0
.xt.lit._ZNSt12__shared_ptrIN7sensesp10SKMetadataELN9__gnu_cxx12_Lock_policyE2EEaSEOS4_                                                                                                                                                                                                                                                       0            0
.xt.lit._ZNSt12__shared_ptrIN7sensesp10SKMetadataELN9__gnu_cxx12_Lock_policyE2EEC5ISaIS1_EJRS1_EEESt20_Sp_alloc_shared_tagIT_EDpOT0_                                                                                                                                                                                                          8            0
.xt.lit._ZN7sensesp8SKOutputIbE12set_metadataEPNS_10SKMetadataE                                                                                                                                                                                                                                                                               0            0
.xt.lit._ZN7sensesp8SKOutputIfE12set_metadataEPNS_10SKMetadataE                                                                                                                                                                                                                                                                               0            0
.xt.lit._ZN7sensesp8SKOutputI6StringE12set_metadataEPNS_10SKMetadataE                                                                                                                                                                                                                                                                         0            0
.xt.prop._ZN7sensesp20MinimalButtonHandler22handle_very_long_pressEv                                                                                                                                                                                                                                                                         48            0
.xt.prop._ZNSt23_Sp_counted_ptr_inplaceIN7sensesp11ConfigItemTI22CerboMqttSettingsStoreEESaIS3_ELN9__gnu_cxx12_Lock_policyE2EE14_M_get_deleterERKSt9type_info                                                                                                                                                                                48            0
.xt.prop._ZNSt23_Sp_counted_ptr_inplaceIN7sensesp11ConfigItemTI13SettingsStoreEESaIS3_ELN9__gnu_cxx12_Lock_policyE2EE14_M_get_deleterERKSt9type_info                                                                                                                                                                                         36            0
.xt.prop._ZNSt23_Sp_counted_ptr_inplaceIN7sensesp11ConfigItemTINS0_10SKWSClientEEESaIS3_ELN9__gnu_cxx12_Lock_policyE2EE14_M_get_deleterERKSt9type_info                                                                                                                                                                                       36            0
.xt.prop._ZNSt23_Sp_counted_ptr_inplaceIN7sensesp11ConfigItemTINS0_10HTTPServerEEESaIS3_ELN9__gnu_cxx12_Lock_policyE2EE14_M_get_deleterERKSt9type_info                                                                                                                                                                                       36            0
.xt.prop._ZNSt23_Sp_counted_ptr_inplaceIN7sensesp11ConfigItemTINS0_15WiFiProvisionerEEESaIS3_ELN9__gnu_cxx12_Lock_policyE2EE14_M_get_deleterERKSt9type_info                                                                                                                                                                                  36            0
.xt.prop._ZNSt23_Sp_counted_ptr_inplaceIN7sensesp11ConfigItemTINS0_25PersistingObservableValueI6StringEEEESaIS5_ELN9__gnu_cxx12_Lock_policyE2EE14_M_get_deleterERKSt9type_info                                                                                                                                                               36            0
.xt.prop._ZNSt23_Sp_counted_ptr_inplaceIN7sensesp8SKOutputI6StringEESaIS3_ELN9__gnu_cxx12_Lock_policyE2EE14_M_get_deleterERKSt9type_info                                                                                                                                                                                                     36            0
.xt.prop._ZNSt23_Sp_counted_ptr_inplaceIN7sensesp8SKOutputIbEESaIS2_ELN9__gnu_cxx12_Lock_policyE2EE14_M_get_deleterERKSt9type_info                                                                                                                                                                                                           36            0
.xt.prop._ZNSt23_Sp_counted_ptr_inplaceIN7sensesp8SKOutputIfEESaIS2_ELN9__gnu_cxx12_Lock_policyE2EE14_M_get_deleterERKSt9type_info                                                                                                                                                                                                           36            0
.xt.prop._ZNSt23_Sp_counted_ptr_inplaceI22CerboMqttSettingsStoreSaIS0_ELN9__gnu_cxx12_Lock_policyE2EE14_M_get_deleterERKSt9type_info                                                                                                                                                                                                         36            0
.xt.prop._ZNSt23_Sp_counted_ptr_inplaceI13SettingsStoreSaIS0_ELN9__gnu_cxx12_Lock_policyE2EE14_M_get_deleterERKSt9type_info                                                                                                                                                                                                                  36            0
.xt.prop._ZNSt23_Sp_counted_ptr_inplaceIN7sensesp13ButtonHandlerESaIS1_ELN9__gnu_cxx12_Lock_policyE2EE14_M_get_deleterERKSt9type_info                                                                                                                                                                                                        36            0
.xt.prop._ZNSt23_Sp_counted_ptr_inplaceIN7sensesp15SystemStatusLedESaIS1_ELN9__gnu_cxx12_Lock_policyE2EE14_M_get_deleterERKSt9type_info                                                                                                                                                                                                      36            0
.xt.prop._ZNSt23_Sp_counted_ptr_inplaceIN7sensesp13MDNSDiscoveryESaIS1_ELN9__gnu_cxx12_Lock_policyE2EE14_M_get_deleterERKSt9type_info                                                                                                                                                                                                        36            0
.xt.prop._ZNSt23_Sp_counted_ptr_inplaceIN7sensesp10SKWSClientESaIS1_ELN9__gnu_cxx12_Lock_policyE2EE14_M_get_deleterERKSt9type_info                                                                                                                                                                                                           36            0
.xt.prop._ZNSt23_Sp_counted_ptr_inplaceIN7sensesp12SKDeltaQueueESaIS1_ELN9__gnu_cxx12_Lock_policyE2EE14_M_get_deleterERKSt9type_info                                                                                                                                                                                                         36            0
.xt.prop._ZNSt23_Sp_counted_ptr_inplaceIN7sensesp10HTTPServerESaIS1_ELN9__gnu_cxx12_Lock_policyE2EE14_M_get_deleterERKSt9type_info                                                                                                                                                                                                           36            0
.xt.prop._ZNSt23_Sp_counted_ptr_inplaceIN7sensesp3OTAESaIS1_ELN9__gnu_cxx12_Lock_policyE2EE14_M_get_deleterERKSt9type_info                                                                                                                                                                                                                   36            0
.xt.prop._ZNSt23_Sp_counted_ptr_inplaceIN7sensesp15WiFiProvisionerESaIS1_ELN9__gnu_cxx12_Lock_policyE2EE14_M_get_deleterERKSt9type_info                                                                                                                                                                                                      36            0
.xt.prop._ZNSt23_Sp_counted_ptr_inplaceIN7sensesp20NetworkStateProducerESaIS1_ELN9__gnu_cxx12_Lock_policyE2EE14_M_get_deleterERKSt9type_info                                                                                                                                                                                                 36            0
.xt.prop._ZNSt23_Sp_counted_ptr_inplaceIN7sensesp22SystemStatusControllerESaIS1_ELN9__gnu_cxx12_Lock_policyE2EE14_M_get_deleterERKSt9type_info                                                                                                                                                                                               36            0
.xt.prop._ZNSt23_Sp_counted_ptr_inplaceIN7sensesp25PersistingObservableValueI6StringEESaIS3_ELN9__gnu_cxx12_Lock_policyE2EE14_M_get_deleterERKSt9type_info                                                                                                                                                                                   36            0
.xt.prop._ZNSt23_Sp_counted_ptr_inplaceIN8reactesp9EventLoopESaIS1_ELN9__gnu_cxx12_Lock_policyE2EE14_M_get_deleterERKSt9type_info                                                                                                                                                                                                            36            0
.xt.prop._ZNSt23_Sp_counted_ptr_inplaceIN7sensesp10FilesystemESaIS1_ELN9__gnu_cxx12_Lock_policyE2EE14_M_get_deleterERKSt9type_info                                                                                                                                                                                                           36            0
.xt.prop._ZNSt23_Sp_counted_ptr_inplaceIN7sensesp10SKMetadataESaIS1_ELN9__gnu_cxx12_Lock_policyE2EE14_M_get_deleterERKSt9type_info                                                                                                                                                                                                           36            0
.xt.prop._ZNK7sensesp11ConfigItemTINS_10SKWSClientEE25get_default_config_schemaEv                                                                                                                                                                                                                                                            48            0
.xt.prop._ZNK7sensesp11ConfigItemTINS_10HTTPServerEE25get_default_config_schemaEv                                                                                                                                                                                                                                                            48            0
.xt.prop._ZNK7sensesp11ConfigItemTINS_15WiFiProvisionerEE25get_default_config_schemaEv                                                                                                                                                                                                                                                       36            0
.xt.prop._ZN7sensesp14ConfigItemBaseC5Ev                                                                                                                                                                                                                                                                                                     12            0
.xt.prop._ZNSt23_Sp_counted_ptr_inplaceIN7sensesp3OTAESaIS1_ELN9__gnu_cxx12_Lock_policyE2EE10_M_disposeEv                                                                                                                                                                                                                                    36            0
.xt.prop._ZN7sensesp14SensESPBaseApp5startEv                                                                                                                                                                                                                                                                                                 48            0
.xt.prop._ZNSt15_Sp_counted_ptrIPN7sensesp10SKMetadataELN9__gnu_cxx12_Lock_policyE2EED5Ev                                                                                                                                                                                                                                                     0            0
.xt.prop._ZNSt15_Sp_counted_ptrIPN7sensesp10SKMetadataELN9__gnu_cxx12_Lock_policyE2EE10_M_destroyEv                                                                                                                                                                                                                                          36            0
.xt.prop._ZNSt15_Sp_counted_ptrIPN7sensesp10SensESPAppELN9__gnu_cxx12_Lock_policyE2EED5Ev                                                                                                                                                                                                                                                     0            0
.xt.prop._ZNSt15_Sp_counted_ptrIPN7sensesp10SensESPAppELN9__gnu_cxx12_Lock_policyE2EE10_M_destroyEv                                                                                                                                                                                                                                          36            0
.xt.prop._ZNSt23_Sp_counted_ptr_inplaceIN7sensesp12SKDeltaQueueESaIS1_ELN9__gnu_cxx12_Lock_policyE2EE10_M_disposeEv                                                                                                                                                                                                                          60            0
.xt.prop._ZNSt23_Sp_counted_ptr_inplaceIN7sensesp10FilesystemESaIS1_ELN9__gnu_cxx12_Lock_policyE2EED5Ev                                                                                                                                                                                                                                       0            0
.xt.prop._ZNSt23_Sp_counted_ptr_inplaceIN8reactesp9EventLoopESaIS1_ELN9__gnu_cxx12_Lock_policyE2EED5Ev                                                                                                                                                                                                                                        0            0
.xt.prop._ZNSt23_Sp_counted_ptr_inplaceIN7sensesp25PersistingObservableValueI6StringEESaIS3_ELN9__gnu_cxx12_Lock_policyE2EED5Ev                                                                                                                                                                                                               0            0
.xt.prop._ZNSt23_Sp_counted_ptr_inplaceIN7sensesp22SystemStatusControllerESaIS1_ELN9__gnu_cxx12_Lock_policyE2EED5Ev                                                                                                                                                                                                                           0            0
.xt.prop._ZNSt23_Sp_counted_ptr_inplaceIN7sensesp20NetworkStateProducerESaIS1_ELN9__gnu_cxx12_Lock_policyE2EED5Ev                                                                                                                                                                                                                             0            0
.xt.prop._ZNSt23_Sp_counted_ptr_inplaceIN7sensesp15WiFiProvisionerESaIS1_ELN9__gnu_cxx12_Lock_policyE2EED5Ev                                                                                                                                                                                                                                  0            0
.xt.prop._ZNSt23_Sp_counted_ptr_inplaceIN7sensesp3OTAESaIS1_ELN9__gnu_cxx12_Lock_policyE2EED5Ev                                                                                                                                                                                                                                               0            0
.xt.prop._ZNSt23_Sp_counted_ptr_inplaceIN7sensesp10HTTPServerESaIS1_ELN9__gnu_cxx12_Lock_policyE2EED5Ev                                                                                                                                                                                                                                       0            0
.xt.prop._ZNSt23_Sp_counted_ptr_inplaceIN7sensesp12SKDeltaQueueESaIS1_ELN9__gnu_cxx12_Lock_policyE2EED5Ev                                                                                                                                                                                                                                     0            0
.xt.prop._ZNSt23_Sp_counted_ptr_inplaceIN7sensesp10SKWSClientESaIS1_ELN9__gnu_cxx12_Lock_policyE2EED5Ev                                                                                                                                                                                                                                       0            0
.xt.prop._ZNSt23_Sp_counted_ptr_inplaceIN7sensesp13MDNSDiscoveryESaIS1_ELN9__gnu_cxx12_Lock_policyE2EED5Ev                                                                                                                                                                                                                                    0            0
.xt.prop._ZNSt23_Sp_counted_ptr_inplaceIN7sensesp15SystemStatusLedESaIS1_ELN9__gnu_cxx12_Lock_policyE2EED5Ev                                                                                                                                                                                                                                  0            0
.xt.prop._ZNSt23_Sp_counted_ptr_inplaceIN7sensesp13ButtonHandlerESaIS1_ELN9__gnu_cxx12_Lock_policyE2EED5Ev                                                                                                                                                                                                                                    0            0
.xt.prop._ZNSt23_Sp_counted_ptr_inplaceI13SettingsStoreSaIS0_ELN9__gnu_cxx12_Lock_policyE2EED5Ev                                                                                                                                                                                                                                              0            0
.xt.prop._ZNSt23_Sp_counted_ptr_inplaceI22CerboMqttSettingsStoreSaIS0_ELN9__gnu_cxx12_Lock_policyE2EED5Ev                                                                                                                                                                                                                                     0            0
.xt.prop._ZNSt23_Sp_counted_ptr_inplaceIN7sensesp8SKOutputIfEESaIS2_ELN9__gnu_cxx12_Lock_policyE2EED5Ev                                                                                                                                                                                                                                       0            0
.xt.prop._ZNSt23_Sp_counted_ptr_inplaceIN7sensesp8SKOutputIbEESaIS2_ELN9__gnu_cxx12_Lock_policyE2EED5Ev                                                                                                                                                                                                                                       0            0
.xt.prop._ZNSt23_Sp_counted_ptr_inplaceIN7sensesp8SKOutputI6StringEESaIS3_ELN9__gnu_cxx12_Lock_policyE2EED5Ev                                                                                                                                                                                                                                 0            0
.xt.prop._ZNSt23_Sp_counted_ptr_inplaceIN7sensesp11ConfigItemTINS0_25PersistingObservableValueI6StringEEEESaIS5_ELN9__gnu_cxx12_Lock_policyE2EED5Ev                                                                                                                                                                                           0            0
.xt.prop._ZNSt23_Sp_counted_ptr_inplaceIN7sensesp11ConfigItemTINS0_15WiFiProvisionerEEESaIS3_ELN9__gnu_cxx12_Lock_policyE2EED5Ev                                                                                                                                                                                                              0            0
.xt.prop._ZNSt23_Sp_counted_ptr_inplaceIN7sensesp11ConfigItemTINS0_10HTTPServerEEESaIS3_ELN9__gnu_cxx12_Lock_policyE2EED5Ev                                                                                                                                                                                                                   0            0
.xt.prop._ZNSt23_Sp_counted_ptr_inplaceIN7sensesp11ConfigItemTINS0_10SKWSClientEEESaIS3_ELN9__gnu_cxx12_Lock_policyE2EED5Ev                                                                                                                                                                                                                   0            0
.xt.prop._ZNSt23_Sp_counted_ptr_inplaceIN7sensesp11ConfigItemTI13SettingsStoreEESaIS3_ELN9__gnu_cxx12_Lock_policyE2EED5Ev                                                                                                                                                                                                                     0            0
.xt.prop._ZNSt23_Sp_counted_ptr_inplaceIN7sensesp11ConfigItemTI22CerboMqttSettingsStoreEESaIS3_ELN9__gnu_cxx12_Lock_policyE2EED5Ev                                                                                                                                                                                                            0            0
.xt.prop._ZNSt23_Sp_counted_ptr_inplaceIN7sensesp11ConfigItemTINS0_25PersistingObservableValueI6StringEEEESaIS5_ELN9__gnu_cxx12_Lock_policyE2EE10_M_destroyEv                                                                                                                                                                                36            0
.xt.prop._ZNSt23_Sp_counted_ptr_inplaceIN7sensesp11ConfigItemTINS0_15WiFiProvisionerEEESaIS3_ELN9__gnu_cxx12_Lock_policyE2EE10_M_destroyEv                                                                                                                                                                                                   36            0
.xt.prop._ZNSt23_Sp_counted_ptr_inplaceIN7sensesp11ConfigItemTINS0_10HTTPServerEEESaIS3_ELN9__gnu_cxx12_Lock_policyE2EE10_M_destroyEv                                                                                                                                                                                                        36            0
.xt.prop._ZNSt23_Sp_counted_ptr_inplaceIN7sensesp11ConfigItemTINS0_10SKWSClientEEESaIS3_ELN9__gnu_cxx12_Lock_policyE2EE10_M_destroyEv                                                                                                                                                                                                        36            0
.xt.prop._ZNSt23_Sp_counted_ptr_inplaceIN7sensesp11ConfigItemTI13SettingsStoreEESaIS3_ELN9__gnu_cxx12_Lock_policyE2EE10_M_destroyEv                                                                                                                                                                                                          36            0
.xt.prop._ZNSt23_Sp_counted_ptr_inplaceIN7sensesp11ConfigItemTI22CerboMqttSettingsStoreEESaIS3_ELN9__gnu_cxx12_Lock_policyE2EE10_M_destroyEv                                                                                                                                                                                                 36            0
.xt.prop._ZNSt23_Sp_counted_ptr_inplaceIN7sensesp10SKMetadataESaIS1_ELN9__gnu_cxx12_Lock_policyE2EED5Ev                                                                                                                                                                                                                                       0            0
.xt.prop._ZN7sensesp14LambdaConsumerINS_12SystemStatusEE3setERKS1_                                                                                                                                                                                                                                                                           60            0
.xt.prop._ZN7sensesp14LambdaConsumerINS_19SKWSConnectionStateEE3setERKS1_                                                                                                                                                                                                                                                                    48            0
.xt.prop._ZN7sensesp14LambdaConsumerINS_9WiFiStateEE3setERKS1_                                                                                                                                                                                                                                                                               48            0
.xt.prop._ZN11ArduinoJson8V743PB226detail16DefaultAllocator8allocateEj                                                                                                                                                                                                                                                                       36            0
.xt.prop._ZN11ArduinoJson8V743PB226detail16DefaultAllocator10reallocateEPvj                                                                                                                                                                                                                                                                  36            0
.xt.prop._ZN11ArduinoJson8V743PB226detail16DefaultAllocator10deallocateEPv                                                                                                                                                                                                                                                                   36            0
.xt.prop._ZNSt17_Function_handlerIFvvEZN7sensesp13ValueProducerI6StringE10connect_toINS1_14StatusPageItemIS3_EEEENSt9enable_ifIXaasrSt10is_base_ofINS1_13ValueConsumerINT_10input_typeEEESB_E5valuesrSt14is_convertibleIS3_SC_E5valueEPSB_E4typeESH_EUlvE_E9_M_invokeERKSt9_Any_data                                                         60            0
.xt.prop._ZNK7sensesp11ConfigItemTI22CerboMqttSettingsStoreE25get_default_config_schemaEv                                                                                                                                                                                                                                                    36            0
.xt.prop._ZNK7sensesp11ConfigItemTI13SettingsStoreE25get_default_config_schemaEv                                                                                                                                                                                                                                                             36            0
.xt.prop._ZNK7sensesp14ConfigItemBase17get_config_schemaEv                                                                                                                                                                                                                                                                                   60            0
.xt.prop._ZNK7sensesp11ConfigItemTINS_10SKWSClientEE9from_jsonERKN11ArduinoJson8V743PB2210JsonObjectE                                                                                                                                                                                                                                        36            0
.xt.prop._ZNK7sensesp11ConfigItemTINS_10SKWSClientEE7to_jsonERN11ArduinoJson8V743PB2210JsonObjectE                                                                                                                                                                                                                                           36            0
.xt.prop._ZN7sensesp20MinimalButtonHandler19handle_button_pressEv                                                                                                                                                                                                                                                                            36            0
.xt.prop._ZNSt23_Sp_counted_ptr_inplaceIN7sensesp20NetworkStateProducerESaIS1_ELN9__gnu_cxx12_Lock_policyE2EE10_M_disposeEv                                                                                                                                                                                                                  36            0
.xt.prop._ZNSt23_Sp_counted_ptr_inplaceIN7sensesp10FilesystemESaIS1_ELN9__gnu_cxx12_Lock_policyE2EE10_M_disposeEv                                                                                                                                                                                                                            36            0
.xt.prop._ZNSt17_Function_handlerIFvvEZN7sensesp14SensESPBaseApp5resetEvEUlvE_E9_M_invokeERKSt9_Any_data                                                                                                                                                                                                                                     36            0
.xt.prop._ZNSt17_Function_handlerIFvvEZN7sensesp17BaseButtonHandlerC4Ei6StringEUlvE_E9_M_invokeERKSt9_Any_data                                                                                                                                                                                                                               36            0
.xt.prop._ZN7sensesp20MinimalButtonHandler11handleEventEPN10ace_button9AceButtonEhh                                                                                                                                                                                                                                                         144            0
.xt.prop._ZNSt23_Sp_counted_ptr_inplaceIN7sensesp13MDNSDiscoveryESaIS1_ELN9__gnu_cxx12_Lock_policyE2EE10_M_destroyEv                                                                                                                                                                                                                         36            0
.xt.prop._ZNSt23_Sp_counted_ptr_inplaceIN7sensesp12SKDeltaQueueESaIS1_ELN9__gnu_cxx12_Lock_policyE2EE10_M_destroyEv                                                                                                                                                                                                                          36            0
.xt.prop._ZNSt23_Sp_counted_ptr_inplaceIN7sensesp10SKWSClientESaIS1_ELN9__gnu_cxx12_Lock_policyE2EE10_M_destroyEv                                                                                                                                                                                                                            36            0
.xt.prop._ZNSt23_Sp_counted_ptr_inplaceIN8reactesp9EventLoopESaIS1_ELN9__gnu_cxx12_Lock_policyE2EE10_M_destroyEv                                                                                                                                                                                                                             36            0
.xt.prop._ZNSt23_Sp_counted_ptr_inplaceIN7sensesp10FilesystemESaIS1_ELN9__gnu_cxx12_Lock_policyE2EE10_M_destroyEv                                                                                                                                                                                                                            36            0
.xt.prop._ZNSt23_Sp_counted_ptr_inplaceIN7sensesp13ButtonHandlerESaIS1_ELN9__gnu_cxx12_Lock_policyE2EE10_M_destroyEv                                                                                                                                                                                                                         36            0
.xt.prop._ZNSt23_Sp_counted_ptr_inplaceIN7sensesp10HTTPServerESaIS1_ELN9__gnu_cxx12_Lock_policyE2EE10_M_destroyEv                                                                                                                                                                                                                            36            0
.xt.prop._ZNSt23_Sp_counted_ptr_inplaceIN7sensesp3OTAESaIS1_ELN9__gnu_cxx12_Lock_policyE2EE10_M_destroyEv                                                                                                                                                                                                                                    36            0
.xt.prop._ZNSt23_Sp_counted_ptr_inplaceIN7sensesp15WiFiProvisionerESaIS1_ELN9__gnu_cxx12_Lock_policyE2EE10_M_destroyEv                                                                                                                                                                                                                       36            0
.xt.prop._ZNSt23_Sp_counted_ptr_inplaceIN7sensesp20NetworkStateProducerESaIS1_ELN9__gnu_cxx12_Lock_policyE2EE10_M_destroyEv                                                                                                                                                                                                                  36            0
.xt.prop._ZNSt23_Sp_counted_ptr_inplaceIN7sensesp22SystemStatusControllerESaIS1_ELN9__gnu_cxx12_Lock_policyE2EE10_M_destroyEv                                                                                                                                                                                                                36            0
.xt.prop._ZNSt23_Sp_counted_ptr_inplaceIN7sensesp25PersistingObservableValueI6StringEESaIS3_ELN9__gnu_cxx12_Lock_policyE2EE10_M_destroyEv                                                                                                                                                                                                    36            0
.xt.prop._ZNSt23_Sp_counted_ptr_inplaceIN7sensesp8SKOutputI6StringEESaIS3_ELN9__gnu_cxx12_Lock_policyE2EE10_M_destroyEv                                                                                                                                                                                                                      36            0
.xt.prop._ZNSt23_Sp_counted_ptr_inplaceI22CerboMqttSettingsStoreSaIS0_ELN9__gnu_cxx12_Lock_policyE2EE10_M_destroyEv                                                                                                                                                                                                                          36            0
.xt.prop._ZNSt23_Sp_counted_ptr_inplaceI13SettingsStoreSaIS0_ELN9__gnu_cxx12_Lock_policyE2EE10_M_destroyEv                                                                                                                                                                                                                                   36            0
.xt.prop._ZNSt23_Sp_counted_ptr_inplaceIN7sensesp15SystemStatusLedESaIS1_ELN9__gnu_cxx12_Lock_policyE2EE10_M_destroyEv                                                                                                                                                                                                                       36            0
.xt.prop._ZNSt23_Sp_counted_ptr_inplaceIN7sensesp10SKMetadataESaIS1_ELN9__gnu_cxx12_Lock_policyE2EE10_M_destroyEv                                                                                                                                                                                                                            36            0
.xt.prop._ZN7sensesp17TaskQueueProducerIiE3setERKi                                                                                                                                                                                                                                                                                          180            0
.xt.prop._ZN7sensesp17TaskQueueProducerINS_19SKWSConnectionStateEE3setERKS1_                                                                                                                                                                                                                                                                168            0
.xt.prop._ZN7sensesp14SensESPBaseApp5resetEv                                                                                                                                                                                                                                                                                                 72            0
.xt.prop._ZN16BuzzerController4stopEv                                                                                                                                                                                                                                                                                                        36            0
.xt.prop._ZN16BuzzerController15apply_frequencyEt                                                                                                                                                                                                                                                                                            72            0
.xt.prop._ZN16BuzzerController13update_outputEjhb                                                                                                                                                                                                                                                                                           192            0
.xt.prop._ZN16BuzzerController13start_previewEhjjb                                                                                                                                                                                                                                                                                           60            0
.xt.prop._ZN11ArduinoJson8V743PB2212JsonDocumentC5EPNS0_9AllocatorE                                                                                                                                                                                                                                                                          12            0
.xt.prop._Z27NormalizeControllerSettingsR18ControllerSettings                                                                                                                                                                                                                                                                               240            0
.xt.prop._ZN28EmergencySpilloverController6updateEjbbfRK18ControllerSettings                                                                                                                                                                                                                                                                132            0
.xt.prop._ZN7sensesp18FileSystemSaveableD5Ev                                                                                                                                                                                                                                                                                                  0            0
.xt.prop._ZN7sensesp13TransformBaseD5Ev                                                                                                                                                                                                                                                                                                      12            0
.xt.prop._ZZN7sensesp10HTTPServerC4EiRK6StringENKUlvE_clEv                                                                                                                                                                                                                                                                                   72            0
.xt.prop._ZNSt17_Function_handlerIFvvEZN7sensesp10HTTPServerC4EiRK6StringEUlvE_E9_M_invokeERKSt9_Any_data                                                                                                                                                                                                                                    36            0
.xt.prop._ZZZN7sensesp3OTAC4EPKcENKUlvE_clEvENKUlvE_clEv                                                                                                                                                                                                                                                                                     48            0
.xt.prop._ZNSt17_Function_handlerIFvvEZZN7sensesp3OTAC4EPKcENKUlvE_clEvEUlvE_E9_M_invokeERKSt9_Any_data                                                                                                                                                                                                                                      36            0
.xt.prop._ZZZN7sensesp3OTAC4EPKcENKUlvE_clEvENKUlvE0_clEv                                                                                                                                                                                                                                                                                    48            0
.xt.prop._ZNSt17_Function_handlerIFvvEZZN7sensesp3OTAC4EPKcENKUlvE_clEvEUlvE0_E9_M_invokeERKSt9_Any_data                                                                                                                                                                                                                                     36            0
.xt.prop._ZZZN7sensesp3OTAC4EPKcENKUlvE_clEvENKUljjE1_clEjj                                                                                                                                                                                                                                                                                  48            0
.xt.prop._ZNSt17_Function_handlerIFvjjEZZN7sensesp3OTAC4EPKcENKUlvE_clEvEUljjE1_E9_M_invokeERKSt9_Any_dataOjSB_                                                                                                                                                                                                                              36            0
.xt.prop._ZZZN7sensesp3OTAC4EPKcENKUlvE_clEvENKUl11ota_error_tE2_clES4_                                                                                                                                                                                                                                                                     156            0
.xt.prop._ZNSt17_Function_handlerIFv11ota_error_tEZZN7sensesp3OTAC4EPKcENKUlvE_clEvEUlS0_E2_E9_M_invokeERKSt9_Any_dataOS0_                                                                                                                                                                                                                   36            0
.xt.prop._ZN7sensesp10LEDPattern5applyERNS_4CRGBEb                                                                                                                                                                                                                                                                                          108            0
.xt.prop._ZN7sensesp9PWMOutput11channel_mapEv                                                                                                                                                                                                                                                                                                48            0
.xt.prop._ZNSt17_Function_handlerIFvN7sensesp12SystemStatusEENS0_19BaseSystemStatusLed23system_status_consumer_MUlS1_E_EE9_M_invokeERKSt9_Any_dataOS1_                                                                                                                                                                                       48            0
.xt.prop._ZN7sensesp18StatusPageItemBaseC5E6StringS1_i                                                                                                                                                                                                                                                                                       12            0
.xt.prop._ZN7sensesp18StatusPageItemBaseD5Ev                                                                                                                                                                                                                                                                                                  0            0
.xt.prop._ZNSt12__shared_ptrIN7sensesp15WiFiProvisionerELN9__gnu_cxx12_Lock_policyE2EEC5ERKS4_                                                                                                                                                                                                                                               12            0
.xt.prop._ZN7sensesp9SKEmitter15as_signalk_jsonERN11ArduinoJson8V743PB2212JsonDocumentE                                                                                                                                                                                                                                                      48            0
.xt.prop._ZNSt8functionIFvvEEC5ERKS1_                                                                                                                                                                                                                                                                                                         0            0
.xt.prop._ZN7sensesp10Observable6attachESt8functionIFvvEE                                                                                                                                                                                                                                                                                    84            0
.xt.prop._ZNSt14_Fwd_list_baseIN7sensesp10Observable13ObserverEntryESaIS2_EED5Ev                                                                                                                                                                                                                                                              0            0
.xt.prop._ZN7sensesp13ValueProducerI6StringED5Ev                                                                                                                                                                                                                                                                                             12            0
.xt.prop._ZN7sensesp9TransformIiiED5Ev                                                                                                                                                                                                                                                                                                       12            0
.xt.prop._ZN7sensesp10IntegratorIiiED5Ev                                                                                                                                                                                                                                                                                                     12            0
.xt.prop._ZN7sensesp9SKEmitterD5Ev                                                                                                                                                                                                                                                                                                           12            0
.xt.prop._ZN7sensesp22SystemStatusControllerC5Ev                                                                                                                                                                                                                                                                                             12            0
.xt.prop._ZN7sensesp14StatusPageItemIfED5Ev                                                                                                                                                                                                                                                                                                  12            0
.xt.prop._ZN7sensesp14StatusPageItemIyED5Ev                                                                                                                                                                                                                                                                                                  12            0
.xt.prop._ZN7sensesp14StatusPageItemItED5Ev                                                                                                                                                                                                                                                                                                  12            0
.xt.prop._ZN7sensesp14StatusPageItemIaED5Ev                                                                                                                                                                                                                                                                                                  12            0
.xt.prop._ZN7sensesp14StatusPageItemIiED5Ev                                                                                                                                                                                                                                                                                                  12            0
.xt.prop._ZN7sensesp15ObservableValueIaED5Ev                                                                                                                                                                                                                                                                                                 12            0
.xt.prop._ZN7sensesp15ObservableValueItED5Ev                                                                                                                                                                                                                                                                                                 12            0
.xt.prop._ZN7sensesp15ObservableValueIyED5Ev                                                                                                                                                                                                                                                                                                 12            0
.xt.prop._ZN7sensesp15ObservableValueIfED5Ev                                                                                                                                                                                                                                                                                                 12            0
.xt.prop._ZN7sensesp15ObservableValueINS_19SKWSConnectionStateEED5Ev                                                                                                                                                                                                                                                                         12            0
.xt.prop._ZN7sensesp15ObservableValueIiED5Ev                                                                                                                                                                                                                                                                                                 12            0
.xt.prop._ZN7sensesp15ObservableValueI6StringED5Ev                                                                                                                                                                                                                                                                                           12            0
.xt.prop._ZN7sensesp14StatusPageItemI6StringED5Ev                                                                                                                                                                                                                                                                                            12            0
.xt.prop._ZN7sensesp9TransformI6StringS1_ED5Ev                                                                                                                                                                                                                                                                                               12            0
.xt.prop._ZN7sensesp18SymmetricTransformI6StringED5Ev                                                                                                                                                                                                                                                                                        12            0
.xt.prop._ZNKSt8functionIFvvEEclEv                                                                                                                                                                                                                                                                                                           48            0
.xt.prop._ZN7sensesp10Observable6notifyEv                                                                                                                                                                                                                                                                                                    60            0
.xt.prop._ZN7sensesp10IntegratorIiiE3setERKi                                                                                                                                                                                                                                                                                                 60            0
.xt.prop._ZN7sensesp8SKOutputIbE3setERKb                                                                                                                                                                                                                                                                                                     60            0
.xt.prop._ZN7sensesp15ObservableValueIfE3setERKf                                                                                                                                                                                                                                                                                             36            0
.xt.prop._ZN7sensesp15ObservableValueINS_19SKWSConnectionStateEE3setERKS1_                                                                                                                                                                                                                                                                   36            0
.xt.prop._ZNSt17_Function_handlerIFvvEZN7sensesp10SensESPApp5setupEvEUlvE_E9_M_invokeERKSt9_Any_data                                                                                                                                                                                                                                         36            0
.xt.prop._ZN7sensesp15ObservableValueIyE3setERKy                                                                                                                                                                                                                                                                                             36            0
.xt.prop._ZN7sensesp15ObservableValueItE3setERKt                                                                                                                                                                                                                                                                                             36            0
.xt.prop._ZN7sensesp22SystemStatusController12update_stateENS_12SystemStatusE                                                                                                                                                                                                                                                                36            0
.xt.prop._ZNSt17_Function_handlerIFvN7sensesp9WiFiStateEENS0_22SystemStatusController20wifi_state_consumer_MUlRKS1_E_EE9_M_invokeERKSt9_Any_dataOS1_                                                                                                                                                                                        144            0
.xt.prop._ZNSt17_Function_handlerIFvN7sensesp19SKWSConnectionStateEENS0_22SystemStatusController29ws_connection_state_consumer_MUlRKS1_E_EE9_M_invokeERKSt9_Any_dataOS1_                                                                                                                                                                    144            0
.xt.prop._ZN7sensesp8SKOutputIfE3setERKf                                                                                                                                                                                                                                                                                                     60            0
.xt.prop._ZN7sensesp15ObservableValueIaE3setERKa                                                                                                                                                                                                                                                                                             36            0
.xt.prop._ZN7sensesp15ObservableValueIiE3setERKi                                                                                                                                                                                                                                                                                             36            0
.xt.prop._ZN7sensesp13ValueProducerI6StringEC5Ev                                                                                                                                                                                                                                                                                              0            0
.xt.prop._ZNSt10unique_ptrIN10ace_button9AceButtonESt14default_deleteIS1_EED5Ev                                                                                                                                                                                                                                                               0            0
.xt.prop._ZNSt23_Sp_counted_ptr_inplaceIN7sensesp13ButtonHandlerESaIS1_ELN9__gnu_cxx12_Lock_policyE2EE10_M_disposeEv                                                                                                                                                                                                                         48            0
.xt.prop._ZNSt6vectorIN7sensesp18LEDPatternFragmentESaIS1_EED5Ev                                                                                                                                                                                                                                                                              0            0
.xt.prop._ZN7sensesp10LEDBlinker4tickEv                                                                                                                                                                                                                                                                                                      72            0
.xt.prop._ZNSt17_Function_handlerIFvvEZN7sensesp19BaseSystemStatusLedC4EvEUlvE0_E9_M_invokeERKSt9_Any_data                                                                                                                                                                                                                                   36            0
.xt.prop._ZNSt6vectorIN7sensesp18LEDPatternFragmentESaIS1_EEC5ERKS3_                                                                                                                                                                                                                                                                         12            0
.xt.prop._ZN7sensesp13ValueProducerIiE10connect_toINS_14StatusPageItemIiEEEENSt9enable_ifIXaasrSt10is_base_ofINS_13ValueConsumerINT_10input_typeEEES8_E5valuesrSt14is_convertibleIiS9_E5valueEPS8_E4typeESE_                                                                                                                                 72            0
.xt.prop._ZN7sensesp10SensESPApp25connect_status_page_itemsEv                                                                                                                                                                                                                                                                               120            0
.xt.prop._ZNSt14__shared_countILN9__gnu_cxx12_Lock_policyE2EED5Ev                                                                                                                                                                                                                                                                            12            0
.xt.prop._ZN7sensesp17SensESPAppBuilderD5Ev                                                                                                                                                                                                                                                                                                  12            0
.xt.prop._ZN7sensesp14SensESPBaseApp12get_hostnameEv                                                                                                                                                                                                                                                                                         60            0
.xt.prop._ZN7sensesp10HTTPServer20set_auth_credentialsERK6StringS3_b                                                                                                                                                                                                                                                                        156            0
.xt.prop._ZZN7sensesp3OTAC4EPKcENKUlvE_clEv                                                                                                                                                                                                                                                                                                 168            0
.xt.prop._ZNSt17_Function_handlerIFvvEZN7sensesp3OTAC4EPKcEUlvE_E9_M_invokeERKSt9_Any_data                                                                                                                                                                                                                                                   36            0
.xt.prop._ZN7sensesp3OTAC5EPKc                                                                                                                                                                                                                                                                                                               12            0
.xt.prop._ZN7sensesp17BaseButtonHandlerC5Ei6String                                                                                                                                                                                                                                                                                           12            0
.xt.prop._ZSt11make_sharedIN7sensesp13ButtonHandlerEJRiEESt10shared_ptrIT_EDpOT0_                                                                                                                                                                                                                                                           156            0
.xt.prop._ZN7sensesp8SKOutputI6StringED5Ev                                                                                                                                                                                                                                                                                                   12            0
.xt.prop._ZNSt14_Function_base13_Base_managerIZN7sensesp10SensESPApp5setupEvEUlvE_E10_M_managerERSt9_Any_dataRKS5_St18_Manager_operation                                                                                                                                                                                                     96            0
.xt.prop._ZNSt23_Sp_counted_ptr_inplaceIN7sensesp8SKOutputI6StringEESaIS3_ELN9__gnu_cxx12_Lock_policyE2EE10_M_disposeEv                                                                                                                                                                                                                      36            0
.xt.prop._ZNSt12__shared_ptrIN7sensesp14ConfigItemBaseELN9__gnu_cxx12_Lock_policyE2EEaSERKS4_                                                                                                                                                                                                                                                36            0
.xt.prop._ZN11ArduinoJson8V743PB226detail14MemoryPoolListINS1_15ResourceManager8SlotDataEE9allocSlotEPNS0_9AllocatorE                                                                                                                                                                                                                       120            0
.xt.prop._ZNSt8_Rb_treeIPN8reactesp10TimedEventES2_St9_IdentityIS2_ENS0_18TriggerTimeCompareESaIS2_EE8_M_eraseEPSt13_Rb_tree_nodeIS2_E                                                                                                                                                                                                       60            0
.xt.prop._ZN7sensesp14SensESPBaseAppC5Ev                                                                                                                                                                                                                                                                                                     12            0
.xt.prop._ZNSt23_Sp_counted_ptr_inplaceIN8reactesp9EventLoopESaIS1_ELN9__gnu_cxx12_Lock_policyE2EE10_M_disposeEv                                                                                                                                                                                                                             36            0
.xt.prop._ZNSt12__shared_ptrIN7sensesp14SensESPBaseAppELN9__gnu_cxx12_Lock_policyE2EEaSEOS4_                                                                                                                                                                                                                                                 36            0
.xt.prop._ZN7sensesp14SensESPBaseApp7destroyEv                                                                                                                                                                                                                                                                                               60            0
.xt.prop._ZN7sensesp14SensESPBaseAppD5Ev                                                                                                                                                                                                                                                                                                      0            0
.xt.prop._ZNSt11_Deque_baseIN7sensesp19SKWSConnectionStateESaIS1_EED5Ev                                                                                                                                                                                                                                                                       0            0
.xt.prop._ZNSt5dequeIN7sensesp19SKWSConnectionStateESaIS1_EED5Ev                                                                                                                                                                                                                                                                              0            0
.xt.prop._ZN7sensesp17TaskQueueProducerINS_19SKWSConnectionStateEED5Ev                                                                                                                                                                                                                                                                       12            0
.xt.prop._ZN7sensesp15ObservableValueIiEC5ERKi                                                                                                                                                                                                                                                                                               12            0
.xt.prop._ZNSt11_Deque_baseIiSaIiEED5Ev                                                                                                                                                                                                                                                                                                       0            0
.xt.prop._ZNSt5dequeIiSaIiEED5Ev                                                                                                                                                                                                                                                                                                              0            0
.xt.prop._ZN7sensesp17TaskQueueProducerIiED5Ev                                                                                                                                                                                                                                                                                               12            0
.xt.prop._ZN7sensesp10SKWSClientD5Ev                                                                                                                                                                                                                                                                                                         12            0
.xt.prop._ZNSt7__cxx1110_List_baseIN7sensesp9NonceDataESaIS2_EE8_M_clearEv                                                                                                                                                                                                                                                                   60            0
.xt.prop._ZNSt7__cxx1110_List_baseISt10shared_ptrIN7sensesp18HTTPRequestHandlerEESaIS4_EE8_M_clearEv                                                                                                                                                                                                                                         60            0
.xt.prop._ZN7sensesp10HTTPServerC5EiRK6String                                                                                                                                                                                                                                                                                                12            0
.xt.prop._ZN11ArduinoJson8V743PB229ConverterI6StringvE9checkJsonENS0_16JsonVariantConstE                                                                                                                                                                                                                                                     60            0
.xt.prop._ZNSt7__cxx1110_List_baseIN7sensesp10LEDPatternESaIS2_EE8_M_clearEv                                                                                                                                                                                                                                                                 60            0
.xt.prop._ZNSt10unique_ptrIN7sensesp10LEDBlinkerESt14default_deleteIS1_EED5Ev                                                                                                                                                                                                                                                                 0            0
.xt.prop._ZNSt23_Sp_counted_ptr_inplaceIN7sensesp15SystemStatusLedESaIS1_ELN9__gnu_cxx12_Lock_policyE2EE10_M_disposeEv                                                                                                                                                                                                                       48            0
.xt.prop._ZN7sensesp19BaseSystemStatusLedC5Ev                                                                                                                                                                                                                                                                                                12            0
.xt.prop._ZNSt8_Rb_treeIhSt4pairIKhaESt10_Select1stIS2_ESt4lessIhESaIS2_EE8_M_eraseEPSt13_Rb_tree_nodeIS2_E                                                                                                                                                                                                                                  60            0
.xt.prop._ZN7sensesp9PWMOutput3setERKf                                                                                                                                                                                                                                                                                                       72            0
.xt.prop._ZN7sensesp15SystemStatusLed4showEv                                                                                                                                                                                                                                                                                                 48            0
.xt.prop._ZNKSt3mapI6StringPN7sensesp18StatusPageItemBaseESt4lessIS0_ESaISt4pairIKS0_S3_EEE5countERS7_                                                                                                                                                                                                                                       84            0
.xt.prop._ZN7sensesp15ObservableValueIaEC5ERKa                                                                                                                                                                                                                                                                                               12            0
.xt.prop._ZNSt12__shared_ptrIN7sensesp10SensESPAppELN9__gnu_cxx12_Lock_policyE2EEaSEOS4_                                                                                                                                                                                                                                                     36            0
.xt.prop._ZN7sensesp10SensESPApp7destroyEv                                                                                                                                                                                                                                                                                                   60            0
.xt.prop._ZN7sensesp13ValueProducerI6StringE4emitERKS1_                                                                                                                                                                                                                                                                                      36            0
.xt.prop._ZN7sensesp8SKOutputI6StringE3setERKS1_                                                                                                                                                                                                                                                                                             60            0
.xt.prop._ZN7sensesp15ObservableValueI6StringE3setERKS1_                                                                                                                                                                                                                                                                                     36            0
.xt.prop._ZN7sensesp25PersistingObservableValueI6StringE3setERKS1_                                                                                                                                                                                                                                                                           36            0
.xt.prop._ZZN7sensesp10SensESPApp25connect_status_page_itemsEvENKUlvE_clEv                                                                                                                                                                                                                                                                  276            0
.xt.prop._ZNSt17_Function_handlerIFvvEZN7sensesp10SensESPApp25connect_status_page_itemsEvEUlvE_E9_M_invokeERKSt9_Any_data                                                                                                                                                                                                                    36            0
.xt.prop._ZNSt17_Function_handlerIFvvEZN7sensesp25PersistingObservableValueI6StringEC4ERKS3_S3_EUlvE_E9_M_invokeERKSt9_Any_data                                                                                                                                                                                                              36            0
.xt.prop._ZNSt12__shared_ptrIN7sensesp8SKOutputIfEELN9__gnu_cxx12_Lock_policyE2EEaSEOS5_                                                                                                                                                                                                                                                     36            0
.xt.prop._ZNSt12__shared_ptrIN7sensesp8SKOutputIbEELN9__gnu_cxx12_Lock_policyE2EEaSEOS5_                                                                                                                                                                                                                                                     36            0
.xt.prop._ZN7sensesp13ValueProducerI6StringEC5ERKS1_                                                                                                                                                                                                                                                                                          0            0
.xt.prop._ZN7sensesp15ObservableValueI6StringEC5ERKS1_                                                                                                                                                                                                                                                                                       12            0
.xt.prop._ZN7sensesp25PersistingObservableValueI6StringEC5ERKS1_S1_                                                                                                                                                                                                                                                                          12            0
.xt.prop._ZN7sensesp9TransformI6StringS1_EC5ES1_                                                                                                                                                                                                                                                                                              0            0
.xt.prop._ZN7sensesp18SymmetricTransformI6StringEC5ES1_                                                                                                                                                                                                                                                                                       0            0
.xt.prop._ZN7sensesp8SKOutputI6StringEC5ES1_S1_St10shared_ptrINS_10SKMetadataEE                                                                                                                                                                                                                                                               0            0
.xt.prop._ZNSt8_Rb_treeIhSt4pairIKhaESt10_Select1stIS2_ESt4lessIhESaIS2_EE24_M_get_insert_unique_posERS1_                                                                                                                                                                                                                                   168            0
.xt.prop._ZNSt8_Rb_treeIhSt4pairIKhaESt10_Select1stIS2_ESt4lessIhESaIS2_EE29_M_get_insert_hint_unique_posESt23_Rb_tree_const_iteratorIS2_ERS1_                                                                                                                                                                                              228            0
.xt.prop._ZN7sensesp9PWMOutput14assign_channelEii                                                                                                                                                                                                                                                                                           156            0
.xt.prop._ZN7sensesp10SensESPAppD5Ev                                                                                                                                                                                                                                                                                                         12            0
.xt.prop._ZNSt15_Sp_counted_ptrIPN7sensesp10SensESPAppELN9__gnu_cxx12_Lock_policyE2EE10_M_disposeEv                                                                                                                                                                                                                                          48            0
.xt.prop._ZNSt14__shared_countILN9__gnu_cxx12_Lock_policyE2EEC5IPN7sensesp10SensESPAppEEET_                                                                                                                                                                                                                                                  12            0
.xt.prop._ZN7sensesp10SKMetadataD5Ev                                                                                                                                                                                                                                                                                                         12            0
.xt.prop._ZNSt15_Sp_counted_ptrIPN7sensesp10SKMetadataELN9__gnu_cxx12_Lock_policyE2EE10_M_disposeEv                                                                                                                                                                                                                                          48            0
.xt.prop._ZNSt23_Sp_counted_ptr_inplaceIN7sensesp10SKMetadataESaIS1_ELN9__gnu_cxx12_Lock_policyE2EE10_M_disposeEv                                                                                                                                                                                                                            36            0
.xt.prop._ZNSt14__shared_countILN9__gnu_cxx12_Lock_policyE2EEC5IPN7sensesp10SKMetadataEEET_                                                                                                                                                                                                                                                  12            0
.xt.prop._ZN7sensesp8SKOutputI6StringEC5ES1_S1_PNS_10SKMetadataE                                                                                                                                                                                                                                                                              0            0
.xt.prop._ZNSt8_Rb_treeI6StringSt4pairIKS0_St10shared_ptrIN7sensesp14ConfigItemBaseEEESt10_Select1stIS7_ESt4lessIS0_ESaIS7_EE24_M_get_insert_unique_posERS2_                                                                                                                                                                                156            0
.xt.prop._ZNSt8_Rb_treeI6StringSt4pairIKS0_St10shared_ptrIN7sensesp14ConfigItemBaseEEESt10_Select1stIS7_ESt4lessIS0_ESaIS7_EE29_M_get_insert_hint_unique_posESt23_Rb_tree_const_iteratorIS7_ERS2_                                                                                                                                           216            0
.xt.prop._ZNSt8_Rb_treeI6StringSt4pairIKS0_St10shared_ptrIN7sensesp14ConfigItemBaseEEESt10_Select1stIS7_ESt4lessIS0_ESaIS7_EE22_M_emplace_hint_uniqueIJRKSt21piecewise_construct_tSt5tupleIJRS2_EESI_IJEEEEESt17_Rb_tree_iteratorIS7_ESt23_Rb_tree_const_iteratorIS7_EDpOT_                                                                 120            0
.xt.prop._ZNSt3mapI6StringSt10shared_ptrIN7sensesp14ConfigItemBaseEESt4lessIS0_ESaISt4pairIKS0_S4_EEEixERS8_                                                                                                                                                                                                                                132            0
.xt.prop._ZN11ArduinoJson8V743PB226detail11parseNumberIiEET_PKc                                                                                                                                                                                                                                                                             180            0
.xt.prop._ZNK11ArduinoJson8V743PB226detail11VariantData10asIntegralIiEET_PKNS1_15ResourceManagerE                                                                                                                                                                                                                                           312            0
.xt.prop._ZNSt8_Rb_treeI6StringSt4pairIKS0_PN7sensesp18StatusPageItemBaseEESt10_Select1stIS6_ESt4lessIS0_ESaIS6_EE24_M_get_insert_unique_posERS2_                                                                                                                                                                                           156            0
.xt.prop._ZNSt8_Rb_treeI6StringSt4pairIKS0_PN7sensesp18StatusPageItemBaseEESt10_Select1stIS6_ESt4lessIS0_ESaIS6_EE29_M_get_insert_hint_unique_posESt23_Rb_tree_const_iteratorIS6_ERS2_                                                                                                                                                      216            0
.xt.prop._ZNSt8_Rb_treeI6StringSt4pairIKS0_PN7sensesp18StatusPageItemBaseEESt10_Select1stIS6_ESt4lessIS0_ESaIS6_EE22_M_emplace_hint_uniqueIJRKSt21piecewise_construct_tSt5tupleIJRS2_EESH_IJEEEEESt17_Rb_tree_iteratorIS6_ESt23_Rb_tree_const_iteratorIS6_EDpOT_                                                                            120            0
.xt.prop._ZNSt3mapI6StringPN7sensesp18StatusPageItemBaseESt4lessIS0_ESaISt4pairIKS0_S3_EEEixERS7_                                                                                                                                                                                                                                           120            0
.xt.prop._ZN7sensesp14StatusPageItemIaEC5E6StringRKaS2_i                                                                                                                                                                                                                                                                                     12            0
.xt.prop._ZN7sensesp14StatusPageItemItEC5E6StringRKtS2_i                                                                                                                                                                                                                                                                                     12            0
.xt.prop._ZN7sensesp14StatusPageItemIiEC5E6StringRKiS2_i                                                                                                                                                                                                                                                                                      0            0
.xt.prop._ZN7sensesp14StatusPageItemIyEC5E6StringRKyS2_i                                                                                                                                                                                                                                                                                     12            0
.xt.prop._ZN7sensesp14StatusPageItemIfEC5E6StringRKfS2_i                                                                                                                                                                                                                                                                                     12            0
.xt.prop._ZN7sensesp14StatusPageItemI6StringEC5ES1_RKS1_S1_i                                                                                                                                                                                                                                                                                  0            0
.xt.prop._ZN7sensesp10SensESPAppC5Ev                                                                                                                                                                                                                                                                                                         12            0
.xt.prop._ZN7sensesp17SensESPAppBuilderC5Ev                                                                                                                                                                                                                                                                                                  12            0
.xt.prop._ZN7sensesp10SensESPApp3getEv                                                                                                                                                                                                                                                                                                       60            0
.xt.prop._ZN11ArduinoJson8V743PB2213convertToJsonI6StringEENS0_6detail9enable_ifIXsrNS3_8IsStringIT_vEE5valueEvE4typeERKS6_NS0_11JsonVariantE                                                                                                                                                                                                60            0
.xt.prop._ZN7sensesp10IntegratorIiiE9from_jsonERKN11ArduinoJson8V743PB2210JsonObjectE                                                                                                                                                                                                                                                       204            0
.xt.prop._ZNK11ArduinoJson8V743PB226detail14VariantRefBaseINS1_11MemberProxyINS0_10JsonObjectENS1_9RamStringEEEE2asIbEET_v                                                                                                                                                                                                                  192            0
.xt.prop._ZNSt15__allocated_ptrISaISt23_Sp_counted_ptr_inplaceIN7sensesp8SKOutputIfEESaIS3_ELN9__gnu_cxx12_Lock_policyE2EEEED5Ev                                                                                                                                                                                                              0            0
.xt.prop._ZNSt23_Sp_counted_ptr_inplaceIN7sensesp8SKOutputIfEESaIS2_ELN9__gnu_cxx12_Lock_policyE2EE10_M_destroyEv                                                                                                                                                                                                                            36            0
.xt.prop._ZNSt15__allocated_ptrISaISt23_Sp_counted_ptr_inplaceIN7sensesp8SKOutputIbEESaIS3_ELN9__gnu_cxx12_Lock_policyE2EEEED5Ev                                                                                                                                                                                                              0            0
.xt.prop._ZNSt23_Sp_counted_ptr_inplaceIN7sensesp8SKOutputIbEESaIS2_ELN9__gnu_cxx12_Lock_policyE2EE10_M_destroyEv                                                                                                                                                                                                                            36            0
.xt.prop._ZN11ArduinoJson8V743PB226detail10ObjectData14getOrAddMemberINS1_9RamStringEEEPNS1_11VariantDataET_PNS1_15ResourceManagerE                                                                                                                                                                                                         108            0
.xt.prop._ZNK11ArduinoJson8V743PB226detail14VariantRefBaseINS1_11MemberProxyINS0_10JsonObjectENS1_9RamStringEEEE3setI6StringEEbRKT_                                                                                                                                                                                                          36            0
.xt.prop._ZN7sensesp25PersistingObservableValueI6StringE7to_jsonERN11ArduinoJson8V743PB2210JsonObjectE                                                                                                                                                                                                                                       72            0
.xt.prop._ZN7sensesp8SKOutputI6StringE7to_jsonERN11ArduinoJson8V743PB2210JsonObjectE                                                                                                                                                                                                                                                         72            0
.xt.prop._ZN7sensesp8SKOutputIbE7to_jsonERN11ArduinoJson8V743PB2210JsonObjectE                                                                                                                                                                                                                                                               60            0
.xt.prop._ZN7sensesp8SKOutputIfE7to_jsonERN11ArduinoJson8V743PB2210JsonObjectE                                                                                                                                                                                                                                                               60            0
.xt.prop._ZN7sensesp10HTTPServer7to_jsonERN11ArduinoJson8V743PB2210JsonObjectE                                                                                                                                                                                                                                                               72            0
.xt.prop._ZN7sensesp10IntegratorIiiE7to_jsonERN11ArduinoJson8V743PB2210JsonObjectE                                                                                                                                                                                                                                                           60            0
.xt.prop._ZNK11ArduinoJson8V743PB226detail14VariantRefBaseINS1_11MemberProxyIRNS0_12JsonDocumentENS1_9RamStringEEEE18getOrCreateVariantEv                                                                                                                                                                                                    72            0
.xt.prop._ZNK11ArduinoJson8V743PB226detail14VariantRefBaseINS1_11MemberProxyIRNS0_12JsonDocumentENS1_9RamStringEEEE3setI6StringEEbRKT_                                                                                                                                                                                                       36            0
.xt.prop._ZN7sensesp8SKOutputI6StringE15as_signalk_jsonERN11ArduinoJson8V743PB2212JsonDocumentE                                                                                                                                                                                                                                              48            0
.xt.prop._ZN7sensesp14StatusPageItemIiE7as_jsonEv                                                                                                                                                                                                                                                                                            96            0
.xt.prop._ZN7sensesp14StatusPageItemI6StringE7as_jsonEv                                                                                                                                                                                                                                                                                      84            0
.xt.prop._ZN7sensesp14StatusPageItemIfE7as_jsonEv                                                                                                                                                                                                                                                                                            84            0
.xt.prop._ZN7sensesp14StatusPageItemIyE7as_jsonEv                                                                                                                                                                                                                                                                                           156            0
.xt.prop._ZN7sensesp14StatusPageItemItE7as_jsonEv                                                                                                                                                                                                                                                                                            84            0
.xt.prop._ZN7sensesp14StatusPageItemIaE7as_jsonEv                                                                                                                                                                                                                                                                                            84            0
.xt.prop._ZN7sensesp8SKOutputIbE15as_signalk_jsonERN11ArduinoJson8V743PB2212JsonDocumentE                                                                                                                                                                                                                                                    36            0
.xt.prop._ZN7sensesp8SKOutputIfE15as_signalk_jsonERN11ArduinoJson8V743PB2212JsonDocumentE                                                                                                                                                                                                                                                    36            0
.xt.prop._ZNK11ArduinoJson8V743PB226detail14VariantRefBaseINS1_11MemberProxyINS0_10JsonObjectENS1_9RamStringEEEE2asI6StringEET_v                                                                                                                                                                                                            108            0
.xt.prop._ZN7sensesp25PersistingObservableValueI6StringE9from_jsonERKN11ArduinoJson8V743PB2210JsonObjectE                                                                                                                                                                                                                                    96            0
.xt.prop._ZN7sensesp10HTTPServer9from_jsonERKN11ArduinoJson8V743PB2210JsonObjectE                                                                                                                                                                                                                                                           288            0
.xt.prop._ZN7sensesp8SKOutputI6StringE9from_jsonERKN11ArduinoJson8V743PB2210JsonObjectE                                                                                                                                                                                                                                                      96            0
.xt.prop._ZN7sensesp8SKOutputIbE9from_jsonERKN11ArduinoJson8V743PB2210JsonObjectE                                                                                                                                                                                                                                                            96            0
.xt.prop._ZN7sensesp8SKOutputIfE9from_jsonERKN11ArduinoJson8V743PB2210JsonObjectE                                                                                                                                                                                                                                                            96            0
.xt.prop._ZN7sensesp9TransformIffED5Ev                                                                                                                                                                                                                                                                                                       12            0
.xt.prop._ZN7sensesp18SymmetricTransformIfED5Ev                                                                                                                                                                                                                                                                                              12            0
.xt.prop._ZN7sensesp8SKOutputIfED5Ev                                                                                                                                                                                                                                                                                                         12            0
.xt.prop._ZNSt23_Sp_counted_ptr_inplaceIN7sensesp8SKOutputIfEESaIS2_ELN9__gnu_cxx12_Lock_policyE2EE10_M_disposeEv                                                                                                                                                                                                                            36            0
.xt.prop._ZN7sensesp9TransformIbbED5Ev                                                                                                                                                                                                                                                                                                       12            0
.xt.prop._ZN7sensesp18SymmetricTransformIbED5Ev                                                                                                                                                                                                                                                                                              12            0
.xt.prop._ZN7sensesp8SKOutputIbED5Ev                                                                                                                                                                                                                                                                                                         12            0
.xt.prop._ZNSt23_Sp_counted_ptr_inplaceIN7sensesp8SKOutputIbEESaIS2_ELN9__gnu_cxx12_Lock_policyE2EE10_M_disposeEv                                                                                                                                                                                                                            36            0
.xt.prop._ZN7sensesp14ConfigItemBaseD5Ev                                                                                                                                                                                                                                                                                                      0            0
.xt.prop._ZN7sensesp11ConfigItemTINS_25PersistingObservableValueI6StringEEEC5ESt10shared_ptrIS3_E                                                                                                                                                                                                                                            12            0
.xt.prop._ZNSt10__weak_ptrIN7sensesp14ConfigItemBaseELN9__gnu_cxx12_Lock_policyE2EE9_M_assignEPS1_RKSt14__shared_countILS3_2EE                                                                                                                                                                                                              132            0
.xt.prop._ZN7sensesp10ConfigItemINS_25PersistingObservableValueI6StringEEEESt10shared_ptrINS_11ConfigItemTIT_EEES4_IS6_E                                                                                                                                                                                                                     72            0
.xt.prop._ZN7sensesp14SensESPBaseApp13init_hostnameERK6String                                                                                                                                                                                                                                                                               144            0
.xt.prop._ZN7sensesp14SensESPBaseApp5setupEv                                                                                                                                                                                                                                                                                                 72            0
.xt.prop._ZN7sensesp17SensESPAppBuilder12set_hostnameE6String                                                                                                                                                                                                                                                                               108            0
.xt.prop._ZN7sensesp11ConfigItemTINS_15WiFiProvisionerEEC5ESt10shared_ptrIS1_E                                                                                                                                                                                                                                                               12            0
.xt.prop._ZN7sensesp10ConfigItemINS_15WiFiProvisionerEEESt10shared_ptrINS_11ConfigItemTIT_EEES2_IS4_E                                                                                                                                                                                                                                        72            0
.xt.prop._ZN7sensesp11ConfigItemTINS_10HTTPServerEEC5ESt10shared_ptrIS1_E                                                                                                                                                                                                                                                                    12            0
.xt.prop._ZN7sensesp10ConfigItemINS_10HTTPServerEEESt10shared_ptrINS_11ConfigItemTIT_EEES2_IS4_E                                                                                                                                                                                                                                             72            0
.xt.prop._ZN7sensesp11ConfigItemTINS_10SKWSClientEEC5ESt10shared_ptrIS1_E                                                                                                                                                                                                                                                                    12            0
.xt.prop._ZN7sensesp10ConfigItemINS_10SKWSClientEEESt10shared_ptrINS_11ConfigItemTIT_EEES2_IS4_E                                                                                                                                                                                                                                             72            0
.xt.prop._ZN7sensesp10SensESPApp5setupEv                                                                                                                                                                                                                                                                                                   1044            0
.xt.prop._ZN7sensesp11ConfigItemTI13SettingsStoreEC5ESt10shared_ptrIS1_E                                                                                                                                                                                                                                                                     12            0
.xt.prop._ZN7sensesp10ConfigItemI13SettingsStoreEESt10shared_ptrINS_11ConfigItemTIT_EEES2_IS4_E                                                                                                                                                                                                                                              72            0
.xt.prop._ZN7sensesp11ConfigItemTI22CerboMqttSettingsStoreEC5ESt10shared_ptrIS1_E                                                                                                                                                                                                                                                            12            0
.xt.prop._ZN7sensesp10ConfigItemI22CerboMqttSettingsStoreEESt10shared_ptrINS_11ConfigItemTIT_EEES2_IS4_E                                                                                                                                                                                                                                     72            0
.xt.prop._ZNSt12__weak_countILN9__gnu_cxx12_Lock_policyE2EED5Ev                                                                                                                                                                                                                                                                               0            0
.xt.prop._ZN7sensesp9TransformIffEC5E6String                                                                                                                                                                                                                                                                                                 12            0
.xt.prop._ZN7sensesp18SymmetricTransformIfEC5E6String                                                                                                                                                                                                                                                                                         0            0
.xt.prop._ZN7sensesp8SKOutputIfEC5E6StringS2_St10shared_ptrINS_10SKMetadataEE                                                                                                                                                                                                                                                                 0            0
.xt.prop._ZN7sensesp8SKOutputIfEC5E6StringS2_PNS_10SKMetadataE                                                                                                                                                                                                                                                                                0            0
.xt.prop._ZN7sensesp9TransformIbbEC5E6String                                                                                                                                                                                                                                                                                                 12            0
.xt.prop._ZN7sensesp18SymmetricTransformIbEC5E6String                                                                                                                                                                                                                                                                                         0            0
.xt.prop._ZN7sensesp8SKOutputIbEC5E6StringS2_St10shared_ptrINS_10SKMetadataEE                                                                                                                                                                                                                                                                 0            0
.xt.prop._ZN7sensesp8SKOutputIbEC5E6StringS2_PNS_10SKMetadataE                                                                                                                                                                                                                                                                                0            0
.xt.prop._ZN7sensesp12ConfigSchemaI6StringEEKS1_RKNS_25PersistingObservableValueIT_EE                                                                                                                                                                                                                                                       156            0
.xt.prop._ZNK7sensesp11ConfigItemTINS_25PersistingObservableValueI6StringEEE25get_default_config_schemaEv                                                                                                                                                                                                                                    36            0
.xt.prop._ZN7sensesp11ConfigItemTI22CerboMqttSettingsStoreED5Ev                                                                                                                                                                                                                                                                               0            0
.xt.prop._ZNSt23_Sp_counted_ptr_inplaceIN7sensesp11ConfigItemTI22CerboMqttSettingsStoreEESaIS3_ELN9__gnu_cxx12_Lock_policyE2EE10_M_disposeEv                                                                                                                                                                                                 36            0
.xt.prop._ZN7sensesp11ConfigItemTI13SettingsStoreED5Ev                                                                                                                                                                                                                                                                                        0            0
.xt.prop._ZNSt23_Sp_counted_ptr_inplaceIN7sensesp11ConfigItemTI13SettingsStoreEESaIS3_ELN9__gnu_cxx12_Lock_policyE2EE10_M_disposeEv                                                                                                                                                                                                          36            0
.xt.prop._ZN7sensesp11ConfigItemTINS_10SKWSClientEED5Ev                                                                                                                                                                                                                                                                                       0            0
.xt.prop._ZNSt23_Sp_counted_ptr_inplaceIN7sensesp11ConfigItemTINS0_10SKWSClientEEESaIS3_ELN9__gnu_cxx12_Lock_policyE2EE10_M_disposeEv                                                                                                                                                                                                        36            0
.xt.prop._ZN7sensesp11ConfigItemTINS_10HTTPServerEED5Ev                                                                                                                                                                                                                                                                                       0            0
.xt.prop._ZNSt23_Sp_counted_ptr_inplaceIN7sensesp11ConfigItemTINS0_10HTTPServerEEESaIS3_ELN9__gnu_cxx12_Lock_policyE2EE10_M_disposeEv                                                                                                                                                                                                        36            0
.xt.prop._ZN7sensesp11ConfigItemTINS_15WiFiProvisionerEED5Ev                                                                                                                                                                                                                                                                                  0            0
.xt.prop._ZNSt23_Sp_counted_ptr_inplaceIN7sensesp11ConfigItemTINS0_15WiFiProvisionerEEESaIS3_ELN9__gnu_cxx12_Lock_policyE2EE10_M_disposeEv                                                                                                                                                                                                   36            0
.xt.prop._ZN7sensesp11ConfigItemTINS_25PersistingObservableValueI6StringEEED5Ev                                                                                                                                                                                                                                                               0            0
.xt.prop._ZNSt23_Sp_counted_ptr_inplaceIN7sensesp11ConfigItemTINS0_25PersistingObservableValueI6StringEEEESaIS5_ELN9__gnu_cxx12_Lock_policyE2EE10_M_disposeEv                                                                                                                                                                                36            0
.xt.prop._ZN22CerboMqttSettingsStoreD5Ev                                                                                                                                                                                                                                                                                                      0            0
.xt.prop._ZNSt23_Sp_counted_ptr_inplaceI22CerboMqttSettingsStoreSaIS0_ELN9__gnu_cxx12_Lock_policyE2EE10_M_disposeEv                                                                                                                                                                                                                          36            0
.xt.prop._ZN13SettingsStoreD5Ev                                                                                                                                                                                                                                                                                                              12            0
.xt.prop._ZNSt23_Sp_counted_ptr_inplaceI13SettingsStoreSaIS0_ELN9__gnu_cxx12_Lock_policyE2EE10_M_disposeEv                                                                                                                                                                                                                                   36            0
.xt.prop._ZNSt23_Sp_counted_ptr_inplaceIN7sensesp10SKWSClientESaIS1_ELN9__gnu_cxx12_Lock_policyE2EE10_M_disposeEv                                                                                                                                                                                                                            36            0
.xt.prop._ZN7sensesp10HTTPServerD5Ev                                                                                                                                                                                                                                                                                                          0            0
.xt.prop._ZNSt23_Sp_counted_ptr_inplaceIN7sensesp10HTTPServerESaIS1_ELN9__gnu_cxx12_Lock_policyE2EE10_M_disposeEv                                                                                                                                                                                                                            36            0
.xt.prop._ZN7sensesp22SystemStatusControllerD5Ev                                                                                                                                                                                                                                                                                             12            0
.xt.prop._ZNSt23_Sp_counted_ptr_inplaceIN7sensesp22SystemStatusControllerESaIS1_ELN9__gnu_cxx12_Lock_policyE2EE10_M_disposeEv                                                                                                                                                                                                                36            0
.xt.prop._ZN7sensesp25PersistingObservableValueI6StringED5Ev                                                                                                                                                                                                                                                                                  0            0
.xt.prop._ZNSt23_Sp_counted_ptr_inplaceIN7sensesp25PersistingObservableValueI6StringEESaIS3_ELN9__gnu_cxx12_Lock_policyE2EE10_M_disposeEv                                                                                                                                                                                                    36            0
.xt.prop._ZNSt12__shared_ptrIN7sensesp10SKMetadataELN9__gnu_cxx12_Lock_policyE2EEaSEOS4_                                                                                                                                                                                                                                                     36            0
.xt.prop._ZNSt12__shared_ptrIN7sensesp10SKMetadataELN9__gnu_cxx12_Lock_policyE2EEC5ISaIS1_EJRS1_EEESt20_Sp_alloc_shared_tagIT_EDpOT0_                                                                                                                                                                                                        12            0
.xt.prop._ZN7sensesp8SKOutputIbE12set_metadataEPNS_10SKMetadataE                                                                                                                                                                                                                                                                             36            0
.xt.prop._ZN7sensesp8SKOutputIfE12set_metadataEPNS_10SKMetadataE                                                                                                                                                                                                                                                                             36            0
.xt.prop._ZN7sensesp8SKOutputI6StringE12set_metadataEPNS_10SKMetadataE                                                                                                                                                                                                                                                                       36            0
.xt.prop._ZN7sensesp9SKEmitter12get_metadataEv                                                                                                                                                                                                                                                                                               36            0
.xt.prop._ZN7sensesp20MinimalButtonHandler17handle_long_pressEv                                                                                                                                                                                                                                                                              36            0
.xt.prop._ZN7sensesp15SystemStatusLed14set_brightnessEh                                                                                                                                                                                                                                                                                      36            0
.xt.prop._ZNK7sensesp13ValueProducerI6StringE3getEv                                                                                                                                                                                                                                                                                          36            0
.xt.prop._ZNSt14_Function_base13_Base_managerIZN7sensesp14SensESPBaseApp5resetEvEUlvE_E10_M_managerERSt9_Any_dataRKS5_St18_Manager_operation                                                                                                                                                                                                 48            0
.xt.prop._ZNSt14_Function_base13_Base_managerIN7sensesp22SystemStatusController20wifi_state_consumer_MUlRKNS1_9WiFiStateEE_EE10_M_managerERSt9_Any_dataRKS8_St18_Manager_operation                                                                                                                                                           72            0
.xt.prop._ZNSt14_Function_base13_Base_managerIN7sensesp22SystemStatusController29ws_connection_state_consumer_MUlRKNS1_19SKWSConnectionStateEE_EE10_M_managerERSt9_Any_dataRKS8_St18_Manager_operation                                                                                                                                       72            0
.xt.prop._ZNSt14_Function_base13_Base_managerIZN7sensesp10HTTPServerC4EiRK6StringEUlvE_E10_M_managerERSt9_Any_dataRKS8_St18_Manager_operation                                                                                                                                                                                                72            0
.xt.prop._ZNSt14_Function_base13_Base_managerIZZN7sensesp3OTAC4EPKcENKUlvE_clEvEUlvE_E10_M_managerERSt9_Any_dataRKS8_St18_Manager_operation                                                                                                                                                                                                  48            0
.xt.prop._ZNSt14_Function_base13_Base_managerIZZN7sensesp3OTAC4EPKcENKUlvE_clEvEUlvE0_E10_M_managerERSt9_Any_dataRKS8_St18_Manager_operation                                                                                                                                                                                                 48            0
.xt.prop._ZNSt14_Function_base13_Base_managerIZZN7sensesp3OTAC4EPKcENKUlvE_clEvEUljjE1_E10_M_managerERSt9_Any_dataRKS8_St18_Manager_operation                                                                                                                                                                                                48            0
.xt.prop._ZNSt14_Function_base13_Base_managerIZZN7sensesp3OTAC4EPKcENKUlvE_clEvEUl11ota_error_tE2_E10_M_managerERSt9_Any_dataRKS9_St18_Manager_operation                                                                                                                                                                                     48            0
.xt.prop._ZNSt17_Function_handlerIFvvEPS0_E9_M_invokeERKSt9_Any_data                                                                                                                                                                                                                                                                         36            0
.xt.prop._ZNSt14_Function_base13_Base_managerIPFvvEE10_M_managerERSt9_Any_dataRKS4_St18_Manager_operation                                                                                                                                                                                                                                    60            0
.xt.prop._ZNSt14_Function_base13_Base_managerIZN7sensesp3OTAC4EPKcEUlvE_E10_M_managerERSt9_Any_dataRKS7_St18_Manager_operation                                                                                                                                                                                                               72            0
.xt.prop._ZNSt14_Function_base13_Base_managerIZN7sensesp17BaseButtonHandlerC4Ei6StringEUlvE_E10_M_managerERSt9_Any_dataRKS6_St18_Manager_operation                                                                                                                                                                                           72            0
.xt.prop._ZNSt14_Function_base13_Base_managerIN7sensesp19BaseSystemStatusLed23system_status_consumer_MUlNS1_12SystemStatusEE_EE10_M_managerERSt9_Any_dataRKS6_St18_Manager_operation                                                                                                                                                         72            0
.xt.prop._ZNSt14_Function_base13_Base_managerIZN7sensesp19BaseSystemStatusLedC4EvEUlvE_E10_M_managerERSt9_Any_dataRKS5_St18_Manager_operation                                                                                                                                                                                                72            0
.xt.prop._ZNSt14_Function_base13_Base_managerIZN7sensesp19BaseSystemStatusLedC4EvEUlvE0_E10_M_managerERSt9_Any_dataRKS5_St18_Manager_operation                                                                                                                                                                                               72            0
.xt.prop._ZNK7sensesp13ValueProducerINS_19SKWSConnectionStateEE3getEv                                                                                                                                                                                                                                                                        36            0
.xt.prop._ZNSt14_Function_base13_Base_managerIZN7sensesp10SensESPApp25connect_status_page_itemsEvEUlvE_E10_M_managerERSt9_Any_dataRKS5_St18_Manager_operation                                                                                                                                                                                72            0
.xt.prop._ZNK7sensesp13ValueProducerIiE3getEv                                                                                                                                                                                                                                                                                                36            0
.xt.prop._ZNK7sensesp13ValueProducerINS_12SystemStatusEE3getEv                                                                                                                                                                                                                                                                               36            0
.xt.prop._ZNSt17_Function_handlerIFvvEZN7sensesp13ValueProducerINS1_9WiFiStateEE10connect_toINS1_13ValueConsumerIS3_EEEENSt9enable_ifIXaasrSt10is_base_ofINS6_INT_10input_typeEEESA_E5valuesrSt14is_convertibleIS3_SB_E5valueEPSA_E4typeESG_EUlvE_E9_M_invokeERKSt9_Any_data                                                                 36            0
.xt.prop._ZNSt14_Function_base13_Base_managerIZN7sensesp13ValueProducerINS1_9WiFiStateEE10connect_toINS1_13ValueConsumerIS3_EEEENSt9enable_ifIXaasrSt10is_base_ofINS6_INT_10input_typeEEESA_E5valuesrSt14is_convertibleIS3_SB_E5valueEPSA_E4typeESG_EUlvE_E10_M_managerERSt9_Any_dataRKSL_St18_Manager_operation                             84            0
.xt.prop._ZNSt17_Function_handlerIFvvEZN7sensesp13ValueProducerINS1_19SKWSConnectionStateEE10connect_toINS1_13ValueConsumerIS3_EEEENSt9enable_ifIXaasrSt10is_base_ofINS6_INT_10input_typeEEESA_E5valuesrSt14is_convertibleIS3_SB_E5valueEPSA_E4typeESG_EUlvE_E9_M_invokeERKSt9_Any_data                                                      36            0
.xt.prop._ZNSt14_Function_base13_Base_managerIZN7sensesp13ValueProducerINS1_19SKWSConnectionStateEE10connect_toINS1_13ValueConsumerIS3_EEEENSt9enable_ifIXaasrSt10is_base_ofINS6_INT_10input_typeEEESA_E5valuesrSt14is_convertibleIS3_SB_E5valueEPSA_E4typeESG_EUlvE_E10_M_managerERSt9_Any_dataRKSL_St18_Manager_operation                  84            0
.xt.prop._ZN7sensesp13ValueConsumerIiE3setERKi                                                                                                                                                                                                                                                                                               36            0
.xt.prop._ZNSt14_Function_base13_Base_managerIZN7sensesp13ValueProducerI6StringE10connect_toINS1_14StatusPageItemIS3_EEEENSt9enable_ifIXaasrSt10is_base_ofINS1_13ValueConsumerINT_10input_typeEEESB_E5valuesrSt14is_convertibleIS3_SC_E5valueEPSB_E4typeESH_EUlvE_E10_M_managerERSt9_Any_dataRKSM_St18_Manager_operation                     84            0
.xt.prop._ZNSt17_Function_handlerIFvvEZN7sensesp13ValueProducerIiE10connect_toINS1_14StatusPageItemIiEEEENSt9enable_ifIXaasrSt10is_base_ofINS1_13ValueConsumerINT_10input_typeEEESA_E5valuesrSt14is_convertibleIiSB_E5valueEPSA_E4typeESG_EUlvE_E9_M_invokeERKSt9_Any_data                                                                   36            0
.xt.prop._ZNSt14_Function_base13_Base_managerIZN7sensesp13ValueProducerIiE10connect_toINS1_14StatusPageItemIiEEEENSt9enable_ifIXaasrSt10is_base_ofINS1_13ValueConsumerINT_10input_typeEEESA_E5valuesrSt14is_convertibleIiSB_E5valueEPSA_E4typeESG_EUlvE_E10_M_managerERSt9_Any_dataRKSL_St18_Manager_operation                               84            0
.xt.prop._ZNK7sensesp13ValueProducerIfE3getEv                                                                                                                                                                                                                                                                                                36            0
.xt.prop._ZNSt17_Function_handlerIFvvEZN7sensesp13ValueProducerINS1_12SystemStatusEE10connect_toINS1_14LambdaConsumerIS3_EEEENSt9enable_ifIXaasrSt10is_base_ofINS1_13ValueConsumerINT_10input_typeEEESB_E5valuesrSt14is_convertibleIS3_SC_E5valueEPSB_E4typeESH_EUlvE_E9_M_invokeERKSt9_Any_data                                             36            0
.xt.prop._ZNSt14_Function_base13_Base_managerIZN7sensesp13ValueProducerINS1_12SystemStatusEE10connect_toINS1_14LambdaConsumerIS3_EEEENSt9enable_ifIXaasrSt10is_base_ofINS1_13ValueConsumerINT_10input_typeEEESB_E5valuesrSt14is_convertibleIS3_SC_E5valueEPSB_E4typeESH_EUlvE_E10_M_managerERSt9_Any_dataRKSM_St18_Manager_operation         84            0
.xt.prop._ZNSt17_Function_handlerIFvvEZN7sensesp13ValueProducerIiE10connect_toINS1_13ValueConsumerIiEEEENSt9enable_ifIXaasrSt10is_base_ofINS5_INT_10input_typeEEES9_E5valuesrSt14is_convertibleIiSA_E5valueEPS9_E4typeESF_EUlvE_E9_M_invokeERKSt9_Any_data                                                                                   36            0
.xt.prop._ZNSt14_Function_base13_Base_managerIZN7sensesp13ValueProducerIiE10connect_toINS1_13ValueConsumerIiEEEENSt9enable_ifIXaasrSt10is_base_ofINS5_INT_10input_typeEEES9_E5valuesrSt14is_convertibleIiSA_E5valueEPS9_E4typeESF_EUlvE_E10_M_managerERSt9_Any_dataRKSK_St18_Manager_operation                                               84            0
.xt.prop._ZNSt14_Function_base13_Base_managerIZN7sensesp25PersistingObservableValueI6StringEC4ERKS3_S3_EUlvE_E10_M_managerERSt9_Any_dataRKS9_St18_Manager_operation                                                                                                                                                                          72            0
.xt.prop._ZNSt15_Sp_counted_ptrIPN7sensesp10SKMetadataELN9__gnu_cxx12_Lock_policyE2EED2Ev                                                                                                                                                                                                                                                    36            0
.xt.prop._ZNSt15_Sp_counted_ptrIPN7sensesp10SensESPAppELN9__gnu_cxx12_Lock_policyE2EED2Ev                                                                                                                                                                                                                                                    36            0
.xt.prop._ZNSt23_Sp_counted_ptr_inplaceIN7sensesp11ConfigItemTI22CerboMqttSettingsStoreEESaIS3_ELN9__gnu_cxx12_Lock_policyE2EED2Ev                                                                                                                                                                                                           36            0
.xt.prop._ZNSt23_Sp_counted_ptr_inplaceIN7sensesp11ConfigItemTI13SettingsStoreEESaIS3_ELN9__gnu_cxx12_Lock_policyE2EED2Ev                                                                                                                                                                                                                    36            0
.xt.prop._ZNSt23_Sp_counted_ptr_inplaceIN7sensesp11ConfigItemTINS0_10SKWSClientEEESaIS3_ELN9__gnu_cxx12_Lock_policyE2EED2Ev                                                                                                                                                                                                                  36            0
.xt.prop._ZNSt23_Sp_counted_ptr_inplaceIN7sensesp11ConfigItemTINS0_10HTTPServerEEESaIS3_ELN9__gnu_cxx12_Lock_policyE2EED2Ev                                                                                                                                                                                                                  36            0
.xt.prop._ZNSt23_Sp_counted_ptr_inplaceIN7sensesp11ConfigItemTINS0_15WiFiProvisionerEEESaIS3_ELN9__gnu_cxx12_Lock_policyE2EED2Ev                                                                                                                                                                                                             36            0
.xt.prop._ZNSt23_Sp_counted_ptr_inplaceIN7sensesp11ConfigItemTINS0_25PersistingObservableValueI6StringEEEESaIS5_ELN9__gnu_cxx12_Lock_policyE2EED2Ev                                                                                                                                                                                          36            0
.xt.prop._ZNSt23_Sp_counted_ptr_inplaceIN7sensesp8SKOutputI6StringEESaIS3_ELN9__gnu_cxx12_Lock_policyE2EED2Ev                                                                                                                                                                                                                                36            0
.xt.prop._ZNSt23_Sp_counted_ptr_inplaceIN7sensesp8SKOutputIbEESaIS2_ELN9__gnu_cxx12_Lock_policyE2EED2Ev                                                                                                                                                                                                                                      36            0
.xt.prop._ZNSt23_Sp_counted_ptr_inplaceIN7sensesp8SKOutputIfEESaIS2_ELN9__gnu_cxx12_Lock_policyE2EED2Ev                                                                                                                                                                                                                                      36            0
.xt.prop._ZNSt23_Sp_counted_ptr_inplaceI22CerboMqttSettingsStoreSaIS0_ELN9__gnu_cxx12_Lock_policyE2EED2Ev                                                                                                                                                                                                                                    36            0
.xt.prop._ZNSt23_Sp_counted_ptr_inplaceI13SettingsStoreSaIS0_ELN9__gnu_cxx12_Lock_policyE2EED2Ev                                                                                                                                                                                                                                             36            0
.xt.prop._ZNSt23_Sp_counted_ptr_inplaceIN7sensesp13ButtonHandlerESaIS1_ELN9__gnu_cxx12_Lock_policyE2EED2Ev                                                                                                                                                                                                                                   36            0
.xt.prop._ZNSt23_Sp_counted_ptr_inplaceIN7sensesp15SystemStatusLedESaIS1_ELN9__gnu_cxx12_Lock_policyE2EED2Ev                                                                                                                                                                                                                                 36            0
.xt.prop._ZNSt23_Sp_counted_ptr_inplaceIN7sensesp13MDNSDiscoveryESaIS1_ELN9__gnu_cxx12_Lock_policyE2EED2Ev                                                                                                                                                                                                                                   36            0
.xt.prop._ZNSt23_Sp_counted_ptr_inplaceIN7sensesp13MDNSDiscoveryESaIS1_ELN9__gnu_cxx12_Lock_policyE2EE10_M_disposeEv                                                                                                                                                                                                                         36            0
.xt.prop._ZNSt23_Sp_counted_ptr_inplaceIN7sensesp10SKWSClientESaIS1_ELN9__gnu_cxx12_Lock_policyE2EED2Ev                                                                                                                                                                                                                                      36            0
.xt.prop._ZNSt23_Sp_counted_ptr_inplaceIN7sensesp12SKDeltaQueueESaIS1_ELN9__gnu_cxx12_Lock_policyE2EED2Ev                                                                                                                                                                                                                                    36            0
.xt.prop._ZNSt23_Sp_counted_ptr_inplaceIN7sensesp10HTTPServerESaIS1_ELN9__gnu_cxx12_Lock_policyE2EED2Ev                                                                                                                                                                                                                                      36            0
.xt.prop._ZNSt23_Sp_counted_ptr_inplaceIN7sensesp3OTAESaIS1_ELN9__gnu_cxx12_Lock_policyE2EED2Ev                                                                                                                                                                                                                                              36            0
.xt.prop._ZNSt23_Sp_counted_ptr_inplaceIN7sensesp15WiFiProvisionerESaIS1_ELN9__gnu_cxx12_Lock_policyE2EED2Ev                                                                                                                                                                                                                                 36            0
.xt.prop._ZNSt23_Sp_counted_ptr_inplaceIN7sensesp20NetworkStateProducerESaIS1_ELN9__gnu_cxx12_Lock_policyE2EED2Ev                                                                                                                                                                                                                            36            0
.xt.prop._ZNSt23_Sp_counted_ptr_inplaceIN7sensesp22SystemStatusControllerESaIS1_ELN9__gnu_cxx12_Lock_policyE2EED2Ev                                                                                                                                                                                                                          36            0
.xt.prop._ZNSt23_Sp_counted_ptr_inplaceIN7sensesp25PersistingObservableValueI6StringEESaIS3_ELN9__gnu_cxx12_Lock_policyE2EED2Ev                                                                                                                                                                                                              36            0
.xt.prop._ZNSt23_Sp_counted_ptr_inplaceIN8reactesp9EventLoopESaIS1_ELN9__gnu_cxx12_Lock_policyE2EED2Ev                                                                                                                                                                                                                                       36            0
.xt.prop._ZNSt23_Sp_counted_ptr_inplaceIN7sensesp10FilesystemESaIS1_ELN9__gnu_cxx12_Lock_policyE2EED2Ev                                                                                                                                                                                                                                      36            0
.xt.prop._ZNSt15_Sp_counted_ptrIPN7sensesp10SKMetadataELN9__gnu_cxx12_Lock_policyE2EE14_M_get_deleterERKSt9type_info                                                                                                                                                                                                                         36            0
.xt.prop._ZNSt15_Sp_counted_ptrIPN7sensesp10SensESPAppELN9__gnu_cxx12_Lock_policyE2EE14_M_get_deleterERKSt9type_info                                                                                                                                                                                                                         36            0
.xt.prop._ZN7sensesp11ConfigItemTINS_10SKWSClientEE4loadEv                                                                                                                                                                                                                                                                                   36            0
.xt.prop._ZN7sensesp11ConfigItemTINS_10SKWSClientEE7refreshEv                                                                                                                                                                                                                                                                                36            0
.xt.prop._ZN7sensesp11ConfigItemTINS_10SKWSClientEE4saveEv                                                                                                                                                                                                                                                                                   36            0
.xt.prop._ZNK7sensesp11ConfigItemTINS_10SKWSClientEE15get_config_pathEv                                                                                                                                                                                                                                                                      36            0
.xt.prop._ZN7sensesp11ConfigItemTINS_10HTTPServerEE4loadEv                                                                                                                                                                                                                                                                                   36            0
.xt.prop._ZN7sensesp11ConfigItemTINS_10HTTPServerEE7refreshEv                                                                                                                                                                                                                                                                                36            0
.xt.prop._ZN7sensesp11ConfigItemTINS_10HTTPServerEE4saveEv                                                                                                                                                                                                                                                                                   36            0
.xt.prop._ZNK7sensesp11ConfigItemTINS_10HTTPServerEE7to_jsonERN11ArduinoJson8V743PB2210JsonObjectE                                                                                                                                                                                                                                           36            0
.xt.prop._ZNK7sensesp11ConfigItemTINS_10HTTPServerEE9from_jsonERKN11ArduinoJson8V743PB2210JsonObjectE                                                                                                                                                                                                                                        36            0
.xt.prop._ZNK7sensesp11ConfigItemTINS_10HTTPServerEE15get_config_pathEv                                                                                                                                                                                                                                                                      36            0
.xt.prop._ZN7sensesp11ConfigItemTINS_15WiFiProvisionerEE4loadEv                                                                                                                                                                                                                                                                              36            0
.xt.prop._ZN7sensesp11ConfigItemTINS_15WiFiProvisionerEE7refreshEv                                                                                                                                                                                                                                                                           36            0
.xt.prop._ZN7sensesp11ConfigItemTINS_15WiFiProvisionerEE4saveEv                                                                                                                                                                                                                                                                              36            0
.xt.prop._ZNK7sensesp11ConfigItemTINS_15WiFiProvisionerEE7to_jsonERN11ArduinoJson8V743PB2210JsonObjectE                                                                                                                                                                                                                                      36            0
.xt.prop._ZNK7sensesp11ConfigItemTINS_15WiFiProvisionerEE9from_jsonERKN11ArduinoJson8V743PB2210JsonObjectE                                                                                                                                                                                                                                   36            0
.xt.prop._ZNK7sensesp11ConfigItemTINS_15WiFiProvisionerEE15get_config_pathEv                                                                                                                                                                                                                                                                 36            0
.xt.prop._ZN7sensesp11ConfigItemTINS_25PersistingObservableValueI6StringEEE4loadEv                                                                                                                                                                                                                                                           36            0
.xt.prop._ZN7sensesp11ConfigItemTINS_25PersistingObservableValueI6StringEEE7refreshEv                                                                                                                                                                                                                                                        36            0
.xt.prop._ZN7sensesp11ConfigItemTINS_25PersistingObservableValueI6StringEEE4saveEv                                                                                                                                                                                                                                                           36            0
.xt.prop._ZNK7sensesp11ConfigItemTINS_25PersistingObservableValueI6StringEEE7to_jsonERN11ArduinoJson8V743PB2210JsonObjectE                                                                                                                                                                                                                   36            0
.xt.prop._ZNK7sensesp11ConfigItemTINS_25PersistingObservableValueI6StringEEE9from_jsonERKN11ArduinoJson8V743PB2210JsonObjectE                                                                                                                                                                                                                36            0
.xt.prop._ZNK7sensesp11ConfigItemTINS_25PersistingObservableValueI6StringEEE15get_config_pathEv                                                                                                                                                                                                                                              36            0
.xt.prop._ZN7sensesp13ValueConsumerIiE9set_inputERKi                                                                                                                                                                                                                                                                                         36            0
.xt.prop._ZN7sensesp11ConfigItemTI22CerboMqttSettingsStoreE4loadEv                                                                                                                                                                                                                                                                           36            0
.xt.prop._ZN7sensesp11ConfigItemTI22CerboMqttSettingsStoreE7refreshEv                                                                                                                                                                                                                                                                        36            0
.xt.prop._ZN7sensesp11ConfigItemTI22CerboMqttSettingsStoreE4saveEv                                                                                                                                                                                                                                                                           36            0
.xt.prop._ZNK7sensesp11ConfigItemTI22CerboMqttSettingsStoreE7to_jsonERN11ArduinoJson8V743PB2210JsonObjectE                                                                                                                                                                                                                                   36            0
.xt.prop._ZNK7sensesp11ConfigItemTI22CerboMqttSettingsStoreE9from_jsonERKN11ArduinoJson8V743PB2210JsonObjectE                                                                                                                                                                                                                                36            0
.xt.prop._ZNK7sensesp11ConfigItemTI22CerboMqttSettingsStoreE15get_config_pathEv                                                                                                                                                                                                                                                              36            0
.xt.prop._ZN7sensesp11ConfigItemTI13SettingsStoreE4loadEv                                                                                                                                                                                                                                                                                    36            0
.xt.prop._ZN7sensesp11ConfigItemTI13SettingsStoreE7refreshEv                                                                                                                                                                                                                                                                                 36            0
.xt.prop._ZN7sensesp11ConfigItemTI13SettingsStoreE4saveEv                                                                                                                                                                                                                                                                                    36            0
.xt.prop._ZNK7sensesp11ConfigItemTI13SettingsStoreE7to_jsonERN11ArduinoJson8V743PB2210JsonObjectE                                                                                                                                                                                                                                            36            0
.xt.prop._ZNK7sensesp11ConfigItemTI13SettingsStoreE9from_jsonERKN11ArduinoJson8V743PB2210JsonObjectE                                                                                                                                                                                                                                         36            0
.xt.prop._ZNK7sensesp11ConfigItemTI13SettingsStoreE15get_config_pathEv                                                                                                                                                                                                                                                                       36            0
.xt.prop._ZN7sensesp8SKOutputIbE12get_metadataEv                                                                                                                                                                                                                                                                                             36            0
.xt.prop._ZN7sensesp13ValueConsumerIbE9set_inputERKb                                                                                                                                                                                                                                                                                         36            0
.xt.prop._ZNK7sensesp13ValueProducerIbE3getEv                                                                                                                                                                                                                                                                                                36            0
.xt.prop._ZN7sensesp13ValueConsumerIbE3setERKb                                                                                                                                                                                                                                                                                               36            0
.xt.prop._ZN7sensesp8SKOutputIfE12get_metadataEv                                                                                                                                                                                                                                                                                             36            0
.xt.prop._ZN7sensesp13ValueConsumerIfE9set_inputERKf                                                                                                                                                                                                                                                                                         36            0
.xt.prop._ZN7sensesp13ValueConsumerIfE3setERKf                                                                                                                                                                                                                                                                                               36            0
.xt.prop._ZN7sensesp13ValueConsumerINS_12SystemStatusEE9set_inputERKS1_                                                                                                                                                                                                                                                                      36            0
.xt.prop._ZN7sensesp13ValueConsumerIyE9set_inputERKy                                                                                                                                                                                                                                                                                         36            0
.xt.prop._ZNK7sensesp13ValueProducerIyE3getEv                                                                                                                                                                                                                                                                                                36            0
.xt.prop._ZN7sensesp13ValueConsumerIyE3setERKy                                                                                                                                                                                                                                                                                               36            0
.xt.prop._ZN7sensesp13ValueConsumerItE9set_inputERKt                                                                                                                                                                                                                                                                                         36            0
.xt.prop._ZNK7sensesp13ValueProducerItE3getEv                                                                                                                                                                                                                                                                                                36            0
.xt.prop._ZN7sensesp13ValueConsumerItE3setERKt                                                                                                                                                                                                                                                                                               36            0
.xt.prop._ZN7sensesp13ValueConsumerIaE9set_inputERKa                                                                                                                                                                                                                                                                                         36            0
.xt.prop._ZNK7sensesp13ValueProducerIaE3getEv                                                                                                                                                                                                                                                                                                36            0
.xt.prop._ZN7sensesp13ValueConsumerIaE3setERKa                                                                                                                                                                                                                                                                                               36            0
.xt.prop._ZN7sensesp13ValueConsumerI6StringE9set_inputERKS1_                                                                                                                                                                                                                                                                                 36            0
.xt.prop._ZN7sensesp13ValueConsumerINS_19SKWSConnectionStateEE9set_inputERKS1_                                                                                                                                                                                                                                                               36            0
.xt.prop._ZN7sensesp13ValueConsumerINS_9WiFiStateEE9set_inputERKS1_                                                                                                                                                                                                                                                                          36            0
.xt.prop._ZN7sensesp8SKOutputI6StringE12get_metadataEv                                                                                                                                                                                                                                                                                       36            0
.xt.prop._ZN7sensesp13ValueConsumerI6StringE3setERKS1_                                                                                                                                                                                                                                                                                       36            0
.xt.prop._ZNSt23_Sp_counted_ptr_inplaceIN7sensesp10SKMetadataESaIS1_ELN9__gnu_cxx12_Lock_policyE2EED2Ev                                                                                                                                                                                                                                      36            0
.xt.prop._ZN7sensesp14ConfigItemBaseC4Ev                                                                                                                                                                                                                                                                                                    108            0
.xt.prop._ZNSt15_Sp_counted_ptrIPN7sensesp10SKMetadataELN9__gnu_cxx12_Lock_policyE2EED0Ev                                                                                                                                                                                                                                                    36            0
.xt.prop._ZNSt15_Sp_counted_ptrIPN7sensesp10SensESPAppELN9__gnu_cxx12_Lock_policyE2EED0Ev                                                                                                                                                                                                                                                    36            0
.xt.prop._ZNSt23_Sp_counted_ptr_inplaceIN7sensesp10FilesystemESaIS1_ELN9__gnu_cxx12_Lock_policyE2EED0Ev                                                                                                                                                                                                                                      36            0
.xt.prop._ZNSt23_Sp_counted_ptr_inplaceIN8reactesp9EventLoopESaIS1_ELN9__gnu_cxx12_Lock_policyE2EED0Ev                                                                                                                                                                                                                                       36            0
.xt.prop._ZNSt23_Sp_counted_ptr_inplaceIN7sensesp25PersistingObservableValueI6StringEESaIS3_ELN9__gnu_cxx12_Lock_policyE2EED0Ev                                                                                                                                                                                                              36            0
.xt.prop._ZNSt23_Sp_counted_ptr_inplaceIN7sensesp22SystemStatusControllerESaIS1_ELN9__gnu_cxx12_Lock_policyE2EED0Ev                                                                                                                                                                                                                          36            0
.xt.prop._ZNSt23_Sp_counted_ptr_inplaceIN7sensesp20NetworkStateProducerESaIS1_ELN9__gnu_cxx12_Lock_policyE2EED0Ev                                                                                                                                                                                                                            36            0
.xt.prop._ZNSt23_Sp_counted_ptr_inplaceIN7sensesp15WiFiProvisionerESaIS1_ELN9__gnu_cxx12_Lock_policyE2EED0Ev                                                                                                                                                                                                                                 36            0
.xt.prop._ZNSt23_Sp_counted_ptr_inplaceIN7sensesp3OTAESaIS1_ELN9__gnu_cxx12_Lock_policyE2EED0Ev                                                                                                                                                                                                                                              36            0
.xt.prop._ZNSt23_Sp_counted_ptr_inplaceIN7sensesp10HTTPServerESaIS1_ELN9__gnu_cxx12_Lock_policyE2EED0Ev                                                                                                                                                                                                                                      36            0
.xt.prop._ZNSt23_Sp_counted_ptr_inplaceIN7sensesp12SKDeltaQueueESaIS1_ELN9__gnu_cxx12_Lock_policyE2EED0Ev                                                                                                                                                                                                                                    36            0
.xt.prop._ZNSt23_Sp_counted_ptr_inplaceIN7sensesp10SKWSClientESaIS1_ELN9__gnu_cxx12_Lock_policyE2EED0Ev                                                                                                                                                                                                                                      36            0
.xt.prop._ZNSt23_Sp_counted_ptr_inplaceIN7sensesp13MDNSDiscoveryESaIS1_ELN9__gnu_cxx12_Lock_policyE2EED0Ev                                                                                                                                                                                                                                   36            0
.xt.prop._ZNSt23_Sp_counted_ptr_inplaceIN7sensesp15SystemStatusLedESaIS1_ELN9__gnu_cxx12_Lock_policyE2EED0Ev                                                                                                                                                                                                                                 36            0
.xt.prop._ZNSt23_Sp_counted_ptr_inplaceIN7sensesp13ButtonHandlerESaIS1_ELN9__gnu_cxx12_Lock_policyE2EED0Ev                                                                                                                                                                                                                                   36            0
.xt.prop._ZNSt23_Sp_counted_ptr_inplaceI13SettingsStoreSaIS0_ELN9__gnu_cxx12_Lock_policyE2EED0Ev                                                                                                                                                                                                                                             36            0
.xt.prop._ZNSt23_Sp_counted_ptr_inplaceI22CerboMqttSettingsStoreSaIS0_ELN9__gnu_cxx12_Lock_policyE2EED0Ev                                                                                                                                                                                                                                    36            0
.xt.prop._ZNSt23_Sp_counted_ptr_inplaceIN7sensesp8SKOutputIfEESaIS2_ELN9__gnu_cxx12_Lock_policyE2EED0Ev                                                                                                                                                                                                                                      36            0
.xt.prop._ZNSt23_Sp_counted_ptr_inplaceIN7sensesp8SKOutputIbEESaIS2_ELN9__gnu_cxx12_Lock_policyE2EED0Ev                                                                                                                                                                                                                                      36            0
.xt.prop._ZNSt23_Sp_counted_ptr_inplaceIN7sensesp8SKOutputI6StringEESaIS3_ELN9__gnu_cxx12_Lock_policyE2EED0Ev                                                                                                                                                                                                                                36            0
.xt.prop._ZNSt23_Sp_counted_ptr_inplaceIN7sensesp11ConfigItemTINS0_25PersistingObservableValueI6StringEEEESaIS5_ELN9__gnu_cxx12_Lock_policyE2EED0Ev                                                                                                                                                                                          36            0
.xt.prop._ZNSt23_Sp_counted_ptr_inplaceIN7sensesp11ConfigItemTINS0_15WiFiProvisionerEEESaIS3_ELN9__gnu_cxx12_Lock_policyE2EED0Ev                                                                                                                                                                                                             36            0
.xt.prop._ZNSt23_Sp_counted_ptr_inplaceIN7sensesp11ConfigItemTINS0_10HTTPServerEEESaIS3_ELN9__gnu_cxx12_Lock_policyE2EED0Ev                                                                                                                                                                                                                  36            0
.xt.prop._ZNSt23_Sp_counted_ptr_inplaceIN7sensesp11ConfigItemTINS0_10SKWSClientEEESaIS3_ELN9__gnu_cxx12_Lock_policyE2EED0Ev                                                                                                                                                                                                                  36            0
.xt.prop._ZNSt23_Sp_counted_ptr_inplaceIN7sensesp11ConfigItemTI13SettingsStoreEESaIS3_ELN9__gnu_cxx12_Lock_policyE2EED0Ev                                                                                                                                                                                                                    36            0
.xt.prop._ZNSt23_Sp_counted_ptr_inplaceIN7sensesp11ConfigItemTI22CerboMqttSettingsStoreEESaIS3_ELN9__gnu_cxx12_Lock_policyE2EED0Ev                                                                                                                                                                                                           36            0
.xt.prop._ZNSt23_Sp_counted_ptr_inplaceIN7sensesp10SKMetadataESaIS1_ELN9__gnu_cxx12_Lock_policyE2EED0Ev                                                                                                                                                                                                                                      36            0
.xt.prop._ZNSt17_Function_handlerIFvvEZN7sensesp19BaseSystemStatusLedC4EvEUlvE_E9_M_invokeERKSt9_Any_data                                                                                                                                                                                                                                    36            0
.xt.prop._ZNSt23_Sp_counted_ptr_inplaceIN7sensesp15WiFiProvisionerESaIS1_ELN9__gnu_cxx12_Lock_policyE2EE10_M_disposeEv                                                                                                                                                                                                                       36            0
.xt.prop._ZNSt14_Function_baseD2Ev                                                                                                                                                                                                                                                                                                           36            0
.xt.prop._ZN11ArduinoJson8V743PB226detail15ResourceManagerD2Ev                                                                                                                                                                                                                                                                               96            0
.xt.prop._ZN11ArduinoJson8V743PB2212JsonDocumentC2EPNS0_9AllocatorE                                                                                                                                                                                                                                                                          36            0
.xt.prop._ZN7sensesp18FileSystemSaveableD2Ev                                                                                                                                                                                                                                                                                                 36            0
.xt.prop._ZN7sensesp18FileSystemSaveableD1Ev                                                                                                                                                                                                                                                                                                 36            0
.xt.prop._ZN7sensesp13TransformBaseD2Ev                                                                                                                                                                                                                                                                                                      36            0
.xt.prop._ZN7sensesp13TransformBaseD1Ev                                                                                                                                                                                                                                                                                                      36            0
.xt.prop._ZZZN7sensesp3OTAC4EPKcENKUlvE_clEvENUlvE_4_FUNEv                                                                                                                                                                                                                                                                                   36            0
.xt.prop._ZZZN7sensesp3OTAC4EPKcENKUlvE_clEvENUlvE0_4_FUNEv                                                                                                                                                                                                                                                                                  36            0
.xt.prop._ZZZN7sensesp3OTAC4EPKcENKUlvE_clEvENUljjE1_4_FUNEjj                                                                                                                                                                                                                                                                                36            0
.xt.prop._ZZZN7sensesp3OTAC4EPKcENKUlvE_clEvENUl11ota_error_tE2_4_FUNES4_                                                                                                                                                                                                                                                                    36            0
.xt.prop._ZNK7sensesp19BaseSystemStatusLed23system_status_consumer_MUlNS_12SystemStatusEE_clES1_                                                                                                                                                                                                                                            192            0
.xt.prop._ZN7sensesp18StatusPageItemBaseC2E6StringS1_i                                                                                                                                                                                                                                                                                       60            0
.xt.prop._ZN7sensesp18StatusPageItemBaseD2Ev                                                                                                                                                                                                                                                                                                 36            0
.xt.prop._ZNSt14__shared_countILN9__gnu_cxx12_Lock_policyE2EEC2ERKS2_                                                                                                                                                                                                                                                                        48            0
.xt.prop._ZNSt12__shared_ptrIN7sensesp15WiFiProvisionerELN9__gnu_cxx12_Lock_policyE2EEC2ERKS4_                                                                                                                                                                                                                                               36            0
.xt.prop._ZNSt8functionIFvvEEC2ERKS1_                                                                                                                                                                                                                                                                                                        60            0
.xt.prop._ZNSt14_Fwd_list_baseIN7sensesp10Observable13ObserverEntryESaIS2_EED2Ev                                                                                                                                                                                                                                                             60            0
.xt.prop._ZN7sensesp13ValueProducerI6StringED1Ev                                                                                                                                                                                                                                                                                             36            0
.xt.prop._ZN7sensesp9TransformIiiED2Ev                                                                                                                                                                                                                                                                                                       36            0
.xt.prop._ZN7sensesp10IntegratorIiiED2Ev                                                                                                                                                                                                                                                                                                     36            0
.xt.prop._ZN7sensesp15ObservableValueIiED2Ev                                                                                                                                                                                                                                                                                                 36            0
.xt.prop._ZN7sensesp15ObservableValueINS_19SKWSConnectionStateEED2Ev                                                                                                                                                                                                                                                                         36            0
.xt.prop._ZN7sensesp9SKEmitterD1Ev                                                                                                                                                                                                                                                                                                           36            0
.xt.prop._ZN7sensesp22SystemStatusControllerC4Ev                                                                                                                                                                                                                                                                                             48            0
.xt.prop._ZN7sensesp22SystemStatusControllerC1Ev                                                                                                                                                                                                                                                                                             36            0
.xt.prop._ZN7sensesp22SystemStatusControllerC2Ev                                                                                                                                                                                                                                                                                             36            0
.xt.prop._ZN7sensesp15ObservableValueIaED2Ev                                                                                                                                                                                                                                                                                                 36            0
.xt.prop._ZN7sensesp15ObservableValueItED2Ev                                                                                                                                                                                                                                                                                                 36            0
.xt.prop._ZN7sensesp15ObservableValueIyED2Ev                                                                                                                                                                                                                                                                                                 36            0
.xt.prop._ZN7sensesp15ObservableValueIfED2Ev                                                                                                                                                                                                                                                                                                 36            0
.xt.prop._ZN7sensesp14StatusPageItemIfED2Ev                                                                                                                                                                                                                                                                                                  36            0
.xt.prop._ZN7sensesp14StatusPageItemIyED2Ev                                                                                                                                                                                                                                                                                                  36            0
.xt.prop._ZN7sensesp14StatusPageItemItED2Ev                                                                                                                                                                                                                                                                                                  36            0
.xt.prop._ZN7sensesp14StatusPageItemIaED2Ev                                                                                                                                                                                                                                                                                                  36            0
.xt.prop._ZN7sensesp14StatusPageItemIiED2Ev                                                                                                                                                                                                                                                                                                  36            0
.xt.prop._ZN7sensesp15ObservableValueIaED1Ev                                                                                                                                                                                                                                                                                                 36            0
.xt.prop._ZN7sensesp15ObservableValueItED1Ev                                                                                                                                                                                                                                                                                                 36            0
.xt.prop._ZN7sensesp15ObservableValueIyED1Ev                                                                                                                                                                                                                                                                                                 36            0
.xt.prop._ZN7sensesp15ObservableValueIfED1Ev                                                                                                                                                                                                                                                                                                 36            0
.xt.prop._ZN7sensesp15ObservableValueINS_19SKWSConnectionStateEED1Ev                                                                                                                                                                                                                                                                         36            0
.xt.prop._ZN7sensesp15ObservableValueIiED1Ev                                                                                                                                                                                                                                                                                                 36            0
.xt.prop._ZN7sensesp9SKEmitterD2Ev                                                                                                                                                                                                                                                                                                           36            0
.xt.prop._ZN7sensesp13ValueProducerI6StringED2Ev                                                                                                                                                                                                                                                                                             36            0
.xt.prop._ZN7sensesp15ObservableValueI6StringED2Ev                                                                                                                                                                                                                                                                                           36            0
.xt.prop._ZN7sensesp14StatusPageItemI6StringED2Ev                                                                                                                                                                                                                                                                                            36            0
.xt.prop._ZN7sensesp9TransformI6StringS1_ED2Ev                                                                                                                                                                                                                                                                                               36            0
.xt.prop._ZN7sensesp18SymmetricTransformI6StringED2Ev                                                                                                                                                                                                                                                                                        36            0
.xt.prop._ZN7sensesp15ObservableValueI6StringED1Ev                                                                                                                                                                                                                                                                                           36            0
.xt.prop._ZN7sensesp18SymmetricTransformI6StringED1Ev                                                                                                                                                                                                                                                                                        36            0
.xt.prop._ZN7sensesp10IntegratorIiiED1Ev                                                                                                                                                                                                                                                                                                     36            0
.xt.prop._ZN7sensesp14StatusPageItemIaED1Ev                                                                                                                                                                                                                                                                                                  36            0
.xt.prop._ZN7sensesp14StatusPageItemIyED1Ev                                                                                                                                                                                                                                                                                                  36            0
.xt.prop._ZN7sensesp14StatusPageItemIfED1Ev                                                                                                                                                                                                                                                                                                  36            0
.xt.prop._ZN7sensesp14StatusPageItemIiED1Ev                                                                                                                                                                                                                                                                                                  36            0
.xt.prop._ZN7sensesp14StatusPageItemItED1Ev                                                                                                                                                                                                                                                                                                  36            0
.xt.prop._ZN7sensesp14StatusPageItemI6StringED1Ev                                                                                                                                                                                                                                                                                            36            0
.xt.prop._ZN7sensesp9TransformIiiED1Ev                                                                                                                                                                                                                                                                                                       36            0
.xt.prop._ZN7sensesp9TransformI6StringS1_ED1Ev                                                                                                                                                                                                                                                                                               36            0
.xt.prop._ZN7sensesp13ValueProducerI6StringEC2Ev                                                                                                                                                                                                                                                                                             36            0
.xt.prop._ZN7sensesp13ValueProducerI6StringEC1Ev                                                                                                                                                                                                                                                                                             84            0
.xt.prop._ZNSt10unique_ptrIN10ace_button9AceButtonESt14default_deleteIS1_EED2Ev                                                                                                                                                                                                                                                              36            0
.xt.prop._ZNSt6vectorIN7sensesp18LEDPatternFragmentESaIS1_EED2Ev                                                                                                                                                                                                                                                                             60            0
.xt.prop._ZNSt6vectorIN7sensesp18LEDPatternFragmentESaIS1_EEC2ERKS3_                                                                                                                                                                                                                                                                        144            0
.xt.prop._ZNSt16_Sp_counted_baseILN9__gnu_cxx12_Lock_policyE2EE10_M_releaseEv                                                                                                                                                                                                                                                                60            0
.xt.prop._ZNSt14__shared_countILN9__gnu_cxx12_Lock_policyE2EED2Ev                                                                                                                                                                                                                                                                            36            0
.xt.prop._ZN7sensesp17SensESPAppBuilderD2Ev                                                                                                                                                                                                                                                                                                  36            0
.xt.prop._ZN7sensesp3OTAC2EPKc                                                                                                                                                                                                                                                                                                               84            0
.xt.prop._ZN7sensesp17BaseButtonHandlerC2Ei6String                                                                                                                                                                                                                                                                                           96            0
.xt.prop._ZN7sensesp8SKOutputI6StringED2Ev                                                                                                                                                                                                                                                                                                   36            0
.xt.prop._ZN7sensesp8SKOutputI6StringED1Ev                                                                                                                                                                                                                                                                                                   36            0
.xt.prop._ZN7sensesp14SensESPBaseAppC2Ev                                                                                                                                                                                                                                                                                                    120            0
.xt.prop._ZN7sensesp14SensESPBaseAppD2Ev                                                                                                                                                                                                                                                                                                     36            0
.xt.prop._ZNSt11_Deque_baseIN7sensesp19SKWSConnectionStateESaIS1_EED2Ev                                                                                                                                                                                                                                                                      60            0
.xt.prop._ZNSt5dequeIN7sensesp19SKWSConnectionStateESaIS1_EED2Ev                                                                                                                                                                                                                                                                             36            0
.xt.prop._ZN7sensesp17TaskQueueProducerINS_19SKWSConnectionStateEED2Ev                                                                                                                                                                                                                                                                       36            0
.xt.prop._ZN7sensesp17TaskQueueProducerINS_19SKWSConnectionStateEED1Ev                                                                                                                                                                                                                                                                       36            0
.xt.prop._ZN7sensesp15ObservableValueIiEC2ERKi                                                                                                                                                                                                                                                                                               36            0
.xt.prop._ZN7sensesp15ObservableValueIiEC1ERKi                                                                                                                                                                                                                                                                                               36            0
.xt.prop._ZNSt11_Deque_baseIiSaIiEED2Ev                                                                                                                                                                                                                                                                                                      60            0
.xt.prop._ZNSt5dequeIiSaIiEED2Ev                                                                                                                                                                                                                                                                                                             36            0
.xt.prop._ZN7sensesp17TaskQueueProducerIiED2Ev                                                                                                                                                                                                                                                                                               36            0
.xt.prop._ZN7sensesp17TaskQueueProducerIiED1Ev                                                                                                                                                                                                                                                                                               36            0
.xt.prop._ZN7sensesp10SKWSClientD4Ev                                                                                                                                                                                                                                                                                                        108            0
.xt.prop._ZN7sensesp10HTTPServerC4EiRK6String                                                                                                                                                                                                                                                                                               504            0
.xt.prop._ZN7sensesp10HTTPServerC1EiRK6String                                                                                                                                                                                                                                                                                                36            0
.xt.prop._ZN7sensesp10HTTPServerC2EiRK6String                                                                                                                                                                                                                                                                                                36            0
.xt.prop._ZNSt10unique_ptrIN7sensesp10LEDBlinkerESt14default_deleteIS1_EED2Ev                                                                                                                                                                                                                                                                36            0
.xt.prop._ZN7sensesp19BaseSystemStatusLedC2Ev                                                                                                                                                                                                                                                                                               168            0
.xt.prop.__tcf_0                                                                                                                                                                                                                                                                                                                             36            0
.xt.prop._ZNSt8_Rb_treeIhSt4pairIKhaESt10_Select1stIS2_ESt4lessIhESaIS2_EE4findERS1_                                                                                                                                                                                                                                                         96            0
.xt.prop._ZN7sensesp15ObservableValueIaEC2ERKa                                                                                                                                                                                                                                                                                               36            0
.xt.prop._ZN7sensesp15ObservableValueIaEC1ERKa                                                                                                                                                                                                                                                                                               36            0
.xt.prop._ZN7sensesp13ValueProducerI6StringEC2ERKS1_                                                                                                                                                                                                                                                                                         36            0
.xt.prop._ZN7sensesp15ObservableValueI6StringEC1ERKS1_                                                                                                                                                                                                                                                                                       60            0
.xt.prop._ZN7sensesp15ObservableValueI6StringEC2ERKS1_                                                                                                                                                                                                                                                                                       36            0
.xt.prop._ZN7sensesp25PersistingObservableValueI6StringEC4ERKS1_S1_                                                                                                                                                                                                                                                                         204            0
.xt.prop._ZN7sensesp13ValueProducerI6StringEC1ERKS1_                                                                                                                                                                                                                                                                                         84            0
.xt.prop._ZN7sensesp9TransformI6StringS1_EC2ES1_                                                                                                                                                                                                                                                                                             60            0
.xt.prop._ZN7sensesp18SymmetricTransformI6StringEC2ES1_                                                                                                                                                                                                                                                                                      60            0
.xt.prop._ZN7sensesp8SKOutputI6StringEC4ES1_S1_St10shared_ptrINS_10SKMetadataEE                                                                                                                                                                                                                                                             228            0
.xt.prop._ZN7sensesp8SKOutputI6StringEC1ES1_S1_St10shared_ptrINS_10SKMetadataEE                                                                                                                                                                                                                                                              36            0
.xt.prop._ZN7sensesp8SKOutputI6StringEC2ES1_S1_St10shared_ptrINS_10SKMetadataEE                                                                                                                                                                                                                                                              36            0
.xt.prop._ZN7sensesp18SymmetricTransformI6StringEC1ES1_                                                                                                                                                                                                                                                                                      84            0
.xt.prop._ZN7sensesp9TransformI6StringS1_EC1ES1_                                                                                                                                                                                                                                                                                             84            0
.xt.prop._ZN7sensesp10SensESPAppD2Ev                                                                                                                                                                                                                                                                                                         36            0
.xt.prop._ZNSt14__shared_countILN9__gnu_cxx12_Lock_policyE2EEC2IPN7sensesp10SensESPAppEEET_                                                                                                                                                                                                                                                  84            0
.xt.prop._ZN7sensesp10SKMetadataD2Ev                                                                                                                                                                                                                                                                                                         36            0
.xt.prop._ZNSt14__shared_countILN9__gnu_cxx12_Lock_policyE2EEC2IPN7sensesp10SKMetadataEEET_                                                                                                                                                                                                                                                  84            0
.xt.prop._ZN7sensesp8SKOutputI6StringEC2ES1_S1_PNS_10SKMetadataE                                                                                                                                                                                                                                                                             96            0
.xt.prop._ZN7sensesp8SKOutputI6StringEC1ES1_S1_PNS_10SKMetadataE                                                                                                                                                                                                                                                                             96            0
.xt.prop._ZN7sensesp14StatusPageItemIaEC4E6StringRKaS2_i                                                                                                                                                                                                                                                                                    216            0
.xt.prop._ZN7sensesp14StatusPageItemIaEC1E6StringRKaS2_i                                                                                                                                                                                                                                                                                     36            0
.xt.prop._ZN7sensesp14StatusPageItemIaEC2E6StringRKaS2_i                                                                                                                                                                                                                                                                                     36            0
.xt.prop._ZN7sensesp14StatusPageItemItEC4E6StringRKtS2_i                                                                                                                                                                                                                                                                                    204            0
.xt.prop._ZN7sensesp14StatusPageItemItEC1E6StringRKtS2_i                                                                                                                                                                                                                                                                                     36            0
.xt.prop._ZN7sensesp14StatusPageItemItEC2E6StringRKtS2_i                                                                                                                                                                                                                                                                                     36            0
.xt.prop._ZN7sensesp14StatusPageItemIiEC4E6StringRKiS2_i                                                                                                                                                                                                                                                                                    216            0
.xt.prop._ZN7sensesp14StatusPageItemIiEC1E6StringRKiS2_i                                                                                                                                                                                                                                                                                     36            0
.xt.prop._ZN7sensesp14StatusPageItemIiEC2E6StringRKiS2_i                                                                                                                                                                                                                                                                                     36            0
.xt.prop._ZN7sensesp14StatusPageItemIyEC4E6StringRKyS2_i                                                                                                                                                                                                                                                                                    204            0
.xt.prop._ZN7sensesp14StatusPageItemIyEC1E6StringRKyS2_i                                                                                                                                                                                                                                                                                     36            0
.xt.prop._ZN7sensesp14StatusPageItemIyEC2E6StringRKyS2_i                                                                                                                                                                                                                                                                                     36            0
.xt.prop._ZN7sensesp14StatusPageItemIfEC4E6StringRKfS2_i                                                                                                                                                                                                                                                                                    204            0
.xt.prop._ZN7sensesp14StatusPageItemIfEC1E6StringRKfS2_i                                                                                                                                                                                                                                                                                     36            0
.xt.prop._ZN7sensesp14StatusPageItemIfEC2E6StringRKfS2_i                                                                                                                                                                                                                                                                                     36            0
.xt.prop._ZN7sensesp14StatusPageItemI6StringEC4ES1_RKS1_S1_i                                                                                                                                                                                                                                                                                240            0
.xt.prop._ZN7sensesp14StatusPageItemI6StringEC1ES1_RKS1_S1_i                                                                                                                                                                                                                                                                                 36            0
.xt.prop._ZN7sensesp10SensESPAppC2Ev                                                                                                                                                                                                                                                                                                       2184            0
.xt.prop._ZN7sensesp17SensESPAppBuilderC2Ev                                                                                                                                                                                                                                                                                                 168            0
.xt.prop._ZN7sensesp14StatusPageItemI6StringEC2ES1_RKS1_S1_i                                                                                                                                                                                                                                                                                 36            0
.xt.prop._ZNSt15__allocated_ptrISaISt23_Sp_counted_ptr_inplaceIN7sensesp8SKOutputIfEESaIS3_ELN9__gnu_cxx12_Lock_policyE2EEEED2Ev                                                                                                                                                                                                             36            0
.xt.prop._ZNSt15__allocated_ptrISaISt23_Sp_counted_ptr_inplaceIN7sensesp8SKOutputIbEESaIS3_ELN9__gnu_cxx12_Lock_policyE2EEEED2Ev                                                                                                                                                                                                             36            0
.xt.prop._ZN7sensesp25PersistingObservableValueI6StringEC2ERKS1_S1_                                                                                                                                                                                                                                                                          36            0
.xt.prop._ZN7sensesp25PersistingObservableValueI6StringEC1ERKS1_S1_                                                                                                                                                                                                                                                                          36            0
.xt.prop._ZN7sensesp9TransformIffED2Ev                                                                                                                                                                                                                                                                                                       36            0
.xt.prop._ZN7sensesp9TransformIffED1Ev                                                                                                                                                                                                                                                                                                       36            0
.xt.prop._ZN7sensesp18SymmetricTransformIfED2Ev                                                                                                                                                                                                                                                                                              36            0
.xt.prop._ZN7sensesp18SymmetricTransformIfED1Ev                                                                                                                                                                                                                                                                                              36            0
.xt.prop._ZN7sensesp8SKOutputIfED2Ev                                                                                                                                                                                                                                                                                                         36            0
.xt.prop._ZN7sensesp8SKOutputIfED1Ev                                                                                                                                                                                                                                                                                                         36            0
.xt.prop._ZN7sensesp9TransformIbbED2Ev                                                                                                                                                                                                                                                                                                       36            0
.xt.prop._ZN7sensesp9TransformIbbED1Ev                                                                                                                                                                                                                                                                                                       36            0
.xt.prop._ZN7sensesp18SymmetricTransformIbED2Ev                                                                                                                                                                                                                                                                                              36            0
.xt.prop._ZN7sensesp18SymmetricTransformIbED1Ev                                                                                                                                                                                                                                                                                              36            0
.xt.prop._ZN7sensesp8SKOutputIbED2Ev                                                                                                                                                                                                                                                                                                         36            0
.xt.prop._ZN7sensesp8SKOutputIbED1Ev                                                                                                                                                                                                                                                                                                         36            0
.xt.prop._ZN7sensesp14ConfigItemBaseC2Ev                                                                                                                                                                                                                                                                                                     36            0
.xt.prop._ZN7sensesp14ConfigItemBaseC1Ev                                                                                                                                                                                                                                                                                                     36            0
.xt.prop._ZN7sensesp14ConfigItemBaseD2Ev                                                                                                                                                                                                                                                                                                     36            0
.xt.prop._ZN7sensesp14ConfigItemBaseD1Ev                                                                                                                                                                                                                                                                                                     36            0
.xt.prop._ZN7sensesp11ConfigItemTINS_25PersistingObservableValueI6StringEEEC2ESt10shared_ptrIS3_E                                                                                                                                                                                                                                            36            0
.xt.prop._ZN7sensesp11ConfigItemTINS_25PersistingObservableValueI6StringEEEC1ESt10shared_ptrIS3_E                                                                                                                                                                                                                                            36            0
.xt.prop._ZNSt16_Sp_counted_baseILN9__gnu_cxx12_Lock_policyE2EE15_M_weak_releaseEv                                                                                                                                                                                                                                                           60            0
.xt.prop._ZN7sensesp11ConfigItemTINS_15WiFiProvisionerEEC2ESt10shared_ptrIS1_E                                                                                                                                                                                                                                                               36            0
.xt.prop._ZN7sensesp11ConfigItemTINS_15WiFiProvisionerEEC1ESt10shared_ptrIS1_E                                                                                                                                                                                                                                                               36            0
.xt.prop._ZN7sensesp11ConfigItemTINS_10HTTPServerEEC2ESt10shared_ptrIS1_E                                                                                                                                                                                                                                                                    36            0
.xt.prop._ZN7sensesp11ConfigItemTINS_10HTTPServerEEC1ESt10shared_ptrIS1_E                                                                                                                                                                                                                                                                    36            0
.xt.prop._ZN7sensesp11ConfigItemTINS_10SKWSClientEEC2ESt10shared_ptrIS1_E                                                                                                                                                                                                                                                                    36            0
.xt.prop._ZN7sensesp11ConfigItemTINS_10SKWSClientEEC1ESt10shared_ptrIS1_E                                                                                                                                                                                                                                                                    36            0
.xt.prop._ZN7sensesp11ConfigItemTI13SettingsStoreEC2ESt10shared_ptrIS1_E                                                                                                                                                                                                                                                                     36            0
.xt.prop._ZN7sensesp11ConfigItemTI13SettingsStoreEC1ESt10shared_ptrIS1_E                                                                                                                                                                                                                                                                     36            0
.xt.prop._ZN7sensesp11ConfigItemTI22CerboMqttSettingsStoreEC2ESt10shared_ptrIS1_E                                                                                                                                                                                                                                                            36            0
.xt.prop._ZN7sensesp11ConfigItemTI22CerboMqttSettingsStoreEC1ESt10shared_ptrIS1_E                                                                                                                                                                                                                                                            36            0
.xt.prop._ZNSt12__weak_countILN9__gnu_cxx12_Lock_policyE2EED2Ev                                                                                                                                                                                                                                                                              36            0
.xt.prop._ZN7sensesp9TransformIffEC2E6String                                                                                                                                                                                                                                                                                                 36            0
.xt.prop._ZN7sensesp18SymmetricTransformIfEC1E6String                                                                                                                                                                                                                                                                                        84            0
.xt.prop._ZN7sensesp18SymmetricTransformIfEC2E6String                                                                                                                                                                                                                                                                                        60            0
.xt.prop._ZN7sensesp8SKOutputIfEC4E6StringS2_St10shared_ptrINS_10SKMetadataEE                                                                                                                                                                                                                                                               228            0
.xt.prop._ZN7sensesp8SKOutputIfEC1E6StringS2_St10shared_ptrINS_10SKMetadataEE                                                                                                                                                                                                                                                                36            0
.xt.prop._ZN7sensesp8SKOutputIfEC1E6StringS2_PNS_10SKMetadataE                                                                                                                                                                                                                                                                               96            0
.xt.prop._ZN7sensesp8SKOutputIfEC2E6StringS2_St10shared_ptrINS_10SKMetadataEE                                                                                                                                                                                                                                                                36            0
.xt.prop._ZN7sensesp8SKOutputIfEC2E6StringS2_PNS_10SKMetadataE                                                                                                                                                                                                                                                                               96            0
.xt.prop._ZN7sensesp9TransformIffEC1E6String                                                                                                                                                                                                                                                                                                 60            0
.xt.prop._ZN7sensesp9TransformIbbEC2E6String                                                                                                                                                                                                                                                                                                 36            0
.xt.prop._ZN7sensesp18SymmetricTransformIbEC1E6String                                                                                                                                                                                                                                                                                        84            0
.xt.prop._ZN7sensesp18SymmetricTransformIbEC2E6String                                                                                                                                                                                                                                                                                        60            0
.xt.prop._ZN7sensesp8SKOutputIbEC4E6StringS2_St10shared_ptrINS_10SKMetadataEE                                                                                                                                                                                                                                                               228            0
.xt.prop._ZN7sensesp8SKOutputIbEC1E6StringS2_St10shared_ptrINS_10SKMetadataEE                                                                                                                                                                                                                                                                36            0
.xt.prop._ZN7sensesp8SKOutputIbEC1E6StringS2_PNS_10SKMetadataE                                                                                                                                                                                                                                                                               96            0
.xt.prop._ZN7sensesp8SKOutputIbEC2E6StringS2_St10shared_ptrINS_10SKMetadataEE                                                                                                                                                                                                                                                                36            0
.xt.prop._ZN7sensesp8SKOutputIbEC2E6StringS2_PNS_10SKMetadataE                                                                                                                                                                                                                                                                               96            0
.xt.prop._ZN7sensesp9TransformIbbEC1E6String                                                                                                                                                                                                                                                                                                 60            0
.xt.prop._ZN7sensesp11ConfigItemTI22CerboMqttSettingsStoreED2Ev                                                                                                                                                                                                                                                                              36            0
.xt.prop._ZN7sensesp11ConfigItemTI22CerboMqttSettingsStoreED1Ev                                                                                                                                                                                                                                                                              36            0
.xt.prop._ZN7sensesp11ConfigItemTI13SettingsStoreED2Ev                                                                                                                                                                                                                                                                                       36            0
.xt.prop._ZN7sensesp11ConfigItemTI13SettingsStoreED1Ev                                                                                                                                                                                                                                                                                       36            0
.xt.prop._ZN7sensesp11ConfigItemTINS_10SKWSClientEED2Ev                                                                                                                                                                                                                                                                                      36            0
.xt.prop._ZN7sensesp11ConfigItemTINS_10SKWSClientEED1Ev                                                                                                                                                                                                                                                                                      36            0
.xt.prop._ZN7sensesp11ConfigItemTINS_10HTTPServerEED2Ev                                                                                                                                                                                                                                                                                      36            0
.xt.prop._ZN7sensesp11ConfigItemTINS_10HTTPServerEED1Ev                                                                                                                                                                                                                                                                                      36            0
.xt.prop._ZN7sensesp11ConfigItemTINS_15WiFiProvisionerEED2Ev                                                                                                                                                                                                                                                                                 36            0
.xt.prop._ZN7sensesp11ConfigItemTINS_15WiFiProvisionerEED1Ev                                                                                                                                                                                                                                                                                 36            0
.xt.prop._ZN7sensesp11ConfigItemTINS_25PersistingObservableValueI6StringEEED2Ev                                                                                                                                                                                                                                                              36            0
.xt.prop._ZN7sensesp11ConfigItemTINS_25PersistingObservableValueI6StringEEED1Ev                                                                                                                                                                                                                                                              36            0
.xt.prop._ZN22CerboMqttSettingsStoreD2Ev                                                                                                                                                                                                                                                                                                     36            0
.xt.prop._ZN22CerboMqttSettingsStoreD1Ev                                                                                                                                                                                                                                                                                                     36            0
.xt.prop._ZN13SettingsStoreD2Ev                                                                                                                                                                                                                                                                                                              36            0
.xt.prop._ZN13SettingsStoreD1Ev                                                                                                                                                                                                                                                                                                              36            0
.xt.prop._ZN7sensesp10SKWSClientD2Ev                                                                                                                                                                                                                                                                                                         36            0
.xt.prop._ZN7sensesp10SKWSClientD1Ev                                                                                                                                                                                                                                                                                                         36            0
.xt.prop._ZN7sensesp10HTTPServerD2Ev                                                                                                                                                                                                                                                                                                         36            0
.xt.prop._ZN7sensesp10HTTPServerD1Ev                                                                                                                                                                                                                                                                                                         36            0
.xt.prop._ZN7sensesp22SystemStatusControllerD2Ev                                                                                                                                                                                                                                                                                             36            0
.xt.prop._ZN7sensesp22SystemStatusControllerD1Ev                                                                                                                                                                                                                                                                                             36            0
.xt.prop._ZN7sensesp25PersistingObservableValueI6StringED2Ev                                                                                                                                                                                                                                                                                 36            0
.xt.prop._ZN7sensesp25PersistingObservableValueI6StringED1Ev                                                                                                                                                                                                                                                                                 36            0
.xt.prop._ZNSt12__shared_ptrIN7sensesp10SKMetadataELN9__gnu_cxx12_Lock_policyE2EEC2ISaIS1_EJRS1_EEESt20_Sp_alloc_shared_tagIT_EDpOT0_                                                                                                                                                                                                       120            0
.xt.prop._ZTVSt23_Sp_counted_ptr_inplaceIN7sensesp10SKMetadataESaIS1_ELN9__gnu_cxx12_Lock_policyE2EE                                                                                                                                                                                                                                         12            0
.xt.prop._ZTVN11ArduinoJson8V743PB226detail16DefaultAllocatorE                                                                                                                                                                                                                                                                               12            0
.xt.prop._ZTCN7sensesp13TransformBaseE0_NS_18FileSystemSaveableE                                                                                                                                                                                                                                                                             12            0
.xt.prop._ZTTN7sensesp13TransformBaseE                                                                                                                                                                                                                                                                                                       12            0
.xt.prop._ZTVN7sensesp13TransformBaseE                                                                                                                                                                                                                                                                                                       12            0
.xt.prop._ZTTN7sensesp14ConfigItemBaseE                                                                                                                                                                                                                                                                                                      12            0
.xt.prop._ZTVN7sensesp14ConfigItemBaseE                                                                                                                                                                                                                                                                                                      12            0
.xt.prop._ZTVN7sensesp13ValueConsumerI6StringEE                                                                                                                                                                                                                                                                                              12            0
.xt.prop._ZTTN7sensesp13ValueProducerI6StringEE                                                                                                                                                                                                                                                                                              12            0
.xt.prop._ZTVN7sensesp13ValueProducerI6StringEE                                                                                                                                                                                                                                                                                              12            0
.xt.prop._ZTCN7sensesp9TransformI6StringS1_EE24_NS_13ValueProducerIS1_EE                                                                                                                                                                                                                                                                     12            0
.xt.prop._ZTCN7sensesp9TransformI6StringS1_EE0_NS_18FileSystemSaveableE                                                                                                                                                                                                                                                                      12            0
.xt.prop._ZTCN7sensesp9TransformI6StringS1_EE0_NS_13TransformBaseE                                                                                                                                                                                                                                                                           12            0
.xt.prop._ZTTN7sensesp9TransformI6StringS1_EE                                                                                                                                                                                                                                                                                                12            0
.xt.prop._ZTVN7sensesp9TransformI6StringS1_EE                                                                                                                                                                                                                                                                                                12            0
.xt.prop._ZTCN7sensesp18SymmetricTransformI6StringEE24_NS_13ValueProducerIS1_EE                                                                                                                                                                                                                                                              12            0
.xt.prop._ZTCN7sensesp18SymmetricTransformI6StringEE0_NS_18FileSystemSaveableE                                                                                                                                                                                                                                                               12            0
.xt.prop._ZTCN7sensesp18SymmetricTransformI6StringEE0_NS_13TransformBaseE                                                                                                                                                                                                                                                                    12            0
.xt.prop._ZTCN7sensesp18SymmetricTransformI6StringEE0_NS_9TransformIS1_S1_EE                                                                                                                                                                                                                                                                 12            0
.xt.prop._ZTTN7sensesp18SymmetricTransformI6StringEE                                                                                                                                                                                                                                                                                         12            0
.xt.prop._ZTVN7sensesp18SymmetricTransformI6StringEE                                                                                                                                                                                                                                                                                         12            0
.xt.prop._ZTCN7sensesp8SKOutputI6StringEE44_NS_13ValueProducerIS1_EE                                                                                                                                                                                                                                                                         12            0
.xt.prop._ZTCN7sensesp8SKOutputI6StringEE20_NS_18FileSystemSaveableE                                                                                                                                                                                                                                                                         12            0
.xt.prop._ZTCN7sensesp8SKOutputI6StringEE20_NS_13TransformBaseE                                                                                                                                                                                                                                                                              12            0
.xt.prop._ZTCN7sensesp8SKOutputI6StringEE20_NS_9TransformIS1_S1_EE                                                                                                                                                                                                                                                                           12            0
.xt.prop._ZTCN7sensesp8SKOutputI6StringEE20_NS_18SymmetricTransformIS1_EE                                                                                                                                                                                                                                                                    12            0
.xt.prop._ZTCN7sensesp8SKOutputI6StringEE0_NS_9SKEmitterE                                                                                                                                                                                                                                                                                    12            0
.xt.prop._ZTTN7sensesp8SKOutputI6StringEE                                                                                                                                                                                                                                                                                                    12            0
.xt.prop._ZTVN7sensesp8SKOutputI6StringEE                                                                                                                                                                                                                                                                                                    12            0
.xt.prop._ZTVN7sensesp14SensESPBaseAppE                                                                                                                                                                                                                                                                                                      12            0
.xt.prop._ZTCN7sensesp15ObservableValueI6StringEE4_NS_13ValueProducerIS1_EE                                                                                                                                                                                                                                                                  12            0
.xt.prop._ZTTN7sensesp15ObservableValueI6StringEE                                                                                                                                                                                                                                                                                            12            0
.xt.prop._ZTVN7sensesp15ObservableValueI6StringEE                                                                                                                                                                                                                                                                                            12            0
.xt.prop._ZTCN7sensesp25PersistingObservableValueI6StringEE24_NS_18FileSystemSaveableE                                                                                                                                                                                                                                                       12            0
.xt.prop._ZTCN7sensesp25PersistingObservableValueI6StringEE4_NS_13ValueProducerIS1_EE                                                                                                                                                                                                                                                        12            0
.xt.prop._ZTCN7sensesp25PersistingObservableValueI6StringEE0_NS_15ObservableValueIS1_EE                                                                                                                                                                                                                                                      12            0
.xt.prop._ZTTN7sensesp25PersistingObservableValueI6StringEE                                                                                                                                                                                                                                                                                  12            0
.xt.prop._ZTVN7sensesp25PersistingObservableValueI6StringEE                                                                                                                                                                                                                                                                                  12            0
.xt.prop._ZTCN7sensesp15ObservableValueINS_19SKWSConnectionStateEEE4_NS_13ValueProducerIS1_EE                                                                                                                                                                                                                                                12            0
.xt.prop._ZTTN7sensesp15ObservableValueINS_19SKWSConnectionStateEEE                                                                                                                                                                                                                                                                          12            0
.xt.prop._ZTVN7sensesp15ObservableValueINS_19SKWSConnectionStateEEE                                                                                                                                                                                                                                                                          12            0
.xt.prop._ZTCN7sensesp17TaskQueueProducerINS_19SKWSConnectionStateEEE4_NS_13ValueProducerIS1_EE                                                                                                                                                                                                                                              12            0
.xt.prop._ZTCN7sensesp17TaskQueueProducerINS_19SKWSConnectionStateEEE0_NS_15ObservableValueIS1_EE                                                                                                                                                                                                                                            12            0
.xt.prop._ZTTN7sensesp17TaskQueueProducerINS_19SKWSConnectionStateEEE                                                                                                                                                                                                                                                                        12            0
.xt.prop._ZTVN7sensesp17TaskQueueProducerINS_19SKWSConnectionStateEEE                                                                                                                                                                                                                                                                        12            0
.xt.prop._ZTVN7sensesp13ValueConsumerIiEE                                                                                                                                                                                                                                                                                                    12            0
.xt.prop._ZTCN7sensesp15ObservableValueIiEE4_NS_13ValueProducerIiEE                                                                                                                                                                                                                                                                          12            0
.xt.prop._ZTTN7sensesp15ObservableValueIiEE                                                                                                                                                                                                                                                                                                  12            0
.xt.prop._ZTVN7sensesp15ObservableValueIiEE                                                                                                                                                                                                                                                                                                  12            0
.xt.prop._ZTCN7sensesp17TaskQueueProducerIiEE4_NS_13ValueProducerIiEE                                                                                                                                                                                                                                                                        12            0
.xt.prop._ZTCN7sensesp17TaskQueueProducerIiEE0_NS_15ObservableValueIiEE                                                                                                                                                                                                                                                                      12            0
.xt.prop._ZTTN7sensesp17TaskQueueProducerIiEE                                                                                                                                                                                                                                                                                                12            0
.xt.prop._ZTVN7sensesp17TaskQueueProducerIiEE                                                                                                                                                                                                                                                                                                12            0
.xt.prop._ZTCN7sensesp9TransformIiiEE24_NS_13ValueProducerIiEE                                                                                                                                                                                                                                                                               12            0
.xt.prop._ZTCN7sensesp9TransformIiiEE0_NS_18FileSystemSaveableE                                                                                                                                                                                                                                                                              12            0
.xt.prop._ZTCN7sensesp9TransformIiiEE0_NS_13TransformBaseE                                                                                                                                                                                                                                                                                   12            0
.xt.prop._ZTTN7sensesp9TransformIiiEE                                                                                                                                                                                                                                                                                                        12            0
.xt.prop._ZTVN7sensesp9TransformIiiEE                                                                                                                                                                                                                                                                                                        12            0
.xt.prop._ZTCN7sensesp10IntegratorIiiEE24_NS_13ValueProducerIiEE                                                                                                                                                                                                                                                                             12            0
.xt.prop._ZTCN7sensesp10IntegratorIiiEE0_NS_18FileSystemSaveableE                                                                                                                                                                                                                                                                            12            0
.xt.prop._ZTCN7sensesp10IntegratorIiiEE0_NS_13TransformBaseE                                                                                                                                                                                                                                                                                 12            0
.xt.prop._ZTCN7sensesp10IntegratorIiiEE0_NS_9TransformIiiEE                                                                                                                                                                                                                                                                                  12            0
.xt.prop._ZTTN7sensesp10IntegratorIiiEE                                                                                                                                                                                                                                                                                                      12            0
.xt.prop._ZTVN7sensesp10IntegratorIiiEE                                                                                                                                                                                                                                                                                                      12            0
.xt.prop._ZTVN7sensesp14LambdaConsumerINS_9WiFiStateEEE                                                                                                                                                                                                                                                                                      12            0
.xt.prop._ZTVN7sensesp14LambdaConsumerINS_19SKWSConnectionStateEEE                                                                                                                                                                                                                                                                           12            0
.xt.prop._ZTCN7sensesp22SystemStatusControllerE0_NS_13ValueProducerINS_12SystemStatusEEE                                                                                                                                                                                                                                                     12            0
.xt.prop._ZTTN7sensesp22SystemStatusControllerE                                                                                                                                                                                                                                                                                              12            0
.xt.prop._ZTVN7sensesp22SystemStatusControllerE                                                                                                                                                                                                                                                                                              12            0
.xt.prop._ZTCN7sensesp10HTTPServerE0_NS_18FileSystemSaveableE                                                                                                                                                                                                                                                                                12            0
.xt.prop._ZTTN7sensesp10HTTPServerE                                                                                                                                                                                                                                                                                                          12            0
.xt.prop._ZTVN7sensesp10HTTPServerE                                                                                                                                                                                                                                                                                                          12            0
.xt.prop._ZTVN7sensesp17BaseButtonHandlerE                                                                                                                                                                                                                                                                                                   12            0
.xt.prop._ZTVN7sensesp20MinimalButtonHandlerE                                                                                                                                                                                                                                                                                                12            0
.xt.prop._ZTVN7sensesp13ValueConsumerIfEE                                                                                                                                                                                                                                                                                                    12            0
.xt.prop._ZTVN7sensesp9PWMOutputE                                                                                                                                                                                                                                                                                                            12            0
.xt.prop._ZTVN7sensesp14LambdaConsumerINS_12SystemStatusEEE                                                                                                                                                                                                                                                                                  12            0
.xt.prop._ZTVN7sensesp15SystemStatusLedE                                                                                                                                                                                                                                                                                                     12            0
.xt.prop._ZTVN7sensesp18StatusPageItemBaseE                                                                                                                                                                                                                                                                                                  12            0
.xt.prop._ZTCN7sensesp14StatusPageItemIiEE44_NS_13ValueProducerIiEE                                                                                                                                                                                                                                                                          12            0
.xt.prop._ZTCN7sensesp14StatusPageItemIiEE40_NS_15ObservableValueIiEE                                                                                                                                                                                                                                                                        12            0
.xt.prop._ZTTN7sensesp14StatusPageItemIiEE                                                                                                                                                                                                                                                                                                   12            0
.xt.prop._ZTVN7sensesp14StatusPageItemIiEE                                                                                                                                                                                                                                                                                                   12            0
.xt.prop._ZTCN7sensesp14StatusPageItemI6StringEE44_NS_13ValueProducerIS1_EE                                                                                                                                                                                                                                                                  12            0
.xt.prop._ZTCN7sensesp14StatusPageItemI6StringEE40_NS_15ObservableValueIS1_EE                                                                                                                                                                                                                                                                12            0
.xt.prop._ZTTN7sensesp14StatusPageItemI6StringEE                                                                                                                                                                                                                                                                                             12            0
.xt.prop._ZTVN7sensesp14StatusPageItemI6StringEE                                                                                                                                                                                                                                                                                             12            0
.xt.prop._ZTVN7sensesp13ValueConsumerIaEE                                                                                                                                                                                                                                                                                                    12            0
.xt.prop._ZTCN7sensesp15ObservableValueIaEE4_NS_13ValueProducerIaEE                                                                                                                                                                                                                                                                          12            0
.xt.prop._ZTTN7sensesp15ObservableValueIaEE                                                                                                                                                                                                                                                                                                  12            0
.xt.prop._ZTVN7sensesp15ObservableValueIaEE                                                                                                                                                                                                                                                                                                  12            0
.xt.prop._ZTCN7sensesp14StatusPageItemIaEE44_NS_13ValueProducerIaEE                                                                                                                                                                                                                                                                          12            0
.xt.prop._ZTCN7sensesp14StatusPageItemIaEE40_NS_15ObservableValueIaEE                                                                                                                                                                                                                                                                        12            0
.xt.prop._ZTTN7sensesp14StatusPageItemIaEE                                                                                                                                                                                                                                                                                                   12            0
.xt.prop._ZTVN7sensesp14StatusPageItemIaEE                                                                                                                                                                                                                                                                                                   12            0
.xt.prop._ZTVN7sensesp13ValueConsumerItEE                                                                                                                                                                                                                                                                                                    12            0
.xt.prop._ZTCN7sensesp15ObservableValueItEE4_NS_13ValueProducerItEE                                                                                                                                                                                                                                                                          12            0
.xt.prop._ZTTN7sensesp15ObservableValueItEE                                                                                                                                                                                                                                                                                                  12            0
.xt.prop._ZTVN7sensesp15ObservableValueItEE                                                                                                                                                                                                                                                                                                  12            0
.xt.prop._ZTCN7sensesp14StatusPageItemItEE44_NS_13ValueProducerItEE                                                                                                                                                                                                                                                                          12            0
.xt.prop._ZTCN7sensesp14StatusPageItemItEE40_NS_15ObservableValueItEE                                                                                                                                                                                                                                                                        12            0
.xt.prop._ZTTN7sensesp14StatusPageItemItEE                                                                                                                                                                                                                                                                                                   12            0
.xt.prop._ZTVN7sensesp14StatusPageItemItEE                                                                                                                                                                                                                                                                                                   12            0
.xt.prop._ZTVN7sensesp13ValueConsumerIyEE                                                                                                                                                                                                                                                                                                    12            0
.xt.prop._ZTCN7sensesp15ObservableValueIyEE8_NS_13ValueProducerIyEE                                                                                                                                                                                                                                                                          12            0
.xt.prop._ZTTN7sensesp15ObservableValueIyEE                                                                                                                                                                                                                                                                                                  12            0
.xt.prop._ZTVN7sensesp15ObservableValueIyEE                                                                                                                                                                                                                                                                                                  12            0
.xt.prop._ZTCN7sensesp14StatusPageItemIyEE48_NS_13ValueProducerIyEE                                                                                                                                                                                                                                                                          12            0
.xt.prop._ZTCN7sensesp14StatusPageItemIyEE40_NS_15ObservableValueIyEE                                                                                                                                                                                                                                                                        12            0
.xt.prop._ZTTN7sensesp14StatusPageItemIyEE                                                                                                                                                                                                                                                                                                   12            0
.xt.prop._ZTVN7sensesp14StatusPageItemIyEE                                                                                                                                                                                                                                                                                                   12            0
.xt.prop._ZTCN7sensesp15ObservableValueIfEE4_NS_13ValueProducerIfEE                                                                                                                                                                                                                                                                          12            0
.xt.prop._ZTTN7sensesp15ObservableValueIfEE                                                                                                                                                                                                                                                                                                  12            0
.xt.prop._ZTVN7sensesp15ObservableValueIfEE                                                                                                                                                                                                                                                                                                  12            0
.xt.prop._ZTCN7sensesp14StatusPageItemIfEE44_NS_13ValueProducerIfEE                                                                                                                                                                                                                                                                          12            0
.xt.prop._ZTCN7sensesp14StatusPageItemIfEE40_NS_15ObservableValueIfEE                                                                                                                                                                                                                                                                        12            0
.xt.prop._ZTTN7sensesp14StatusPageItemIfEE                                                                                                                                                                                                                                                                                                   12            0
.xt.prop._ZTVN7sensesp14StatusPageItemIfEE                                                                                                                                                                                                                                                                                                   12            0
.xt.prop._ZTVN7sensesp10SensESPAppE                                                                                                                                                                                                                                                                                                          12            0
.xt.prop._ZTVN7sensesp21SensESPBaseAppBuilderE                                                                                                                                                                                                                                                                                               12            0
.xt.prop._ZTVN7sensesp17SensESPAppBuilderE                                                                                                                                                                                                                                                                                                   12            0
.xt.prop._ZTCN7sensesp9TransformIffEE24_NS_13ValueProducerIfEE                                                                                                                                                                                                                                                                               12            0
.xt.prop._ZTCN7sensesp9TransformIffEE0_NS_18FileSystemSaveableE                                                                                                                                                                                                                                                                              12            0
.xt.prop._ZTCN7sensesp9TransformIffEE0_NS_13TransformBaseE                                                                                                                                                                                                                                                                                   12            0
.xt.prop._ZTTN7sensesp9TransformIffEE                                                                                                                                                                                                                                                                                                        12            0
.xt.prop._ZTVN7sensesp9TransformIffEE                                                                                                                                                                                                                                                                                                        12            0
.xt.prop._ZTCN7sensesp18SymmetricTransformIfEE24_NS_13ValueProducerIfEE                                                                                                                                                                                                                                                                      12            0
.xt.prop._ZTCN7sensesp18SymmetricTransformIfEE0_NS_18FileSystemSaveableE                                                                                                                                                                                                                                                                     12            0
.xt.prop._ZTCN7sensesp18SymmetricTransformIfEE0_NS_13TransformBaseE                                                                                                                                                                                                                                                                          12            0
.xt.prop._ZTCN7sensesp18SymmetricTransformIfEE0_NS_9TransformIffEE                                                                                                                                                                                                                                                                           12            0
.xt.prop._ZTTN7sensesp18SymmetricTransformIfEE                                                                                                                                                                                                                                                                                               12            0
.xt.prop._ZTVN7sensesp18SymmetricTransformIfEE                                                                                                                                                                                                                                                                                               12            0
.xt.prop._ZTCN7sensesp8SKOutputIfEE44_NS_13ValueProducerIfEE                                                                                                                                                                                                                                                                                 12            0
.xt.prop._ZTCN7sensesp8SKOutputIfEE20_NS_18FileSystemSaveableE                                                                                                                                                                                                                                                                               12            0
.xt.prop._ZTCN7sensesp8SKOutputIfEE20_NS_13TransformBaseE                                                                                                                                                                                                                                                                                    12            0
.xt.prop._ZTCN7sensesp8SKOutputIfEE20_NS_9TransformIffEE                                                                                                                                                                                                                                                                                     12            0
.xt.prop._ZTCN7sensesp8SKOutputIfEE20_NS_18SymmetricTransformIfEE                                                                                                                                                                                                                                                                            12            0
.xt.prop._ZTCN7sensesp8SKOutputIfEE0_NS_9SKEmitterE                                                                                                                                                                                                                                                                                          12            0
.xt.prop._ZTTN7sensesp8SKOutputIfEE                                                                                                                                                                                                                                                                                                          12            0
.xt.prop._ZTVN7sensesp8SKOutputIfEE                                                                                                                                                                                                                                                                                                          12            0
.xt.prop._ZTVN7sensesp13ValueConsumerIbEE                                                                                                                                                                                                                                                                                                    12            0
.xt.prop._ZTCN7sensesp9TransformIbbEE24_NS_13ValueProducerIbEE                                                                                                                                                                                                                                                                               12            0
.xt.prop._ZTCN7sensesp9TransformIbbEE0_NS_18FileSystemSaveableE                                                                                                                                                                                                                                                                              12            0
.xt.prop._ZTCN7sensesp9TransformIbbEE0_NS_13TransformBaseE                                                                                                                                                                                                                                                                                   12            0
.xt.prop._ZTTN7sensesp9TransformIbbEE                                                                                                                                                                                                                                                                                                        12            0
.xt.prop._ZTVN7sensesp9TransformIbbEE                                                                                                                                                                                                                                                                                                        12            0
.xt.prop._ZTCN7sensesp18SymmetricTransformIbEE24_NS_13ValueProducerIbEE                                                                                                                                                                                                                                                                      12            0
.xt.prop._ZTCN7sensesp18SymmetricTransformIbEE0_NS_18FileSystemSaveableE                                                                                                                                                                                                                                                                     12            0
.xt.prop._ZTCN7sensesp18SymmetricTransformIbEE0_NS_13TransformBaseE                                                                                                                                                                                                                                                                          12            0
.xt.prop._ZTCN7sensesp18SymmetricTransformIbEE0_NS_9TransformIbbEE                                                                                                                                                                                                                                                                           12            0
.xt.prop._ZTTN7sensesp18SymmetricTransformIbEE                                                                                                                                                                                                                                                                                               12            0
.xt.prop._ZTVN7sensesp18SymmetricTransformIbEE                                                                                                                                                                                                                                                                                               12            0
.xt.prop._ZTCN7sensesp8SKOutputIbEE44_NS_13ValueProducerIbEE                                                                                                                                                                                                                                                                                 12            0
.xt.prop._ZTCN7sensesp8SKOutputIbEE20_NS_18FileSystemSaveableE                                                                                                                                                                                                                                                                               12            0
.xt.prop._ZTCN7sensesp8SKOutputIbEE20_NS_13TransformBaseE                                                                                                                                                                                                                                                                                    12            0
.xt.prop._ZTCN7sensesp8SKOutputIbEE20_NS_9TransformIbbEE                                                                                                                                                                                                                                                                                     12            0
.xt.prop._ZTCN7sensesp8SKOutputIbEE20_NS_18SymmetricTransformIbEE                                                                                                                                                                                                                                                                            12            0
.xt.prop._ZTCN7sensesp8SKOutputIbEE0_NS_9SKEmitterE                                                                                                                                                                                                                                                                                          12            0
.xt.prop._ZTTN7sensesp8SKOutputIbEE                                                                                                                                                                                                                                                                                                          12            0
.xt.prop._ZTVN7sensesp8SKOutputIbEE                                                                                                                                                                                                                                                                                                          12            0
.xt.prop._ZTCN7sensesp11ConfigItemTI13SettingsStoreEE0_NS_14ConfigItemBaseE                                                                                                                                                                                                                                                                  12            0
.xt.prop._ZTTN7sensesp11ConfigItemTI13SettingsStoreEE                                                                                                                                                                                                                                                                                        12            0
.xt.prop._ZTVN7sensesp11ConfigItemTI13SettingsStoreEE                                                                                                                                                                                                                                                                                        12            0
.xt.prop._ZTCN7sensesp11ConfigItemTI22CerboMqttSettingsStoreEE0_NS_14ConfigItemBaseE                                                                                                                                                                                                                                                         12            0
.xt.prop._ZTTN7sensesp11ConfigItemTI22CerboMqttSettingsStoreEE                                                                                                                                                                                                                                                                               12            0
.xt.prop._ZTVN7sensesp11ConfigItemTI22CerboMqttSettingsStoreEE                                                                                                                                                                                                                                                                               12            0
.xt.prop._ZTCN7sensesp11ConfigItemTINS_25PersistingObservableValueI6StringEEEE0_NS_14ConfigItemBaseE                                                                                                                                                                                                                                         12            0
.xt.prop._ZTTN7sensesp11ConfigItemTINS_25PersistingObservableValueI6StringEEEE                                                                                                                                                                                                                                                               12            0
.xt.prop._ZTVN7sensesp11ConfigItemTINS_25PersistingObservableValueI6StringEEEE                                                                                                                                                                                                                                                               12            0
.xt.prop._ZTCN7sensesp11ConfigItemTINS_15WiFiProvisionerEEE0_NS_14ConfigItemBaseE                                                                                                                                                                                                                                                            12            0
.xt.prop._ZTTN7sensesp11ConfigItemTINS_15WiFiProvisionerEEE                                                                                                                                                                                                                                                                                  12            0
.xt.prop._ZTVN7sensesp11ConfigItemTINS_15WiFiProvisionerEEE                                                                                                                                                                                                                                                                                  12            0
.xt.prop._ZTCN7sensesp11ConfigItemTINS_10HTTPServerEEE0_NS_14ConfigItemBaseE                                                                                                                                                                                                                                                                 12            0
.xt.prop._ZTTN7sensesp11ConfigItemTINS_10HTTPServerEEE                                                                                                                                                                                                                                                                                       12            0
.xt.prop._ZTVN7sensesp11ConfigItemTINS_10HTTPServerEEE                                                                                                                                                                                                                                                                                       12            0
.xt.prop._ZTCN7sensesp11ConfigItemTINS_10SKWSClientEEE0_NS_14ConfigItemBaseE                                                                                                                                                                                                                                                                 12            0
.xt.prop._ZTTN7sensesp11ConfigItemTINS_10SKWSClientEEE                                                                                                                                                                                                                                                                                       12            0
.xt.prop._ZTVN7sensesp11ConfigItemTINS_10SKWSClientEEE                                                                                                                                                                                                                                                                                       12            0
.xt.prop._ZTVSt15_Sp_counted_ptrIPN7sensesp10SensESPAppELN9__gnu_cxx12_Lock_policyE2EE                                                                                                                                                                                                                                                       12            0
.xt.prop._ZTVSt15_Sp_counted_ptrIPN7sensesp10SKMetadataELN9__gnu_cxx12_Lock_policyE2EE                                                                                                                                                                                                                                                       12            0
.xt.prop._ZTVSt23_Sp_counted_ptr_inplaceIN7sensesp10FilesystemESaIS1_ELN9__gnu_cxx12_Lock_policyE2EE                                                                                                                                                                                                                                         12            0
.xt.prop._ZTVSt23_Sp_counted_ptr_inplaceIN8reactesp9EventLoopESaIS1_ELN9__gnu_cxx12_Lock_policyE2EE                                                                                                                                                                                                                                          12            0
.xt.prop._ZTVSt23_Sp_counted_ptr_inplaceIN7sensesp25PersistingObservableValueI6StringEESaIS3_ELN9__gnu_cxx12_Lock_policyE2EE                                                                                                                                                                                                                 12            0
.xt.prop._ZTVSt23_Sp_counted_ptr_inplaceIN7sensesp22SystemStatusControllerESaIS1_ELN9__gnu_cxx12_Lock_policyE2EE                                                                                                                                                                                                                             12            0
.xt.prop._ZTVSt23_Sp_counted_ptr_inplaceIN7sensesp20NetworkStateProducerESaIS1_ELN9__gnu_cxx12_Lock_policyE2EE                                                                                                                                                                                                                               12            0
.xt.prop._ZTVSt23_Sp_counted_ptr_inplaceIN7sensesp15WiFiProvisionerESaIS1_ELN9__gnu_cxx12_Lock_policyE2EE                                                                                                                                                                                                                                    12            0
.xt.prop._ZTVSt23_Sp_counted_ptr_inplaceIN7sensesp3OTAESaIS1_ELN9__gnu_cxx12_Lock_policyE2EE                                                                                                                                                                                                                                                 12            0
.xt.prop._ZTVSt23_Sp_counted_ptr_inplaceIN7sensesp10HTTPServerESaIS1_ELN9__gnu_cxx12_Lock_policyE2EE                                                                                                                                                                                                                                         12            0
.xt.prop._ZTVSt23_Sp_counted_ptr_inplaceIN7sensesp12SKDeltaQueueESaIS1_ELN9__gnu_cxx12_Lock_policyE2EE                                                                                                                                                                                                                                       12            0
.xt.prop._ZTVSt23_Sp_counted_ptr_inplaceIN7sensesp10SKWSClientESaIS1_ELN9__gnu_cxx12_Lock_policyE2EE                                                                                                                                                                                                                                         12            0
.xt.prop._ZTVSt23_Sp_counted_ptr_inplaceIN7sensesp13MDNSDiscoveryESaIS1_ELN9__gnu_cxx12_Lock_policyE2EE                                                                                                                                                                                                                                      12            0
.xt.prop._ZTVSt23_Sp_counted_ptr_inplaceIN7sensesp15SystemStatusLedESaIS1_ELN9__gnu_cxx12_Lock_policyE2EE                                                                                                                                                                                                                                    12            0
.xt.prop._ZTVSt23_Sp_counted_ptr_inplaceIN7sensesp13ButtonHandlerESaIS1_ELN9__gnu_cxx12_Lock_policyE2EE                                                                                                                                                                                                                                      12            0
.xt.prop._ZTVSt23_Sp_counted_ptr_inplaceI13SettingsStoreSaIS0_ELN9__gnu_cxx12_Lock_policyE2EE                                                                                                                                                                                                                                                12            0
.xt.prop._ZTVSt23_Sp_counted_ptr_inplaceI22CerboMqttSettingsStoreSaIS0_ELN9__gnu_cxx12_Lock_policyE2EE                                                                                                                                                                                                                                       12            0
.xt.prop._ZTVSt23_Sp_counted_ptr_inplaceIN7sensesp8SKOutputIfEESaIS2_ELN9__gnu_cxx12_Lock_policyE2EE                                                                                                                                                                                                                                         12            0
.xt.prop._ZTVSt23_Sp_counted_ptr_inplaceIN7sensesp8SKOutputIbEESaIS2_ELN9__gnu_cxx12_Lock_policyE2EE                                                                                                                                                                                                                                         12            0
.xt.prop._ZTVSt23_Sp_counted_ptr_inplaceIN7sensesp8SKOutputI6StringEESaIS3_ELN9__gnu_cxx12_Lock_policyE2EE                                                                                                                                                                                                                                   12            0
.xt.prop._ZTVSt23_Sp_counted_ptr_inplaceIN7sensesp11ConfigItemTINS0_25PersistingObservableValueI6StringEEEESaIS5_ELN9__gnu_cxx12_Lock_policyE2EE                                                                                                                                                                                             12            0
.xt.prop._ZTVSt23_Sp_counted_ptr_inplaceIN7sensesp11ConfigItemTINS0_15WiFiProvisionerEEESaIS3_ELN9__gnu_cxx12_Lock_policyE2EE                                                                                                                                                                                                                12            0
.xt.prop._ZTVSt23_Sp_counted_ptr_inplaceIN7sensesp11ConfigItemTINS0_10HTTPServerEEESaIS3_ELN9__gnu_cxx12_Lock_policyE2EE                                                                                                                                                                                                                     12            0
.xt.prop._ZTVSt23_Sp_counted_ptr_inplaceIN7sensesp11ConfigItemTINS0_10SKWSClientEEESaIS3_ELN9__gnu_cxx12_Lock_policyE2EE                                                                                                                                                                                                                     12            0
.xt.prop._ZTVSt23_Sp_counted_ptr_inplaceIN7sensesp11ConfigItemTI13SettingsStoreEESaIS3_ELN9__gnu_cxx12_Lock_policyE2EE                                                                                                                                                                                                                       12            0
.xt.prop._ZTVSt23_Sp_counted_ptr_inplaceIN7sensesp11ConfigItemTI22CerboMqttSettingsStoreEESaIS3_ELN9__gnu_cxx12_Lock_policyE2EE                                                                                                                                                                                                              12            0
.xt.prop._ZZZN7sensesp10SensESPApp25connect_status_page_itemsEvENKUlvE_clEvE11last_millis                                                                                                                                                                                                                                                    12            0
.xt.prop._ZZZN7sensesp10SensESPApp25connect_status_page_itemsEvENKUlvE_clEvE24last_untimed_event_count                                                                                                                                                                                                                                       12            0
.xt.prop._ZZZN7sensesp10SensESPApp25connect_status_page_itemsEvENKUlvE_clEvE22last_timed_event_count                                                                                                                                                                                                                                         12            0
.xt.prop._ZZZN7sensesp10SensESPApp25connect_status_page_itemsEvENKUlvE_clEvE16last_event_count                                                                                                                                                                                                                                               12            0
.xt.prop._ZZZN7sensesp10SensESPApp25connect_status_page_itemsEvENKUlvE_clEvE15last_tick_count                                                                                                                                                                                                                                                12            0
.xt.prop._ZGVZN7sensesp9PWMOutput11channel_mapEvE15channel_to_pin_                                                                                                                                                                                                                                                                           12            0
.xt.prop._ZZN7sensesp9PWMOutput11channel_mapEvE15channel_to_pin_                                                                                                                                                                                                                                                                             12            0
.xt.prop._ZZN11ArduinoJson8V743PB226detail16DefaultAllocator8instanceEvE9allocator                                                                                                                                                                                                                                                           12            0
.xt.prop._ZZNSt19_Sp_make_shared_tag5_S_tiEvE5__tag                                                                                                                                                                                                                                                                                          12            0
.xt.lit._ZN6String7replaceEPKcRKS_                                                                                                                                                                                                                                                                                                            0            0
.xt.lit._ZNK11ArduinoJson8V743PB226detail14VariantRefBaseINS1_11MemberProxyINS0_10JsonObjectENS1_9RamStringEEEE18getOrCreateVariantEv                                                                                                                                                                                                         0            0
.xt.lit._ZNK11ArduinoJson8V743PB226detail11VariantData7asFloatIfEET_PKNS1_15ResourceManagerE                                                                                                                                                                                                                                                  8            0
.xt.lit._ZN11ArduinoJson8V743PB226detail11parseNumberIhEET_PKc                                                                                                                                                                                                                                                                                8            0
.xt.lit._ZNK11ArduinoJson8V743PB226detail11VariantData10asIntegralIhEET_PKNS1_15ResourceManagerE                                                                                                                                                                                                                                              0            0
.xt.lit._ZN11ArduinoJson8V743PB226detailorIbLi0EEET_RKNS1_11MemberProxyINS0_10JsonObjectENS1_9RamStringEEERKS3_                                                                                                                                                                                                                               0            0
.xt.lit._ZN11ArduinoJson8V743PB226detailorIhLi0EEET_RKNS1_11MemberProxyINS0_10JsonObjectENS1_9RamStringEEERKS3_                                                                                                                                                                                                                               0            0
.xt.lit._ZN11ArduinoJson8V743PB226detailorIfLi0EEET_RKNS1_11MemberProxyINS0_10JsonObjectENS1_9RamStringEEERKS3_                                                                                                                                                                                                                               0            0
.xt.prop._ZN6String7replaceEPKcRKS_                                                                                                                                                                                                                                                                                                          60            0
.xt.prop._ZNK11ArduinoJson8V743PB226detail14VariantRefBaseINS1_11MemberProxyINS0_10JsonObjectENS1_9RamStringEEEE18getOrCreateVariantEv                                                                                                                                                                                                      132            0
.xt.prop._ZNK11ArduinoJson8V743PB226detail11VariantData7asFloatIfEET_PKNS1_15ResourceManagerE                                                                                                                                                                                                                                               360            0
.xt.prop._ZN11ArduinoJson8V743PB226detail11parseNumberIhEET_PKc                                                                                                                                                                                                                                                                             132            0
.xt.prop._ZNK11ArduinoJson8V743PB226detail11VariantData10asIntegralIhEET_PKNS1_15ResourceManagerE                                                                                                                                                                                                                                           240            0
.xt.prop._ZN11ArduinoJson8V743PB226detailorIbLi0EEET_RKNS1_11MemberProxyINS0_10JsonObjectENS1_9RamStringEEERKS3_                                                                                                                                                                                                                            192            0
.xt.prop._ZN11ArduinoJson8V743PB226detailorIhLi0EEET_RKNS1_11MemberProxyINS0_10JsonObjectENS1_9RamStringEEERKS3_                                                                                                                                                                                                                            168            0
.xt.prop._ZN11ArduinoJson8V743PB226detailorIfLi0EEET_RKNS1_11MemberProxyINS0_10JsonObjectENS1_9RamStringEEERKS3_                                                                                                                                                                                                                             60            0
.xt.prop._Z22IsAllowedSettingOptionhPKhh                                                                                                                                                                                                                                                                                                     84            0
.xt.prop._ZTC13SettingsStore0_N7sensesp18FileSystemSaveableE                                                                                                                                                                                                                                                                                 12            0
.xt.prop._ZTT13SettingsStore                                                                                                                                                                                                                                                                                                                 12            0
.xt.prop._ZTV13SettingsStore                                                                                                                                                                                                                                                                                                                 12            0
.xt.lit._ZN8reactesp12UntimedEventC5ESt8functionIFvvEE                                                                                                                                                                                                                                                                                        8            0
.xt.prop._ZN8reactesp12UntimedEventC5ESt8functionIFvvEE                                                                                                                                                                                                                                                                                      12            0
.xt.prop._ZN8reactesp14EventInterface3addESt10shared_ptrINS_9EventLoopEE                                                                                                                                                                                                                                                                     36            0
.xt.prop._ZN8reactesp14EventInterface6removeESt10shared_ptrINS_9EventLoopEE                                                                                                                                                                                                                                                                  36            0
.xt.prop._ZN8reactesp14EventInterface4tickESt10shared_ptrINS_9EventLoopEE                                                                                                                                                                                                                                                                    36            0
.xt.prop._ZN8reactesp12UntimedEventC2ESt8functionIFvvEE                                                                                                                                                                                                                                                                                      60            0
.xt.prop._ZTVN8reactesp5EventE                                                                                                                                                                                                                                                                                                               12            0
.xt.lit._ZN8reactesp5EventD5Ev                                                                                                                                                                                                                                                                                                                0            0
.xt.lit._ZN8reactesp9TickEventD5Ev                                                                                                                                                                                                                                                                                                            0            0
.xt.lit._ZN8reactesp11RepeatEventD5Ev                                                                                                                                                                                                                                                                                                         0            0
.xt.lit._ZN8reactesp10DelayEventD5Ev                                                                                                                                                                                                                                                                                                          0            0
.xt.lit._ZNSt6vectorIPN8reactesp12UntimedEventESaIS2_EE17_M_realloc_insertIJS2_EEEvN9__gnu_cxx17__normal_iteratorIPS2_S4_EEDpOT_                                                                                                                                                                                                              0            0
.xt.prop._ZN8reactesp5EventD5Ev                                                                                                                                                                                                                                                                                                               0            0
.xt.prop._ZN8reactesp9TickEventD5Ev                                                                                                                                                                                                                                                                                                           0            0
.xt.prop._ZN8reactesp11RepeatEventD5Ev                                                                                                                                                                                                                                                                                                        0            0
.xt.prop._ZN8reactesp10DelayEventD5Ev                                                                                                                                                                                                                                                                                                         0            0
.xt.prop._ZNSt6vectorIPN8reactesp12UntimedEventESaIS2_EE17_M_realloc_insertIJS2_EEEvN9__gnu_cxx17__normal_iteratorIPS2_S4_EEDpOT_                                                                                                                                                                                                            72            0
.xt.prop._ZN8reactesp5EventD2Ev                                                                                                                                                                                                                                                                                                              36            0
.xt.prop._ZN8reactesp9TickEventD2Ev                                                                                                                                                                                                                                                                                                          36            0
.xt.prop._ZN8reactesp9TickEventD0Ev                                                                                                                                                                                                                                                                                                          36            0
.xt.prop._ZN8reactesp11RepeatEventD2Ev                                                                                                                                                                                                                                                                                                       36            0
.xt.prop._ZN8reactesp11RepeatEventD0Ev                                                                                                                                                                                                                                                                                                       36            0
.xt.prop._ZN8reactesp10DelayEventD2Ev                                                                                                                                                                                                                                                                                                        36            0
.xt.prop._ZN8reactesp10DelayEventD0Ev                                                                                                                                                                                                                                                                                                        36            0
.xt.prop._ZN8reactesp5EventD0Ev                                                                                                                                                                                                                                                                                                              36            0
.xt.prop._ZTVN8reactesp10TimedEventE                                                                                                                                                                                                                                                                                                         12            0
.xt.prop._ZTVN8reactesp10DelayEventE                                                                                                                                                                                                                                                                                                         12            0
.xt.prop._ZTVN8reactesp11RepeatEventE                                                                                                                                                                                                                                                                                                        12            0
.xt.prop._ZTVN8reactesp12UntimedEventE                                                                                                                                                                                                                                                                                                       12            0
.xt.prop._ZTVN8reactesp9TickEventE                                                                                                                                                                                                                                                                                                           12            0
.xt.lit._ZN10ace_button12ButtonConfig10readButtonEh                                                                                                                                                                                                                                                                                           0            0
.xt.lit._ZN10ace_button12ButtonConfig8getClockEv                                                                                                                                                                                                                                                                                              0            0
.xt.lit._ZN10ace_button12ButtonConfigD5Ev                                                                                                                                                                                                                                                                                                     0            0
.xt.prop._ZN10ace_button12ButtonConfig10readButtonEh                                                                                                                                                                                                                                                                                         36            0
.xt.prop._ZN10ace_button12ButtonConfig8getClockEv                                                                                                                                                                                                                                                                                            36            0
.xt.prop._ZN10ace_button12ButtonConfigD5Ev                                                                                                                                                                                                                                                                                                    0            0
.xt.prop._ZN10ace_button12ButtonConfigD2Ev                                                                                                                                                                                                                                                                                                   36            0
.xt.prop._ZN10ace_button12ButtonConfigD0Ev                                                                                                                                                                                                                                                                                                   36            0
.xt.prop._ZTVN10ace_button12ButtonConfigE                                                                                                                                                                                                                                                                                                    12            0
.xt.lit._ZNSt15_Sp_counted_ptrIP22WiFiClientSocketHandleLN9__gnu_cxx12_Lock_policyE2EED5Ev                                                                                                                                                                                                                                                    0            0
.xt.lit._ZNSt15_Sp_counted_ptrIP22WiFiClientSocketHandleLN9__gnu_cxx12_Lock_policyE2EE10_M_destroyEv                                                                                                                                                                                                                                          0            0
.xt.lit._ZNSt15_Sp_counted_ptrIP18WiFiClientRxBufferLN9__gnu_cxx12_Lock_policyE2EED5Ev                                                                                                                                                                                                                                                        0            0
.xt.lit._ZNSt15_Sp_counted_ptrIP18WiFiClientRxBufferLN9__gnu_cxx12_Lock_policyE2EE10_M_destroyEv                                                                                                                                                                                                                                              0            0
.xt.lit._ZNSt15_Sp_counted_ptrIP18WiFiClientRxBufferLN9__gnu_cxx12_Lock_policyE2EE10_M_disposeEv                                                                                                                                                                                                                                              0            0
.xt.lit._ZNSt15_Sp_counted_ptrIP22WiFiClientSocketHandleLN9__gnu_cxx12_Lock_policyE2EE10_M_disposeEv                                                                                                                                                                                                                                          8            0
.xt.lit._ZN18WiFiClientRxBuffer11r_availableEv                                                                                                                                                                                                                                                                                                8            0
.xt.lit._ZN18WiFiClientRxBuffer10fillBufferEv                                                                                                                                                                                                                                                                                                 8            0
.xt.lit._ZN18WiFiClientRxBuffer4readEPhj                                                                                                                                                                                                                                                                                                      0            0
.xt.lit._ZNSt12__shared_ptrI22WiFiClientSocketHandleLN9__gnu_cxx12_Lock_policyE2EE5resetIS0_EENSt9enable_ifIXsrSt21__sp_is_constructibleIS0_T_E5valueEvE4typeEPS7_                                                                                                                                                                            8            0
.xt.lit._ZNSt12__shared_ptrI18WiFiClientRxBufferLN9__gnu_cxx12_Lock_policyE2EE5resetIS0_EENSt9enable_ifIXsrSt21__sp_is_constructibleIS0_T_E5valueEvE4typeEPS7_                                                                                                                                                                                8            0
.xt.prop._ZNSt15_Sp_counted_ptrIP22WiFiClientSocketHandleLN9__gnu_cxx12_Lock_policyE2EED5Ev                                                                                                                                                                                                                                                   0            0
.xt.prop._ZNSt15_Sp_counted_ptrIP22WiFiClientSocketHandleLN9__gnu_cxx12_Lock_policyE2EE10_M_destroyEv                                                                                                                                                                                                                                        36            0
.xt.prop._ZNSt15_Sp_counted_ptrIP18WiFiClientRxBufferLN9__gnu_cxx12_Lock_policyE2EED5Ev                                                                                                                                                                                                                                                       0            0
.xt.prop._ZNSt15_Sp_counted_ptrIP18WiFiClientRxBufferLN9__gnu_cxx12_Lock_policyE2EE10_M_destroyEv                                                                                                                                                                                                                                            36            0
.xt.prop._ZNSt15_Sp_counted_ptrIP18WiFiClientRxBufferLN9__gnu_cxx12_Lock_policyE2EE10_M_disposeEv                                                                                                                                                                                                                                            48            0
.xt.prop._ZNSt15_Sp_counted_ptrIP22WiFiClientSocketHandleLN9__gnu_cxx12_Lock_policyE2EE10_M_disposeEv                                                                                                                                                                                                                                        60            0
.xt.prop._ZN18WiFiClientRxBuffer11r_availableEv                                                                                                                                                                                                                                                                                              84            0
.xt.prop._ZN18WiFiClientRxBuffer10fillBufferEv                                                                                                                                                                                                                                                                                              144            0
.xt.prop._ZN18WiFiClientRxBuffer4readEPhj                                                                                                                                                                                                                                                                                                   180            0
.xt.prop._ZNSt12__shared_ptrI22WiFiClientSocketHandleLN9__gnu_cxx12_Lock_policyE2EE5resetIS0_EENSt9enable_ifIXsrSt21__sp_is_constructibleIS0_T_E5valueEvE4typeEPS7_                                                                                                                                                                          96            0
.xt.prop._ZNSt12__shared_ptrI18WiFiClientRxBufferLN9__gnu_cxx12_Lock_policyE2EE5resetIS0_EENSt9enable_ifIXsrSt21__sp_is_constructibleIS0_T_E5valueEvE4typeEPS7_                                                                                                                                                                              96            0
.xt.prop._ZN6Stream9readBytesEPhj                                                                                                                                                                                                                                                                                                            36            0
.xt.prop._ZN10WiFiClientcvbEv                                                                                                                                                                                                                                                                                                                36            0
.xt.prop._ZNSt15_Sp_counted_ptrIP18WiFiClientRxBufferLN9__gnu_cxx12_Lock_policyE2EED2Ev                                                                                                                                                                                                                                                      36            0
.xt.prop._ZNSt15_Sp_counted_ptrIP22WiFiClientSocketHandleLN9__gnu_cxx12_Lock_policyE2EED2Ev                                                                                                                                                                                                                                                  36            0
.xt.prop._ZNSt15_Sp_counted_ptrIP18WiFiClientRxBufferLN9__gnu_cxx12_Lock_policyE2EE14_M_get_deleterERKSt9type_info                                                                                                                                                                                                                           36            0
.xt.prop._ZNSt15_Sp_counted_ptrIP22WiFiClientSocketHandleLN9__gnu_cxx12_Lock_policyE2EE14_M_get_deleterERKSt9type_info                                                                                                                                                                                                                       36            0
.xt.prop._ZNSt15_Sp_counted_ptrIP22WiFiClientSocketHandleLN9__gnu_cxx12_Lock_policyE2EED0Ev                                                                                                                                                                                                                                                  36            0
.xt.prop._ZNSt15_Sp_counted_ptrIP18WiFiClientRxBufferLN9__gnu_cxx12_Lock_policyE2EED0Ev                                                                                                                                                                                                                                                      36            0
.xt.prop._ZTV10WiFiClient                                                                                                                                                                                                                                                                                                                    12            0
.xt.prop._ZTVSt15_Sp_counted_ptrIP22WiFiClientSocketHandleLN9__gnu_cxx12_Lock_policyE2EE                                                                                                                                                                                                                                                     12            0
.xt.prop._ZTVSt15_Sp_counted_ptrIP18WiFiClientRxBufferLN9__gnu_cxx12_Lock_policyE2EE                                                                                                                                                                                                                                                         12            0
.xt.lit._ZN15WiFiEventCbListC5Ev                                                                                                                                                                                                                                                                                                              8            0
.xt.lit._ZNSt8functionIFv18arduino_event_id_t20arduino_event_info_tEEC5ERKS3_                                                                                                                                                                                                                                                                 0            0
.xt.lit._ZN15WiFiEventCbListC5ERKS_                                                                                                                                                                                                                                                                                                           0            0
.xt.lit._ZNSt8functionIFv18arduino_event_id_t20arduino_event_info_tEE4swapERS3_                                                                                                                                                                                                                                                               0            0
.xt.lit._ZNSt6vectorI15WiFiEventCbListSaIS0_EE17_M_realloc_insertIJRKS0_EEEvN9__gnu_cxx17__normal_iteratorIPS0_S2_EEDpOT_                                                                                                                                                                                                                     8            0
.xt.lit._ZNSt6vectorI15WiFiEventCbListSaIS0_EE9push_backERKS0_                                                                                                                                                                                                                                                                                0            0
.xt.lit._ZNSt6vectorI15WiFiEventCbListSaIS0_EE8_M_eraseEN9__gnu_cxx17__normal_iteratorIPS0_S2_EE                                                                                                                                                                                                                                              0            0
.xt.prop._ZN15WiFiEventCbListC5Ev                                                                                                                                                                                                                                                                                                            12            0
.xt.prop._ZNSt8functionIFv18arduino_event_id_t20arduino_event_info_tEEC5ERKS3_                                                                                                                                                                                                                                                                0            0
.xt.prop._ZN15WiFiEventCbListC5ERKS_                                                                                                                                                                                                                                                                                                          0            0
.xt.prop._ZNSt8functionIFv18arduino_event_id_t20arduino_event_info_tEE4swapERS3_                                                                                                                                                                                                                                                             48            0
.xt.prop._ZNSt6vectorI15WiFiEventCbListSaIS0_EE17_M_realloc_insertIJRKS0_EEEvN9__gnu_cxx17__normal_iteratorIPS0_S2_EEDpOT_                                                                                                                                                                                                                  168            0
.xt.prop._ZNSt6vectorI15WiFiEventCbListSaIS0_EE9push_backERKS0_                                                                                                                                                                                                                                                                              60            0
.xt.prop._ZNSt6vectorI15WiFiEventCbListSaIS0_EE8_M_eraseEN9__gnu_cxx17__normal_iteratorIPS0_S2_EE                                                                                                                                                                                                                                            72            0
.xt.prop._ZN15WiFiEventCbListC2Ev                                                                                                                                                                                                                                                                                                            36            0
.xt.prop._ZNSt8functionIFv18arduino_event_id_t20arduino_event_info_tEEC2ERKS3_                                                                                                                                                                                                                                                               60            0
.xt.prop._ZN15WiFiEventCbListC2ERKS_                                                                                                                                                                                                                                                                                                         36            0
.xt.prop._ZSt34__uninitialized_move_if_noexcept_aIP15WiFiEventCbListS1_SaIS0_EET0_T_S4_S3_RT1_$isra$30                                                                                                                                                                                                                                       60            0
.xt.lit._ZN10MD5Builder3addEPKc                                                                                                                                                                                                                                                                                                               0            0
.xt.lit._ZNKSt8functionIFv11ota_error_tEEclES0_                                                                                                                                                                                                                                                                                               0            0
.xt.lit._ZNKSt8functionIFvjjEEclEjj                                                                                                                                                                                                                                                                                                           0            0
.xt.lit._ZSt4swapISt9_Any_dataENSt9enable_ifIXsrSt6__and_IJSt6__not_ISt15__is_tuple_likeIT_EESt21is_move_constructibleIS5_ESt18is_move_assignableIS5_EEE5valueEvE4typeERS5_SF_                                                                                                                                                                0            0
.xt.lit._ZNSt8functionIFvvEEaSERKS1_                                                                                                                                                                                                                                                                                                          0            0
.xt.prop._ZN10MD5Builder3addEPKc                                                                                                                                                                                                                                                                                                             36            0
.xt.prop._ZNKSt8functionIFv11ota_error_tEEclES0_                                                                                                                                                                                                                                                                                             48            0
.xt.prop._ZNKSt8functionIFvjjEEclEjj                                                                                                                                                                                                                                                                                                         48            0
.xt.prop._ZSt4swapISt9_Any_dataENSt9enable_ifIXsrSt6__and_IJSt6__not_ISt15__is_tuple_likeIT_EESt21is_move_constructibleIS5_ESt18is_move_assignableIS5_EEE5valueEvE4typeERS5_SF_                                                                                                                                                              48            0
.xt.prop._ZNSt8functionIFvvEEaSERKS1_                                                                                                                                                                                                                                                                                                        60            0
.xt.lit._ZNSt7__cxx114listIN7sensesp9NonceDataESaIS2_EE5eraseESt20_List_const_iteratorIS2_E                                                                                                                                                                                                                                                   0            0
.xt.prop._ZNSt7__cxx114listIN7sensesp9NonceDataESaIS2_EE5eraseESt20_List_const_iteratorIS2_E                                                                                                                                                                                                                                                 36            0
.xt.prop._ZTVN7sensesp23HTTPDigestAuthenticatorE                                                                                                                                                                                                                                                                                             12            0
.xt.lit._ZNKSt8functionIFiP9httpd_reqEEclES1_                                                                                                                                                                                                                                                                                                 0            0
.xt.prop._ZNKSt8functionIFiP9httpd_reqEEclES1_                                                                                                                                                                                                                                                                                               48            0
.xt.prop._ZNSt17_Function_handlerIFiP9httpd_reqEPS2_E9_M_invokeERKSt9_Any_dataOS1_                                                                                                                                                                                                                                                           36            0
.xt.prop._ZNSt14_Function_base13_Base_managerIPFiP9httpd_reqEE10_M_managerERSt9_Any_dataRKS6_St18_Manager_operation                                                                                                                                                                                                                          60            0
.xt.prop._ZNK7sensesp13ValueProducerINS_9WiFiStateEE3getEv                                                                                                                                                                                                                                                                                   36            0
.xt.prop._ZTCN7sensesp20NetworkStateProducerE0_NS_13ValueProducerINS_9WiFiStateEEE                                                                                                                                                                                                                                                           12            0
.xt.prop._ZTTN7sensesp20NetworkStateProducerE                                                                                                                                                                                                                                                                                                12            0
.xt.prop._ZTVN7sensesp20NetworkStateProducerE                                                                                                                                                                                                                                                                                                12            0
.xt.lit._ZNSt23_Sp_counted_ptr_inplaceIN7sensesp18HTTPRequestHandlerESaIS1_ELN9__gnu_cxx12_Lock_policyE2EE14_M_get_deleterERKSt9type_info                                                                                                                                                                                                     0            0
.xt.lit._ZNSt23_Sp_counted_ptr_inplaceIN7sensesp18HTTPRequestHandlerESaIS1_ELN9__gnu_cxx12_Lock_policyE2EED5Ev                                                                                                                                                                                                                                0            0
.xt.lit._ZNSt23_Sp_counted_ptr_inplaceIN7sensesp18HTTPRequestHandlerESaIS1_ELN9__gnu_cxx12_Lock_policyE2EE10_M_disposeEv                                                                                                                                                                                                                      0            0
.xt.lit._ZN7sensesp18HTTPRequestHandlerC5Ej6StringSt8functionIFiP9httpd_reqEE                                                                                                                                                                                                                                                                 0            0
.xt.lit._ZNSt6vectorIN7sensesp15WiFiNetworkInfoESaIS1_EED5Ev                                                                                                                                                                                                                                                                                  0            0
.xt.lit._ZNSt7__cxx114listISt10shared_ptrIN7sensesp18HTTPRequestHandlerEESaIS4_EE14_M_create_nodeIJRKS4_EEEPSt10_List_nodeIS4_EDpOT_                                                                                                                                                                                                          0            0
.xt.lit._ZNSt7__cxx114listISt10shared_ptrIN7sensesp18HTTPRequestHandlerEESaIS4_EE9push_backERKS4_                                                                                                                                                                                                                                             0            0
.xt.lit._ZNSt15__allocated_ptrISaISt23_Sp_counted_ptr_inplaceIN7sensesp18HTTPRequestHandlerESaIS2_ELN9__gnu_cxx12_Lock_policyE2EEEED5Ev                                                                                                                                                                                                       0            0
.xt.lit._ZNSt23_Sp_counted_ptr_inplaceIN7sensesp18HTTPRequestHandlerESaIS1_ELN9__gnu_cxx12_Lock_policyE2EE10_M_destroyEv                                                                                                                                                                                                                      0            0
.xt.lit._ZNK11ArduinoJson8V743PB226detail11MemberProxyIRNS0_12JsonDocumentENS1_9RamStringEE15getOrCreateDataEv                                                                                                                                                                                                                                0            0
.xt.lit._ZN7sensesp15WiFiNetworkInfo7as_jsonERN11ArduinoJson8V743PB2210JsonObjectE                                                                                                                                                                                                                                                            8            0
.xt.prop._ZNSt23_Sp_counted_ptr_inplaceIN7sensesp18HTTPRequestHandlerESaIS1_ELN9__gnu_cxx12_Lock_policyE2EE14_M_get_deleterERKSt9type_info                                                                                                                                                                                                   36            0
.xt.prop._ZNSt23_Sp_counted_ptr_inplaceIN7sensesp18HTTPRequestHandlerESaIS1_ELN9__gnu_cxx12_Lock_policyE2EED5Ev                                                                                                                                                                                                                               0            0
.xt.prop._ZNSt23_Sp_counted_ptr_inplaceIN7sensesp18HTTPRequestHandlerESaIS1_ELN9__gnu_cxx12_Lock_policyE2EE10_M_disposeEv                                                                                                                                                                                                                    36            0
.xt.prop._ZN7sensesp18HTTPRequestHandlerC5Ej6StringSt8functionIFiP9httpd_reqEE                                                                                                                                                                                                                                                                0            0
.xt.prop._ZNSt6vectorIN7sensesp15WiFiNetworkInfoESaIS1_EED5Ev                                                                                                                                                                                                                                                                                 0            0
.xt.prop._ZNSt7__cxx114listISt10shared_ptrIN7sensesp18HTTPRequestHandlerEESaIS4_EE14_M_create_nodeIJRKS4_EEEPSt10_List_nodeIS4_EDpOT_                                                                                                                                                                                                        36            0
.xt.prop._ZNSt7__cxx114listISt10shared_ptrIN7sensesp18HTTPRequestHandlerEESaIS4_EE9push_backERKS4_                                                                                                                                                                                                                                           36            0
.xt.prop._ZNSt15__allocated_ptrISaISt23_Sp_counted_ptr_inplaceIN7sensesp18HTTPRequestHandlerESaIS2_ELN9__gnu_cxx12_Lock_policyE2EEEED5Ev                                                                                                                                                                                                      0            0
.xt.prop._ZNSt23_Sp_counted_ptr_inplaceIN7sensesp18HTTPRequestHandlerESaIS1_ELN9__gnu_cxx12_Lock_policyE2EE10_M_destroyEv                                                                                                                                                                                                                    36            0
.xt.prop._ZNK11ArduinoJson8V743PB226detail11MemberProxyIRNS0_12JsonDocumentENS1_9RamStringEE15getOrCreateDataEv                                                                                                                                                                                                                              84            0
.xt.prop._ZN7sensesp15WiFiNetworkInfo7as_jsonERN11ArduinoJson8V743PB2210JsonObjectE                                                                                                                                                                                                                                                          72            0
.xt.prop._ZNSt23_Sp_counted_ptr_inplaceIN7sensesp18HTTPRequestHandlerESaIS1_ELN9__gnu_cxx12_Lock_policyE2EED2Ev                                                                                                                                                                                                                              36            0
.xt.prop._ZNSt23_Sp_counted_ptr_inplaceIN7sensesp18HTTPRequestHandlerESaIS1_ELN9__gnu_cxx12_Lock_policyE2EED0Ev                                                                                                                                                                                                                              36            0
.xt.prop._ZN7sensesp18HTTPRequestHandlerC2Ej6StringSt8functionIFiP9httpd_reqEE                                                                                                                                                                                                                                                               60            0
.xt.prop._ZNSt6vectorIN7sensesp15WiFiNetworkInfoESaIS1_EED2Ev                                                                                                                                                                                                                                                                                60            0
.xt.prop._ZNSt15__allocated_ptrISaISt23_Sp_counted_ptr_inplaceIN7sensesp18HTTPRequestHandlerESaIS2_ELN9__gnu_cxx12_Lock_policyE2EEEED2Ev                                                                                                                                                                                                     36            0
.xt.prop._ZTVSt23_Sp_counted_ptr_inplaceIN7sensesp18HTTPRequestHandlerESaIS1_ELN9__gnu_cxx12_Lock_policyE2EE                                                                                                                                                                                                                                 12            0
.xt.lit._ZN7sensesp15RouteDefinitionC5E6StringS1_S1_                                                                                                                                                                                                                                                                                          0            0
.xt.lit._ZN7sensesp15RouteDefinitionD5Ev                                                                                                                                                                                                                                                                                                      0            0
.xt.lit._ZN11ArduinoJson8V743PB226detail14CollectionData5clearEPNS1_15ResourceManagerE                                                                                                                                                                                                                                                        0            0
.xt.lit._ZN11ArduinoJson8V743PB2212JsonDocument2toINS0_9JsonArrayEEENS0_6detail9VariantToIT_E4typeEv                                                                                                                                                                                                                                          8            0
.xt.lit._ZN11ArduinoJson8V743PB226detail15ResourceManager14allocExtensionEv                                                                                                                                                                                                                                                                   0            0
.xt.lit._ZNK11ArduinoJson8V743PB226detail11VariantData6acceptINS1_14VisitorAdapterINS1_17JsonVariantCopierEEEEENT_11result_typeERS7_PKNS1_15ResourceManagerE                                                                                                                                                                                  8            0
.xt.lit._ZN11ArduinoJson8V743PB226detail10StringPool3addINS1_9RamStringEEEPNS1_10StringNodeET_PNS0_9AllocatorE                                                                                                                                                                                                                                0            0
.xt.lit._ZNSt12_Destroy_auxILb0EE9__destroyIPN7sensesp15RouteDefinitionEEEvT_S5_                                                                                                                                                                                                                                                              0            0
.xt.lit._ZNSt6vectorIN7sensesp15RouteDefinitionESaIS1_EED5Ev                                                                                                                                                                                                                                                                                  0            0
.xt.lit._ZN7sensesp15RouteDefinitionC5EOS0_                                                                                                                                                                                                                                                                                                   0            0
.xt.lit._ZNSt20__uninitialized_copyILb0EE13__uninit_copyIPKN7sensesp15RouteDefinitionEPS3_EET0_T_S8_S7_                                                                                                                                                                                                                                       0            0
.xt.lit._ZNSt6vectorIN7sensesp15RouteDefinitionESaIS1_EE17_M_realloc_insertIJS1_EEEvN9__gnu_cxx17__normal_iteratorIPS1_S3_EEDpOT_                                                                                                                                                                                                             8            0
.xt.lit._ZNSt6vectorIN7sensesp15RouteDefinitionESaIS1_EE12emplace_backIJS1_EEEvDpOT_                                                                                                                                                                                                                                                          0            0
.xt.lit._ZN11ArduinoJson8V743PB2210JsonObject3setENS0_15JsonObjectConstE                                                                                                                                                                                                                                                                      0            0
.xt.lit._ZN11ArduinoJson8V743PB226detail14VisitorAdapterINS1_17JsonVariantCopierEE5visitERKNS1_10ObjectDataE                                                                                                                                                                                                                                  0            0
.xt.lit._ZN11ArduinoJson8V743PB226detail9ArrayData8addValueINS0_12JsonDocumentEEEbRKT_PNS1_15ResourceManagerE                                                                                                                                                                                                                                 0            0
.xt.lit._ZNK11ArduinoJson8V743PB229JsonArray3setENS0_14JsonArrayConstE                                                                                                                                                                                                                                                                        0            0
.xt.prop._ZN7sensesp15RouteDefinitionC5E6StringS1_S1_                                                                                                                                                                                                                                                                                         0            0
.xt.prop._ZN7sensesp15RouteDefinitionD5Ev                                                                                                                                                                                                                                                                                                     0            0
.xt.prop._ZN11ArduinoJson8V743PB226detail14CollectionData5clearEPNS1_15ResourceManagerE                                                                                                                                                                                                                                                      60            0
.xt.prop._ZN11ArduinoJson8V743PB2212JsonDocument2toINS0_9JsonArrayEEENS0_6detail9VariantToIT_E4typeEv                                                                                                                                                                                                                                        48            0
.xt.prop._ZN11ArduinoJson8V743PB226detail15ResourceManager14allocExtensionEv                                                                                                                                                                                                                                                                 60            0
.xt.prop._ZNK11ArduinoJson8V743PB226detail11VariantData6acceptINS1_14VisitorAdapterINS1_17JsonVariantCopierEEEEENT_11result_typeERS7_PKNS1_15ResourceManagerE                                                                                                                                                                               432            0
.xt.prop._ZN11ArduinoJson8V743PB226detail10StringPool3addINS1_9RamStringEEEPNS1_10StringNodeET_PNS0_9AllocatorE                                                                                                                                                                                                                             144            0
.xt.prop._ZNSt12_Destroy_auxILb0EE9__destroyIPN7sensesp15RouteDefinitionEEEvT_S5_                                                                                                                                                                                                                                                            60            0
.xt.prop._ZNSt6vectorIN7sensesp15RouteDefinitionESaIS1_EED5Ev                                                                                                                                                                                                                                                                                 0            0
.xt.prop._ZN7sensesp15RouteDefinitionC5EOS0_                                                                                                                                                                                                                                                                                                  0            0
.xt.prop._ZNSt20__uninitialized_copyILb0EE13__uninit_copyIPKN7sensesp15RouteDefinitionEPS3_EET0_T_S8_S7_                                                                                                                                                                                                                                    168            0
.xt.prop._ZNSt6vectorIN7sensesp15RouteDefinitionESaIS1_EE17_M_realloc_insertIJS1_EEEvN9__gnu_cxx17__normal_iteratorIPS1_S3_EEDpOT_                                                                                                                                                                                                          204            0
.xt.prop._ZNSt6vectorIN7sensesp15RouteDefinitionESaIS1_EE12emplace_backIJS1_EEEvDpOT_                                                                                                                                                                                                                                                        60            0
.xt.prop._ZN11ArduinoJson8V743PB2210JsonObject3setENS0_15JsonObjectConstE                                                                                                                                                                                                                                                                   120            0
.xt.prop._ZN11ArduinoJson8V743PB226detail14VisitorAdapterINS1_17JsonVariantCopierEE5visitERKNS1_10ObjectDataE                                                                                                                                                                                                                                60            0
.xt.prop._ZN11ArduinoJson8V743PB226detail9ArrayData8addValueINS0_12JsonDocumentEEEbRKT_PNS1_15ResourceManagerE                                                                                                                                                                                                                               96            0
.xt.prop._ZNK11ArduinoJson8V743PB229JsonArray3setENS0_14JsonArrayConstE                                                                                                                                                                                                                                                                     108            0
.xt.prop._ZN7sensesp15RouteDefinitionC2E6StringS1_S1_                                                                                                                                                                                                                                                                                       108            0
.xt.prop._ZN7sensesp15RouteDefinitionD2Ev                                                                                                                                                                                                                                                                                                    36            0
.xt.prop._ZN11ArduinoJson8V743PB226detail14MemoryPoolListINS1_15ResourceManager8SlotDataEE5clearEPNS0_9AllocatorE                                                                                                                                                                                                                            72            0
.xt.prop._ZNK11ArduinoJson8V743PB226detail14VariantRefBaseINS0_11JsonVariantEE5doSetINS0_9ConverterIxvEExEEbRKT0_NS1_17integral_constantIbLb1EEE$isra$648                                                                                                                                                                                    84            0
.xt.prop._ZNK11ArduinoJson8V743PB226detail14VariantRefBaseINS0_11JsonVariantEE5doSetINS0_9ConverterIyvEEyEEbRKT0_NS1_17integral_constantIbLb1EEE$isra$755                                                                                                                                                                                    72            0
.xt.prop._ZN11ArduinoJson8V743PB226detail14VisitorAdapterINS1_17JsonVariantCopierEE5visitINS0_10JsonStringEEEbRKT_$isra$491                                                                                                                                                                                                                  36            0
.xt.prop._ZNSt6vectorIN7sensesp15RouteDefinitionESaIS1_EED2Ev                                                                                                                                                                                                                                                                                36            0
.xt.prop._ZN7sensesp15RouteDefinitionC2EOS0_                                                                                                                                                                                                                                                                                                108            0
.xt.lit._ZNK6String9substringEj                                                                                                                                                                                                                                                                                                               0            0
.xt.lit._ZN11ArduinoJson8V743PB226detail10StringNode6createEjPNS0_9AllocatorE                                                                                                                                                                                                                                                                 0            0
.xt.lit._ZN11ArduinoJson8V743PB226detail15ResourceManager12resizeStringEPNS1_10StringNodeEj                                                                                                                                                                                                                                                   0            0
.xt.lit._ZN11ArduinoJson8V743PB226detail13StringBuilderD5Ev                                                                                                                                                                                                                                                                                   8            0
.xt.lit._ZN11ArduinoJson8V743PB226detail13StringBuilder11startStringEv                                                                                                                                                                                                                                                                        0            0
.xt.lit._ZN11ArduinoJson8V743PB226detail13StringBuilder6appendEc                                                                                                                                                                                                                                                                              0            0
.xt.lit._ZN7sensesp14ConfigItemBase15get_config_itemE6String                                                                                                                                                                                                                                                                                  8            0
.xt.lit._ZN11ArduinoJson8V743PB226detail15ResourceManager5clearEv                                                                                                                                                                                                                                                                             0            0
.xt.lit._ZN11ArduinoJson8V743PB226detail13StringBuilder4saveEPNS1_11VariantDataE                                                                                                                                                                                                                                                              8            0
.xt.lit._ZNSt10unique_ptrISt6vectorISt10shared_ptrIN7sensesp14ConfigItemBaseEESaIS4_EESt14default_deleteIS6_EED5Ev                                                                                                                                                                                                                            0            0
.xt.lit._ZNSt10unique_ptrIA_cSt14default_deleteIS0_EED5Ev                                                                                                                                                                                                                                                                                     0            0
.xt.lit._ZNSt6vectorISt10shared_ptrIN7sensesp14ConfigItemBaseEESaIS3_EE17_M_realloc_insertIJRKS3_EEEvN9__gnu_cxx17__normal_iteratorIPS3_S5_EEDpOT_                                                                                                                                                                                            8            0
.xt.lit._ZNSt7__cxx114listISt10shared_ptrIN7sensesp18HTTPRequestHandlerEESaIS4_EE9_M_insertIJRKS4_EEEvSt14_List_iteratorIS4_EDpOT_                                                                                                                                                                                                            0            0
.xt.lit._ZNSt12__shared_ptrIN7sensesp14ConfigItemBaseELN9__gnu_cxx12_Lock_policyE2EEaSEOS4_                                                                                                                                                                                                                                                   0            0
.xt.lit._ZSt25__unguarded_linear_insertIN9__gnu_cxx17__normal_iteratorIPSt10shared_ptrIN7sensesp14ConfigItemBaseEESt6vectorIS5_SaIS5_EEEENS0_5__ops14_Val_comp_iterIZNS4_16get_config_itemsEvEUlS5_S5_E_EEEvT_T0_                                                                                                                             0            0
.xt.lit._ZSt16__insertion_sortIN9__gnu_cxx17__normal_iteratorIPSt10shared_ptrIN7sensesp14ConfigItemBaseEESt6vectorIS5_SaIS5_EEEENS0_5__ops15_Iter_comp_iterIZNS4_16get_config_itemsEvEUlS5_S5_E_EEEvT_SF_T0_                                                                                                                                  0            0
.xt.lit._ZN11ArduinoJson8V743PB226detail16JsonDeserializerINS1_6ReaderIPcvEEE11skipKeywordEPKc                                                                                                                                                                                                                                                0            0
.xt.lit._ZN11ArduinoJson8V743PB226detail16JsonDeserializerINS1_6ReaderIPcvEEE17parseNumericValueERNS1_11VariantDataE                                                                                                                                                                                                                          8            0
.xt.lit._ZSt13__adjust_heapIN9__gnu_cxx17__normal_iteratorIPSt10shared_ptrIN7sensesp14ConfigItemBaseEESt6vectorIS5_SaIS5_EEEEiS5_NS0_5__ops15_Iter_comp_iterIZNS4_16get_config_itemsEvEUlS5_S5_E_EEEvT_T0_SG_T1_T2_                                                                                                                           0            0
.xt.lit._ZSt16__introsort_loopIN9__gnu_cxx17__normal_iteratorIPSt10shared_ptrIN7sensesp14ConfigItemBaseEESt6vectorIS5_SaIS5_EEEEiNS0_5__ops15_Iter_comp_iterIZNS4_16get_config_itemsEvEUlS5_S5_E_EEEvT_SF_T0_T1_                                                                                                                              0            0
.xt.lit._ZN7sensesp14ConfigItemBase16get_config_itemsEv                                                                                                                                                                                                                                                                                       0            0
.xt.lit._ZN11ArduinoJson8V743PB226detail16JsonDeserializerINS1_6ReaderIPcvEEE3eatEc                                                                                                                                                                                                                                                           0            0
.xt.lit._ZN11ArduinoJson8V743PB226detail4Utf815encodeCodepointINS1_13StringBuilderEEEvjRT_                                                                                                                                                                                                                                                    0            0
.xt.lit._ZN11ArduinoJson8V743PB226detail16JsonDeserializerINS1_6ReaderIPcvEEE17parseQuotedStringEv                                                                                                                                                                                                                                            8            0
.xt.lit._ZN11ArduinoJson8V743PB226detail16JsonDeserializerINS1_6ReaderIPcvEEE11parseObjectINS1_14AllowAllFilterEEENS0_20DeserializationError4CodeERNS1_10ObjectDataET_NS0_21DeserializationOption12NestingLimitE                                                                                                                              8            0
.xt.lit._ZN11ArduinoJson8V743PB226detail16JsonDeserializerINS1_6ReaderIPcvEEE12parseVariantINS1_14AllowAllFilterEEENS0_20DeserializationError4CodeERNS1_11VariantDataET_NS0_21DeserializationOption12NestingLimitE                                                                                                                            8            0
.xt.lit._ZN11ArduinoJson8V743PB226detail16JsonDeserializerINS1_6ReaderIPcvEEE10parseArrayINS1_14AllowAllFilterEEENS0_20DeserializationError4CodeERNS1_9ArrayDataET_NS0_21DeserializationOption12NestingLimitE                                                                                                                                 0            0
.xt.prop._ZNK6String9substringEj                                                                                                                                                                                                                                                                                                             60            0
.xt.prop._ZN11ArduinoJson8V743PB226detail10StringNode6createEjPNS0_9AllocatorE                                                                                                                                                                                                                                                               48            0
.xt.prop._ZN11ArduinoJson8V743PB226detail15ResourceManager12resizeStringEPNS1_10StringNodeEj                                                                                                                                                                                                                                                 60            0
.xt.prop._ZN11ArduinoJson8V743PB226detail13StringBuilderD5Ev                                                                                                                                                                                                                                                                                 12            0
.xt.prop._ZN11ArduinoJson8V743PB226detail13StringBuilder11startStringEv                                                                                                                                                                                                                                                                      48            0
.xt.prop._ZN11ArduinoJson8V743PB226detail13StringBuilder6appendEc                                                                                                                                                                                                                                                                            60            0
.xt.prop._ZN7sensesp14ConfigItemBase15get_config_itemE6String                                                                                                                                                                                                                                                                               120            0
.xt.prop._ZN11ArduinoJson8V743PB226detail15ResourceManager5clearEv                                                                                                                                                                                                                                                                           60            0
.xt.prop._ZN11ArduinoJson8V743PB226detail13StringBuilder4saveEPNS1_11VariantDataE                                                                                                                                                                                                                                                           120            0
.xt.prop._ZNSt10unique_ptrISt6vectorISt10shared_ptrIN7sensesp14ConfigItemBaseEESaIS4_EESt14default_deleteIS6_EED5Ev                                                                                                                                                                                                                           0            0
.xt.prop._ZNSt10unique_ptrIA_cSt14default_deleteIS0_EED5Ev                                                                                                                                                                                                                                                                                    0            0
.xt.prop._ZNSt6vectorISt10shared_ptrIN7sensesp14ConfigItemBaseEESaIS3_EE17_M_realloc_insertIJRKS3_EEEvN9__gnu_cxx17__normal_iteratorIPS3_S5_EEDpOT_                                                                                                                                                                                         144            0
.xt.prop._ZNSt7__cxx114listISt10shared_ptrIN7sensesp18HTTPRequestHandlerEESaIS4_EE9_M_insertIJRKS4_EEEvSt14_List_iteratorIS4_EDpOT_                                                                                                                                                                                                          48            0
.xt.prop._ZNSt12__shared_ptrIN7sensesp14ConfigItemBaseELN9__gnu_cxx12_Lock_policyE2EEaSEOS4_                                                                                                                                                                                                                                                 36            0
.xt.prop._ZSt25__unguarded_linear_insertIN9__gnu_cxx17__normal_iteratorIPSt10shared_ptrIN7sensesp14ConfigItemBaseEESt6vectorIS5_SaIS5_EEEENS0_5__ops14_Val_comp_iterIZNS4_16get_config_itemsEvEUlS5_S5_E_EEEvT_T0_                                                                                                                           60            0
.xt.prop._ZSt16__insertion_sortIN9__gnu_cxx17__normal_iteratorIPSt10shared_ptrIN7sensesp14ConfigItemBaseEESt6vectorIS5_SaIS5_EEEENS0_5__ops15_Iter_comp_iterIZNS4_16get_config_itemsEvEUlS5_S5_E_EEEvT_SF_T0_                                                                                                                               108            0
.xt.prop._ZN11ArduinoJson8V743PB226detail16JsonDeserializerINS1_6ReaderIPcvEEE11skipKeywordEPKc                                                                                                                                                                                                                                             108            0
.xt.prop._ZN11ArduinoJson8V743PB226detail16JsonDeserializerINS1_6ReaderIPcvEEE17parseNumericValueERNS1_11VariantDataE                                                                                                                                                                                                                       312            0
.xt.prop._ZSt13__adjust_heapIN9__gnu_cxx17__normal_iteratorIPSt10shared_ptrIN7sensesp14ConfigItemBaseEESt6vectorIS5_SaIS5_EEEEiS5_NS0_5__ops15_Iter_comp_iterIZNS4_16get_config_itemsEvEUlS5_S5_E_EEEvT_T0_SG_T1_T2_                                                                                                                         84            0
.xt.prop._ZSt16__introsort_loopIN9__gnu_cxx17__normal_iteratorIPSt10shared_ptrIN7sensesp14ConfigItemBaseEESt6vectorIS5_SaIS5_EEEEiNS0_5__ops15_Iter_comp_iterIZNS4_16get_config_itemsEvEUlS5_S5_E_EEEvT_SF_T0_T1_                                                                                                                           276            0
.xt.prop._ZN7sensesp14ConfigItemBase16get_config_itemsEv                                                                                                                                                                                                                                                                                    144            0
.xt.prop._ZN11ArduinoJson8V743PB226detail16JsonDeserializerINS1_6ReaderIPcvEEE3eatEc                                                                                                                                                                                                                                                         48            0
.xt.prop._ZN11ArduinoJson8V743PB226detail4Utf815encodeCodepointINS1_13StringBuilderEEEvjRT_                                                                                                                                                                                                                                                 120            0
.xt.prop._ZN11ArduinoJson8V743PB226detail16JsonDeserializerINS1_6ReaderIPcvEEE17parseQuotedStringEv                                                                                                                                                                                                                                         240            0
.xt.prop._ZN11ArduinoJson8V743PB226detail16JsonDeserializerINS1_6ReaderIPcvEEE11parseObjectINS1_14AllowAllFilterEEENS0_20DeserializationError4CodeERNS1_10ObjectDataET_NS0_21DeserializationOption12NestingLimitE                                                                                                                           240            0
.xt.prop._ZN11ArduinoJson8V743PB226detail16JsonDeserializerINS1_6ReaderIPcvEEE12parseVariantINS1_14AllowAllFilterEEENS0_20DeserializationError4CodeERNS1_11VariantDataET_NS0_21DeserializationOption12NestingLimitE                                                                                                                         192            0
.xt.prop._ZN11ArduinoJson8V743PB226detail16JsonDeserializerINS1_6ReaderIPcvEEE10parseArrayINS1_14AllowAllFilterEEENS0_20DeserializationError4CodeERNS1_9ArrayDataET_NS0_21DeserializationOption12NestingLimitE                                                                                                                              144            0
.xt.prop._ZN11ArduinoJson8V743PB226detail10StringNode7destroyEPS2_PNS0_9AllocatorE                                                                                                                                                                                                                                                           36            0
.xt.prop._ZN11ArduinoJson8V743PB226detail13StringBuilderD2Ev                                                                                                                                                                                                                                                                                 36            0
.xt.prop._ZNSt12__shared_ptrIN7sensesp14ConfigItemBaseELN9__gnu_cxx12_Lock_policyE2EEC2ERKS4_                                                                                                                                                                                                                                                48            0
.xt.prop._ZN11ArduinoJson8V743PB226detail11VariantData13setTinyStringINS1_9RamStringEEEvRKT_                                                                                                                                                                                                                                                 60            0
.xt.prop._ZNSt10unique_ptrISt6vectorISt10shared_ptrIN7sensesp14ConfigItemBaseEESaIS4_EESt14default_deleteIS6_EED2Ev                                                                                                                                                                                                                          60            0
.xt.prop._ZNSt10unique_ptrIA_cSt14default_deleteIS0_EED2Ev                                                                                                                                                                                                                                                                                   36            0
.xt.prop._ZNSt12__shared_ptrIN7sensesp14ConfigItemBaseELN9__gnu_cxx12_Lock_policyE2EEC2EOS4_                                                                                                                                                                                                                                                 36            0
.xt.prop._ZN11ArduinoJson8V743PB226detail16JsonDeserializerINS1_6ReaderIPcvEEE7currentEv                                                                                                                                                                                                                                                     36            0
.xt.prop._ZSt10__pop_heapIN9__gnu_cxx17__normal_iteratorIPSt10shared_ptrIN7sensesp14ConfigItemBaseEESt6vectorIS5_SaIS5_EEEENS0_5__ops15_Iter_comp_iterIZNS4_16get_config_itemsEvEUlS5_S5_E_EEEvT_SF_SF_RT0_$isra$214                                                                                                                         36            0
.xt.prop._ZN11ArduinoJson8V743PB226detail16JsonDeserializerINS1_6ReaderIPcvEEE22canBeInNonQuotedStringEc                                                                                                                                                                                                                                     48            0
.xt.prop._ZZNK11ArduinoJson8V743PB2220DeserializationError5c_strEvE8messages                                                                                                                                                                                                                                                                 12            0
.xt.lit._ZNK7sensesp15WiFiProvisioner11mac_addressEv                                                                                                                                                                                                                                                                                          0            0
.xt.lit._ZNK7sensesp15WiFiProvisioner10gateway_ipEv                                                                                                                                                                                                                                                                                           0            0
.xt.lit._ZNK7sensesp15WiFiProvisioner8local_ipEv                                                                                                                                                                                                                                                                                              0            0
.xt.lit._ZNK7sensesp15WiFiProvisioner12is_connectedEv                                                                                                                                                                                                                                                                                         0            0
.xt.lit._ZN7sensesp19AccessPointSettingsD5Ev                                                                                                                                                                                                                                                                                                  0            0
.xt.lit._ZN7sensesp16ClientSSIDConfigC5E6StringS1_b9IPAddressS2_S2_S2_                                                                                                                                                                                                                                                                        0            0
.xt.lit._ZN7sensesp16ClientSSIDConfigD5Ev                                                                                                                                                                                                                                                                                                     0            0
.xt.lit._ZN7sensesp16ClientSSIDConfigC5EOS0_                                                                                                                                                                                                                                                                                                  0            0
.xt.lit._ZN7sensesp19AccessPointSettingsaSEOS0_                                                                                                                                                                                                                                                                                               0            0
.xt.lit._ZNSt10unique_ptrI9DNSServerSt14default_deleteIS0_EED5Ev                                                                                                                                                                                                                                                                              8            0
.xt.lit._ZN7sensesp19AccessPointSettingsC5Eb6StringS1_ibb                                                                                                                                                                                                                                                                                     0            0
.xt.lit._ZN7sensesp16ClientSSIDConfigC5ERKS0_                                                                                                                                                                                                                                                                                                 0            0
.xt.lit._ZNKSt6vectorIN7sensesp16ClientSSIDConfigESaIS1_EE12_M_check_lenEjPKc                                                                                                                                                                                                                                                                 8            0
.xt.lit._ZN7sensesp15WiFiNetworkInfoC5ERKS0_                                                                                                                                                                                                                                                                                                  0            0
.xt.lit._ZNSt12_Destroy_auxILb0EE9__destroyIPN7sensesp16ClientSSIDConfigEEEvT_S5_                                                                                                                                                                                                                                                             0            0
.xt.lit._ZNSt6vectorIN7sensesp16ClientSSIDConfigESaIS1_EED5Ev                                                                                                                                                                                                                                                                                 0            0
.xt.lit._ZNSt6vectorIN7sensesp16ClientSSIDConfigESaIS1_EE5clearEv                                                                                                                                                                                                                                                                             0            0
.xt.lit._ZNK11ArduinoJson8V743PB226detail14VariantRefBaseINS1_11MemberProxyINS0_10JsonObjectENS1_9RamStringEEEE2toIS4_Li0EEES4_v                                                                                                                                                                                                              0            0
.xt.lit._ZN7sensesp16ClientSSIDConfig7as_jsonERN11ArduinoJson8V743PB2210JsonObjectE                                                                                                                                                                                                                                                           8            0
.xt.lit._ZNSt12_Destroy_auxILb0EE9__destroyIPN7sensesp15WiFiNetworkInfoEEEvT_S5_                                                                                                                                                                                                                                                              0            0
.xt.lit._ZNK11ArduinoJson8V743PB226detail14VariantRefBaseINS1_11MemberProxyINS0_10JsonObjectENS1_9RamStringEEEE2asIS4_EET_v                                                                                                                                                                                                                   0            0
.xt.lit._ZN11ArduinoJson8V743PB226detailorERKNS1_11MemberProxyINS0_10JsonObjectENS1_9RamStringEEEPKc                                                                                                                                                                                                                                          0            0
.xt.lit._ZN7sensesp16ClientSSIDConfig9from_jsonERKN11ArduinoJson8V743PB2210JsonObjectE                                                                                                                                                                                                                                                        8            0
.xt.lit._ZN7sensesp19AccessPointSettings9from_jsonERKN11ArduinoJson8V743PB2210JsonObjectE                                                                                                                                                                                                                                                     8            0
.xt.lit._ZNSt20__uninitialized_copyILb0EE13__uninit_copyIPKN7sensesp16ClientSSIDConfigEPS3_EET0_T_S8_S7_                                                                                                                                                                                                                                      0            0
.xt.lit._ZNSt6vectorIN7sensesp16ClientSSIDConfigESaIS1_EE17_M_realloc_insertIJRKS1_EEEvN9__gnu_cxx17__normal_iteratorIPS1_S3_EEDpOT_                                                                                                                                                                                                          8            0
.xt.lit._ZNSt6vectorIN7sensesp16ClientSSIDConfigESaIS1_EE9push_backERKS1_                                                                                                                                                                                                                                                                     0            0
.xt.lit._ZNSt6vectorIN7sensesp16ClientSSIDConfigESaIS1_EE17_M_realloc_insertIJS1_EEEvN9__gnu_cxx17__normal_iteratorIPS1_S3_EEDpOT_                                                                                                                                                                                                            0            0
.xt.lit._ZNSt6vectorIN7sensesp16ClientSSIDConfigESaIS1_EE12emplace_backIJS1_EEEvDpOT_                                                                                                                                                                                                                                                         0            0
.xt.lit._ZNSt20__uninitialized_copyILb0EE13__uninit_copyIPKN7sensesp15WiFiNetworkInfoEPS3_EET0_T_S8_S7_                                                                                                                                                                                                                                       0            0
.xt.lit._ZNSt6vectorIN7sensesp15WiFiNetworkInfoESaIS1_EE17_M_realloc_insertIJRKS1_EEEvN9__gnu_cxx17__normal_iteratorIPS1_S3_EEDpOT_                                                                                                                                                                                                           0            0
.xt.prop._ZNK7sensesp15WiFiProvisioner11mac_addressEv                                                                                                                                                                                                                                                                                        60            0
.xt.prop._ZNK7sensesp15WiFiProvisioner10gateway_ipEv                                                                                                                                                                                                                                                                                         60            0
.xt.prop._ZNK7sensesp15WiFiProvisioner8local_ipEv                                                                                                                                                                                                                                                                                            60            0
.xt.prop._ZNK7sensesp15WiFiProvisioner12is_connectedEv                                                                                                                                                                                                                                                                                       96            0
.xt.prop._ZN7sensesp19AccessPointSettingsD5Ev                                                                                                                                                                                                                                                                                                 0            0
.xt.prop._ZN7sensesp16ClientSSIDConfigC5E6StringS1_b9IPAddressS2_S2_S2_                                                                                                                                                                                                                                                                       0            0
.xt.prop._ZN7sensesp16ClientSSIDConfigD5Ev                                                                                                                                                                                                                                                                                                    0            0
.xt.prop._ZN7sensesp16ClientSSIDConfigC5EOS0_                                                                                                                                                                                                                                                                                                 0            0
.xt.prop._ZN7sensesp19AccessPointSettingsaSEOS0_                                                                                                                                                                                                                                                                                             36            0
.xt.prop._ZNSt10unique_ptrI9DNSServerSt14default_deleteIS0_EED5Ev                                                                                                                                                                                                                                                                            12            0
.xt.prop._ZN7sensesp19AccessPointSettingsC5Eb6StringS1_ibb                                                                                                                                                                                                                                                                                    0            0
.xt.prop._ZN7sensesp16ClientSSIDConfigC5ERKS0_                                                                                                                                                                                                                                                                                                0            0
.xt.prop._ZNKSt6vectorIN7sensesp16ClientSSIDConfigESaIS1_EE12_M_check_lenEjPKc                                                                                                                                                                                                                                                               84            0
.xt.prop._ZN7sensesp15WiFiNetworkInfoC5ERKS0_                                                                                                                                                                                                                                                                                                 0            0
.xt.prop._ZNSt12_Destroy_auxILb0EE9__destroyIPN7sensesp16ClientSSIDConfigEEEvT_S5_                                                                                                                                                                                                                                                           60            0
.xt.prop._ZNSt6vectorIN7sensesp16ClientSSIDConfigESaIS1_EED5Ev                                                                                                                                                                                                                                                                                0            0
.xt.prop._ZNSt6vectorIN7sensesp16ClientSSIDConfigESaIS1_EE5clearEv                                                                                                                                                                                                                                                                           36            0
.xt.prop._ZNK11ArduinoJson8V743PB226detail14VariantRefBaseINS1_11MemberProxyINS0_10JsonObjectENS1_9RamStringEEEE2toIS4_Li0EEES4_v                                                                                                                                                                                                            36            0
.xt.prop._ZN7sensesp16ClientSSIDConfig7as_jsonERN11ArduinoJson8V743PB2210JsonObjectE                                                                                                                                                                                                                                                        132            0
.xt.prop._ZNSt12_Destroy_auxILb0EE9__destroyIPN7sensesp15WiFiNetworkInfoEEEvT_S5_                                                                                                                                                                                                                                                            60            0
.xt.prop._ZNK11ArduinoJson8V743PB226detail14VariantRefBaseINS1_11MemberProxyINS0_10JsonObjectENS1_9RamStringEEEE2asIS4_EET_v                                                                                                                                                                                                                 36            0
.xt.prop._ZN11ArduinoJson8V743PB226detailorERKNS1_11MemberProxyINS0_10JsonObjectENS1_9RamStringEEEPKc                                                                                                                                                                                                                                        48            0
.xt.prop._ZN7sensesp16ClientSSIDConfig9from_jsonERKN11ArduinoJson8V743PB2210JsonObjectE                                                                                                                                                                                                                                                     156            0
.xt.prop._ZN7sensesp19AccessPointSettings9from_jsonERKN11ArduinoJson8V743PB2210JsonObjectE                                                                                                                                                                                                                                                  264            0
.xt.prop._ZNSt20__uninitialized_copyILb0EE13__uninit_copyIPKN7sensesp16ClientSSIDConfigEPS3_EET0_T_S8_S7_                                                                                                                                                                                                                                   108            0
.xt.prop._ZNSt6vectorIN7sensesp16ClientSSIDConfigESaIS1_EE17_M_realloc_insertIJRKS1_EEEvN9__gnu_cxx17__normal_iteratorIPS1_S3_EEDpOT_                                                                                                                                                                                                       216            0
.xt.prop._ZNSt6vectorIN7sensesp16ClientSSIDConfigESaIS1_EE9push_backERKS1_                                                                                                                                                                                                                                                                   60            0
.xt.prop._ZNSt6vectorIN7sensesp16ClientSSIDConfigESaIS1_EE17_M_realloc_insertIJS1_EEEvN9__gnu_cxx17__normal_iteratorIPS1_S3_EEDpOT_                                                                                                                                                                                                         204            0
.xt.prop._ZNSt6vectorIN7sensesp16ClientSSIDConfigESaIS1_EE12emplace_backIJS1_EEEvDpOT_                                                                                                                                                                                                                                                       60            0
.xt.prop._ZNSt20__uninitialized_copyILb0EE13__uninit_copyIPKN7sensesp15WiFiNetworkInfoEPS3_EET0_T_S8_S7_                                                                                                                                                                                                                                    108            0
.xt.prop._ZNSt6vectorIN7sensesp15WiFiNetworkInfoESaIS1_EE17_M_realloc_insertIJRKS1_EEEvN9__gnu_cxx17__normal_iteratorIPS1_S3_EEDpOT_                                                                                                                                                                                                        192            0
.xt.prop._ZN7sensesp19AccessPointSettingsD2Ev                                                                                                                                                                                                                                                                                                36            0
.xt.prop._ZN7sensesp16ClientSSIDConfigC2E6StringS1_b9IPAddressS2_S2_S2_                                                                                                                                                                                                                                                                      60            0
.xt.prop._ZN7sensesp16ClientSSIDConfigD2Ev                                                                                                                                                                                                                                                                                                   36            0
.xt.prop._ZN7sensesp16ClientSSIDConfigC2EOS0_                                                                                                                                                                                                                                                                                                60            0
.xt.prop._ZNSt10unique_ptrI9DNSServerSt14default_deleteIS0_EED2Ev                                                                                                                                                                                                                                                                            36            0
.xt.prop._ZN7sensesp19AccessPointSettingsC2Eb6StringS1_ibb                                                                                                                                                                                                                                                                                   96            0
.xt.prop._ZN7sensesp16ClientSSIDConfigC2ERKS0_                                                                                                                                                                                                                                                                                               60            0
.xt.prop._ZN7sensesp15WiFiNetworkInfoC2ERKS0_                                                                                                                                                                                                                                                                                                36            0
.xt.prop._ZNSt6vectorIN7sensesp16ClientSSIDConfigESaIS1_EED2Ev                                                                                                                                                                                                                                                                               36            0
.xt.prop._ZTVN7sensesp18NetworkProvisionerE                                                                                                                                                                                                                                                                                                  12            0
.xt.prop._ZTCN7sensesp15WiFiProvisionerE32_NS_13ValueProducerINS_9WiFiStateEEE                                                                                                                                                                                                                                                               12            0
.xt.prop._ZTCN7sensesp15WiFiProvisionerE0_NS_18FileSystemSaveableE                                                                                                                                                                                                                                                                           12            0
.xt.prop._ZTTN7sensesp15WiFiProvisionerE                                                                                                                                                                                                                                                                                                     12            0
.xt.prop._ZTVN7sensesp15WiFiProvisionerE                                                                                                                                                                                                                                                                                                     12            0
.xt.lit._ZN11ArduinoJson8V743PB2210serializedI6StringEENS0_15SerializedValueIT_EES4_                                                                                                                                                                                                                                                          0            0
.xt.lit._ZN11ArduinoJson8V743PB226detail9ArrayData10addElementEPNS1_15ResourceManagerE                                                                                                                                                                                                                                                        0            0
.xt.lit._ZNK11ArduinoJson8V743PB229JsonArray3addINS0_10JsonObjectELi0EEET_v                                                                                                                                                                                                                                                                   0            0
.xt.lit._ZNSt7__cxx1110_List_baseI6StringSaIS1_EE8_M_clearEv                                                                                                                                                                                                                                                                                  0            0
.xt.lit._ZNSt8_Rb_treeI6StringSt4pairIKS0_NSt7__cxx114listIS0_SaIS0_EEEESt10_Select1stIS7_ESt4lessIS0_ESaIS7_EE8_M_eraseEPSt13_Rb_tree_nodeIS7_E                                                                                                                                                                                              0            0
.xt.lit._ZNSt7__cxx114listI6StringSaIS1_EE14_M_create_nodeIJRKS1_EEEPSt10_List_nodeIS1_EDpOT_                                                                                                                                                                                                                                                 0            0
.xt.lit._ZNSt7__cxx114listI6StringSaIS1_EE9push_backERKS1_                                                                                                                                                                                                                                                                                    0            0
.xt.lit._ZNK11ArduinoJson8V743PB226detail10ObjectData7findKeyINS1_9RamStringEEENS1_18CollectionIteratorET_PKNS1_15ResourceManagerE                                                                                                                                                                                                            0            0
.xt.lit._ZNK11ArduinoJson8V743PB229JsonArray3addINS0_15SerializedValueI6StringEEEEbRKT_                                                                                                                                                                                                                                                       0            0
.xt.lit._ZNSt12_Destroy_auxILb0EE9__destroyIP6StringEEvT_S4_                                                                                                                                                                                                                                                                                  0            0
.xt.lit._ZNSt6vectorI6StringSaIS0_EED5Ev                                                                                                                                                                                                                                                                                                      0            0
.xt.lit._ZNSt8_Rb_treeI6StringSt4pairIKS0_NSt7__cxx114listIS0_SaIS0_EEEESt10_Select1stIS7_ESt4lessIS0_ESaIS7_EE24_M_get_insert_unique_posERS2_                                                                                                                                                                                                0            0
.xt.lit._ZNSt8_Rb_treeI6StringSt4pairIKS0_NSt7__cxx114listIS0_SaIS0_EEEESt10_Select1stIS7_ESt4lessIS0_ESaIS7_EE29_M_get_insert_hint_unique_posESt23_Rb_tree_const_iteratorIS7_ERS2_                                                                                                                                                           0            0
.xt.lit._ZNSt8_Rb_treeI6StringSt4pairIKS0_NSt7__cxx114listIS0_SaIS0_EEEESt10_Select1stIS7_ESt4lessIS0_ESaIS7_EE22_M_emplace_hint_uniqueIJRKSt21piecewise_construct_tSt5tupleIJRS2_EESI_IJEEEEESt17_Rb_tree_iteratorIS7_ESt23_Rb_tree_const_iteratorIS7_EDpOT_                                                                                 0            0
.xt.lit._ZN11ArduinoJson8V743PB226detail10ObjectData12removeMemberINS1_9RamStringEEEvT_PNS1_15ResourceManagerE                                                                                                                                                                                                                                0            0
.xt.lit._ZNK11ArduinoJson8V743PB226detail14VariantRefBaseINS1_11MemberProxyINS0_10JsonObjectENS1_9RamStringEEEE2toINS0_9JsonArrayELi0EEES9_v                                                                                                                                                                                                  0            0
.xt.lit._ZNK11ArduinoJson8V743PB226detail14VariantRefBaseINS1_11MemberProxyIRNS0_12JsonDocumentENS1_9RamStringEEEE2toINS0_9JsonArrayELi0EEESA_v                                                                                                                                                                                               0            0
.xt.lit._ZN11ArduinoJson8V743PB226detail16JsonDeserializerINS1_6ReaderI6StringvEEE11skipKeywordEPKc                                                                                                                                                                                                                                           0            0
.xt.lit._ZN11ArduinoJson8V743PB226detail16JsonDeserializerINS1_6ReaderI6StringvEEE17parseNumericValueERNS1_11VariantDataE                                                                                                                                                                                                                     8            0
.xt.lit._ZNK11ArduinoJson8V743PB226detail11MemberProxyIRNS0_12JsonDocumentENS1_9RamStringEE7getDataEv                                                                                                                                                                                                                                         0            0
.xt.lit._ZNSt20__uninitialized_copyILb0EE13__uninit_copyIPK6StringPS2_EET0_T_S7_S6_                                                                                                                                                                                                                                                           0            0
.xt.lit._ZNSt6vectorI6StringSaIS0_EE17_M_realloc_insertIJS0_EEEvN9__gnu_cxx17__normal_iteratorIPS0_S2_EEDpOT_                                                                                                                                                                                                                                 8            0
.xt.lit._ZNSt6vectorI6StringSaIS0_EE12emplace_backIJS0_EEEvDpOT_                                                                                                                                                                                                                                                                              0            0
.xt.lit._ZN11ArduinoJson8V743PB226detail16JsonDeserializerINS1_6ReaderI6StringvEEE3eatEc                                                                                                                                                                                                                                                      0            0
.xt.lit._ZN11ArduinoJson8V743PB226detail16JsonDeserializerINS1_6ReaderI6StringvEEE17parseQuotedStringEv                                                                                                                                                                                                                                       8            0
.xt.lit._ZN11ArduinoJson8V743PB226detail16JsonDeserializerINS1_6ReaderI6StringvEEE11parseObjectINS1_14AllowAllFilterEEENS0_20DeserializationError4CodeERNS1_10ObjectDataET_NS0_21DeserializationOption12NestingLimitE                                                                                                                         8            0
.xt.lit._ZN11ArduinoJson8V743PB226detail16JsonDeserializerINS1_6ReaderI6StringvEEE12parseVariantINS1_14AllowAllFilterEEENS0_20DeserializationError4CodeERNS1_11VariantDataET_NS0_21DeserializationOption12NestingLimitE                                                                                                                       8            0
.xt.prop._ZN11ArduinoJson8V743PB2210serializedI6StringEENS0_15SerializedValueIT_EES4_                                                                                                                                                                                                                                                        60            0
.xt.prop._ZN11ArduinoJson8V743PB226detail9ArrayData10addElementEPNS1_15ResourceManagerE                                                                                                                                                                                                                                                      60            0
.xt.prop._ZNK11ArduinoJson8V743PB229JsonArray3addINS0_10JsonObjectELi0EEET_v                                                                                                                                                                                                                                                                 36            0
.xt.prop._ZNSt7__cxx1110_List_baseI6StringSaIS1_EE8_M_clearEv                                                                                                                                                                                                                                                                                60            0
.xt.prop._ZNSt8_Rb_treeI6StringSt4pairIKS0_NSt7__cxx114listIS0_SaIS0_EEEESt10_Select1stIS7_ESt4lessIS0_ESaIS7_EE8_M_eraseEPSt13_Rb_tree_nodeIS7_E                                                                                                                                                                                            60            0
.xt.prop._ZNSt7__cxx114listI6StringSaIS1_EE14_M_create_nodeIJRKS1_EEEPSt10_List_nodeIS1_EDpOT_                                                                                                                                                                                                                                               84            0
.xt.prop._ZNSt7__cxx114listI6StringSaIS1_EE9push_backERKS1_                                                                                                                                                                                                                                                                                  36            0
.xt.prop._ZNK11ArduinoJson8V743PB226detail10ObjectData7findKeyINS1_9RamStringEEENS1_18CollectionIteratorET_PKNS1_15ResourceManagerE                                                                                                                                                                                                         132            0
.xt.prop._ZNK11ArduinoJson8V743PB229JsonArray3addINS0_15SerializedValueI6StringEEEEbRKT_                                                                                                                                                                                                                                                    204            0
.xt.prop._ZNSt12_Destroy_auxILb0EE9__destroyIP6StringEEvT_S4_                                                                                                                                                                                                                                                                                60            0
.xt.prop._ZNSt6vectorI6StringSaIS0_EED5Ev                                                                                                                                                                                                                                                                                                     0            0
.xt.prop._ZNSt8_Rb_treeI6StringSt4pairIKS0_NSt7__cxx114listIS0_SaIS0_EEEESt10_Select1stIS7_ESt4lessIS0_ESaIS7_EE24_M_get_insert_unique_posERS2_                                                                                                                                                                                             156            0
.xt.prop._ZNSt8_Rb_treeI6StringSt4pairIKS0_NSt7__cxx114listIS0_SaIS0_EEEESt10_Select1stIS7_ESt4lessIS0_ESaIS7_EE29_M_get_insert_hint_unique_posESt23_Rb_tree_const_iteratorIS7_ERS2_                                                                                                                                                        216            0
.xt.prop._ZNSt8_Rb_treeI6StringSt4pairIKS0_NSt7__cxx114listIS0_SaIS0_EEEESt10_Select1stIS7_ESt4lessIS0_ESaIS7_EE22_M_emplace_hint_uniqueIJRKSt21piecewise_construct_tSt5tupleIJRS2_EESI_IJEEEEESt17_Rb_tree_iteratorIS7_ESt23_Rb_tree_const_iteratorIS7_EDpOT_                                                                              120            0
.xt.prop._ZN11ArduinoJson8V743PB226detail10ObjectData12removeMemberINS1_9RamStringEEEvT_PNS1_15ResourceManagerE                                                                                                                                                                                                                              84            0
.xt.prop._ZNK11ArduinoJson8V743PB226detail14VariantRefBaseINS1_11MemberProxyINS0_10JsonObjectENS1_9RamStringEEEE2toINS0_9JsonArrayELi0EEES9_v                                                                                                                                                                                                36            0
.xt.prop._ZNK11ArduinoJson8V743PB226detail14VariantRefBaseINS1_11MemberProxyIRNS0_12JsonDocumentENS1_9RamStringEEEE2toINS0_9JsonArrayELi0EEESA_v                                                                                                                                                                                             36            0
.xt.prop._ZN11ArduinoJson8V743PB226detail16JsonDeserializerINS1_6ReaderI6StringvEEE11skipKeywordEPKc                                                                                                                                                                                                                                        108            0
.xt.prop._ZN11ArduinoJson8V743PB226detail16JsonDeserializerINS1_6ReaderI6StringvEEE17parseNumericValueERNS1_11VariantDataE                                                                                                                                                                                                                  312            0
.xt.prop._ZNK11ArduinoJson8V743PB226detail11MemberProxyIRNS0_12JsonDocumentENS1_9RamStringEE7getDataEv                                                                                                                                                                                                                                       36            0
.xt.prop._ZNSt20__uninitialized_copyILb0EE13__uninit_copyIPK6StringPS2_EET0_T_S7_S6_                                                                                                                                                                                                                                                        108            0
.xt.prop._ZNSt6vectorI6StringSaIS0_EE17_M_realloc_insertIJS0_EEEvN9__gnu_cxx17__normal_iteratorIPS0_S2_EEDpOT_                                                                                                                                                                                                                              204            0
.xt.prop._ZNSt6vectorI6StringSaIS0_EE12emplace_backIJS0_EEEvDpOT_                                                                                                                                                                                                                                                                            60            0
.xt.prop._ZN11ArduinoJson8V743PB226detail16JsonDeserializerINS1_6ReaderI6StringvEEE3eatEc                                                                                                                                                                                                                                                    48            0
.xt.prop._ZN11ArduinoJson8V743PB226detail16JsonDeserializerINS1_6ReaderI6StringvEEE17parseQuotedStringEv                                                                                                                                                                                                                                    240            0
.xt.prop._ZN11ArduinoJson8V743PB226detail16JsonDeserializerINS1_6ReaderI6StringvEEE11parseObjectINS1_14AllowAllFilterEEENS0_20DeserializationError4CodeERNS1_10ObjectDataET_NS0_21DeserializationOption12NestingLimitE                                                                                                                      240            0
.xt.prop._ZN11ArduinoJson8V743PB226detail16JsonDeserializerINS1_6ReaderI6StringvEEE12parseVariantINS1_14AllowAllFilterEEENS0_20DeserializationError4CodeERNS1_11VariantDataET_NS0_21DeserializationOption12NestingLimitE                                                                                                                    264            0
.xt.prop._ZNSt6vectorI6StringSaIS0_EED2Ev                                                                                                                                                                                                                                                                                                    36            0
.xt.prop._ZN11ArduinoJson8V743PB226detail16JsonDeserializerINS1_6ReaderI6StringvEEE7currentEv                                                                                                                                                                                                                                                36            0
.xt.prop._ZN11ArduinoJson8V743PB226detail16JsonDeserializerINS1_6ReaderI6StringvEEE22canBeInNonQuotedStringEc                                                                                                                                                                                                                                48            0
.xt.lit._ZNSt6vectorIPN7sensesp9SKEmitterESaIS2_EE17_M_realloc_insertIJS2_EEEvN9__gnu_cxx17__normal_iteratorIPS2_S4_EEDpOT_                                                                                                                                                                                                                   0            0
.xt.lit._ZNSt6vectorIPN7sensesp9SKEmitterESaIS2_EE12emplace_backIJS2_EEEvDpOT_                                                                                                                                                                                                                                                                0            0
.xt.prop._ZNSt6vectorIPN7sensesp9SKEmitterESaIS2_EE17_M_realloc_insertIJS2_EEEvN9__gnu_cxx17__normal_iteratorIPS2_S4_EEDpOT_                                                                                                                                                                                                                 72            0
.xt.prop._ZNSt6vectorIPN7sensesp9SKEmitterESaIS2_EE12emplace_backIJS2_EEEvDpOT_                                                                                                                                                                                                                                                              60            0
.xt.prop._ZTTN7sensesp9SKEmitterE                                                                                                                                                                                                                                                                                                            12            0
.xt.prop._ZTVN7sensesp9SKEmitterE                                                                                                                                                                                                                                                                                                            12            0
.xt.prop._ZTVN7sensesp10SKMetadataE                                                                                                                                                                                                                                                                                                          12            0
.xt.lit._ZNK6String10startsWithEPKc                                                                                                                                                                                                                                                                                                           0            0
.xt.lit._ZN11ArduinoJson8V743PB226detail5Utf169Codepoint6appendEt                                                                                                                                                                                                                                                                             0            0
.xt.lit._ZNK11ArduinoJson8V743PB229JsonArray4sizeEv                                                                                                                                                                                                                                                                                           0            0
.xt.lit._ZNK11ArduinoJson8V743PB226detail14VariantRefBaseINS0_11JsonVariantEE2toINS0_10JsonObjectELi0EEES6_v                                                                                                                                                                                                                                  0            0
.xt.lit._ZNSt17_Function_handlerIFvvEZN7sensesp13ValueProducerIiE10connect_toINS1_10IntegratorIiiEEEENSt9enable_ifIXaasrSt10is_base_ofINS1_13ValueConsumerINT_10input_typeEEESA_E5valuesrSt14is_convertibleIiSB_E5valueEPSA_E4typeESG_EUlvE_E9_M_invokeERKSt9_Any_data                                                                        0            0
.xt.lit._ZNSt7__cxx114listIN11ArduinoJson8V743PB2212JsonDocumentESaIS3_EE9pop_frontEv                                                                                                                                                                                                                                                         0            0
.xt.lit._ZN11ArduinoJson8V743PB226detail10ObjectData7addPairEPPNS1_11VariantDataEPNS1_15ResourceManagerE                                                                                                                                                                                                                                      0            0
.xt.lit._ZN7sensesp17TaskQueueProducerINS_19SKWSConnectionStateEEC5ERKS1_St10shared_ptrIN8reactesp9EventLoopEEj                                                                                                                                                                                                                               8            0
.xt.lit._ZN7sensesp17TaskQueueProducerIiEC5ERKiSt10shared_ptrIN8reactesp9EventLoopEEj                                                                                                                                                                                                                                                         8            0
.xt.lit._ZN7sensesp9TransformIiiEC5E6String                                                                                                                                                                                                                                                                                                   8            0
.xt.lit._ZN7sensesp10IntegratorIiiEC5Eii6String                                                                                                                                                                                                                                                                                               0            0
.xt.lit._ZNSt7__cxx1110_List_baseIN11ArduinoJson8V743PB2212JsonDocumentESaIS3_EE8_M_clearEv                                                                                                                                                                                                                                                   0            0
.xt.lit._ZNK11ArduinoJson8V743PB226detail14VariantRefBaseINS1_12ElementProxyINS0_9JsonArrayEEEE2asINS0_10JsonObjectEEET_v                                                                                                                                                                                                                     0            0
.xt.lit._ZNK11ArduinoJson8V743PB226detail11VariantData9isIntegerIiEEbPKNS1_15ResourceManagerE                                                                                                                                                                                                                                                 8            0
.xt.lit._ZN11ArduinoJson8V743PB226detail11VariantData9setStringINS1_9RamStringEEEvPS2_T_PNS1_15ResourceManagerE                                                                                                                                                                                                                               0            0
.xt.lit._ZNSt5dequeIN7sensesp19SKWSConnectionStateESaIS1_EE9pop_frontEv                                                                                                                                                                                                                                                                       0            0
.xt.lit._ZNSt17_Function_handlerIFvvEZN7sensesp17TaskQueueProducerINS1_19SKWSConnectionStateEEC4ERKS3_St10shared_ptrIN8reactesp9EventLoopEEjEUlvE_E9_M_invokeERKSt9_Any_data                                                                                                                                                                  8            0
.xt.lit._ZN7sensesp9SafeQueueINS_19SKWSConnectionStateEE4pushERKS1_                                                                                                                                                                                                                                                                           8            0
.xt.lit._ZN7sensesp10SKWSClient20set_connection_stateENS_19SKWSConnectionStateE                                                                                                                                                                                                                                                               0            0
.xt.lit._ZNSt5dequeIiSaIiEE9pop_frontEv                                                                                                                                                                                                                                                                                                       0            0
.xt.lit._ZNSt17_Function_handlerIFvvEZN7sensesp17TaskQueueProducerIiEC4ERKiSt10shared_ptrIN8reactesp9EventLoopEEjEUlvE_E9_M_invokeERKSt9_Any_data                                                                                                                                                                                             0            0
.xt.lit._ZN7sensesp9SafeQueueIiE4pushERKi                                                                                                                                                                                                                                                                                                     0            0
.xt.lit._ZNK11ArduinoJson8V743PB226detail14VariantRefBaseINS1_11MemberProxyINS0_10JsonObjectENS1_9RamStringEEEE2asIiEET_v                                                                                                                                                                                                                     0            0
.xt.lit._ZNK11ArduinoJson8V743PB226detail14VariantRefBaseINS1_11MemberProxyIRNS0_12JsonDocumentENS1_9RamStringEEEE3setI15StringSumHelperEEbRKT_                                                                                                                                                                                               0            0
.xt.lit._ZNK11ArduinoJson8V743PB226detail14VariantRefBaseINS1_11MemberProxyIRNS0_12JsonDocumentENS1_9RamStringEEEE2asINS0_9JsonArrayEEET_v                                                                                                                                                                                                    0            0
.xt.lit._ZN11ArduinoJson8V743PB226detail16JsonDeserializerINS1_6ReaderIPKcvEEE11skipKeywordES5_                                                                                                                                                                                                                                               0            0
.xt.lit._ZN11ArduinoJson8V743PB226detail11VariantData10setIntegerIyEENS1_9enable_ifIXsrNS1_11is_unsignedIT_EE5valueEbE4typeES6_PNS1_15ResourceManagerE                                                                                                                                                                                        0            0
.xt.lit._ZN11ArduinoJson8V743PB226detail11VariantData10setIntegerIxEENS1_9enable_ifIXsrNS1_9is_signedIT_EE5valueEbE4typeES6_PNS1_15ResourceManagerE                                                                                                                                                                                           8            0
.xt.lit._ZN11ArduinoJson8V743PB2212JsonDocumentC5INS0_10JsonObjectELi0EEERKT_PNS0_9AllocatorE                                                                                                                                                                                                                                                 0            0
.xt.lit._ZN11ArduinoJson8V743PB226detail11VariantData8setFloatIdEENS1_9enable_ifIXeqstT_Li8EEbE4typeES5_PNS1_15ResourceManagerE                                                                                                                                                                                                               0            0
.xt.lit._ZN11ArduinoJson8V743PB226detail16JsonDeserializerINS1_6ReaderIPKcvEEE17parseNumericValueERNS1_11VariantDataE                                                                                                                                                                                                                         8            0
.xt.lit._ZN11ArduinoJson8V743PB226detail16JsonDeserializerINS1_6ReaderIPKcvEEE3eatEc                                                                                                                                                                                                                                                          0            0
.xt.lit._ZN11ArduinoJson8V743PB226detail16JsonDeserializerINS1_6ReaderIPKcvEEE17parseQuotedStringEv                                                                                                                                                                                                                                           8            0
.xt.lit._ZN11ArduinoJson8V743PB2215convertFromJsonENS0_16JsonVariantConstER6String                                                                                                                                                                                                                                                            0            0
.xt.lit._ZNK11ArduinoJson8V743PB226detail14VariantRefBaseINS1_11MemberProxyIRNS0_12JsonDocumentENS1_9RamStringEEEE2asI6StringEET_v                                                                                                                                                                                                            0            0
.xt.lit._ZN11ArduinoJson8V743PB226detail16JsonDeserializerINS1_6ReaderIPKcvEEE22canBeInNonQuotedStringEc                                                                                                                                                                                                                                      8            0
.xt.lit._ZN11ArduinoJson8V743PB226detail16JsonDeserializerINS1_6ReaderIPKcvEEE11parseObjectINS1_14AllowAllFilterEEENS0_20DeserializationError4CodeERNS1_10ObjectDataET_NS0_21DeserializationOption12NestingLimitE                                                                                                                             0            0
.xt.lit._ZN11ArduinoJson8V743PB226detail16JsonDeserializerINS1_6ReaderIPKcvEEE12parseVariantINS1_14AllowAllFilterEEENS0_20DeserializationError4CodeERNS1_11VariantDataET_NS0_21DeserializationOption12NestingLimitE                                                                                                                           8            0
.xt.prop._ZNK6String10startsWithEPKc                                                                                                                                                                                                                                                                                                         60            0
.xt.prop._ZN11ArduinoJson8V743PB226detail5Utf169Codepoint6appendEt                                                                                                                                                                                                                                                                           72            0
.xt.prop._ZNK11ArduinoJson8V743PB229JsonArray4sizeEv                                                                                                                                                                                                                                                                                         60            0
.xt.prop._ZNK11ArduinoJson8V743PB226detail14VariantRefBaseINS0_11JsonVariantEE2toINS0_10JsonObjectELi0EEES6_v                                                                                                                                                                                                                                36            0
.xt.prop._ZNSt17_Function_handlerIFvvEZN7sensesp13ValueProducerIiE10connect_toINS1_10IntegratorIiiEEEENSt9enable_ifIXaasrSt10is_base_ofINS1_13ValueConsumerINT_10input_typeEEESA_E5valuesrSt14is_convertibleIiSB_E5valueEPSA_E4typeESG_EUlvE_E9_M_invokeERKSt9_Any_data                                                                      36            0
.xt.prop._ZNSt7__cxx114listIN11ArduinoJson8V743PB2212JsonDocumentESaIS3_EE9pop_frontEv                                                                                                                                                                                                                                                       36            0
.xt.prop._ZN11ArduinoJson8V743PB226detail10ObjectData7addPairEPPNS1_11VariantDataEPNS1_15ResourceManagerE                                                                                                                                                                                                                                    96            0
.xt.prop._ZN7sensesp17TaskQueueProducerINS_19SKWSConnectionStateEEC5ERKS1_St10shared_ptrIN8reactesp9EventLoopEEj                                                                                                                                                                                                                             12            0
.xt.prop._ZN7sensesp17TaskQueueProducerIiEC5ERKiSt10shared_ptrIN8reactesp9EventLoopEEj                                                                                                                                                                                                                                                       12            0
.xt.prop._ZN7sensesp9TransformIiiEC5E6String                                                                                                                                                                                                                                                                                                 12            0
.xt.prop._ZN7sensesp10IntegratorIiiEC5Eii6String                                                                                                                                                                                                                                                                                              0            0
.xt.prop._ZNSt7__cxx1110_List_baseIN11ArduinoJson8V743PB2212JsonDocumentESaIS3_EE8_M_clearEv                                                                                                                                                                                                                                                 60            0
.xt.prop._ZNK11ArduinoJson8V743PB226detail14VariantRefBaseINS1_12ElementProxyINS0_9JsonArrayEEEE2asINS0_10JsonObjectEEET_v                                                                                                                                                                                                                   84            0
.xt.prop._ZNK11ArduinoJson8V743PB226detail11VariantData9isIntegerIiEEbPKNS1_15ResourceManagerE                                                                                                                                                                                                                                              168            0
.xt.prop._ZN11ArduinoJson8V743PB226detail11VariantData9setStringINS1_9RamStringEEEvPS2_T_PNS1_15ResourceManagerE                                                                                                                                                                                                                             48            0
.xt.prop._ZNSt5dequeIN7sensesp19SKWSConnectionStateESaIS1_EE9pop_frontEv                                                                                                                                                                                                                                                                     60            0
.xt.prop._ZNSt17_Function_handlerIFvvEZN7sensesp17TaskQueueProducerINS1_19SKWSConnectionStateEEC4ERKS3_St10shared_ptrIN8reactesp9EventLoopEEjEUlvE_E9_M_invokeERKSt9_Any_data                                                                                                                                                                72            0
.xt.prop._ZN7sensesp9SafeQueueINS_19SKWSConnectionStateEE4pushERKS1_                                                                                                                                                                                                                                                                        156            0
.xt.prop._ZN7sensesp10SKWSClient20set_connection_stateENS_19SKWSConnectionStateE                                                                                                                                                                                                                                                             36            0
.xt.prop._ZNSt5dequeIiSaIiEE9pop_frontEv                                                                                                                                                                                                                                                                                                     60            0
.xt.prop._ZNSt17_Function_handlerIFvvEZN7sensesp17TaskQueueProducerIiEC4ERKiSt10shared_ptrIN8reactesp9EventLoopEEjEUlvE_E9_M_invokeERKSt9_Any_data                                                                                                                                                                                           60            0
.xt.prop._ZN7sensesp9SafeQueueIiE4pushERKi                                                                                                                                                                                                                                                                                                  144            0
.xt.prop._ZNK11ArduinoJson8V743PB226detail14VariantRefBaseINS1_11MemberProxyINS0_10JsonObjectENS1_9RamStringEEEE2asIiEET_v                                                                                                                                                                                                                   36            0
.xt.prop._ZNK11ArduinoJson8V743PB226detail14VariantRefBaseINS1_11MemberProxyIRNS0_12JsonDocumentENS1_9RamStringEEEE3setI15StringSumHelperEEbRKT_                                                                                                                                                                                             36            0
.xt.prop._ZNK11ArduinoJson8V743PB226detail14VariantRefBaseINS1_11MemberProxyIRNS0_12JsonDocumentENS1_9RamStringEEEE2asINS0_9JsonArrayEEET_v                                                                                                                                                                                                  36            0
.xt.prop._ZN11ArduinoJson8V743PB226detail16JsonDeserializerINS1_6ReaderIPKcvEEE11skipKeywordES5_                                                                                                                                                                                                                                            108            0
.xt.prop._ZN11ArduinoJson8V743PB226detail11VariantData10setIntegerIyEENS1_9enable_ifIXsrNS1_11is_unsignedIT_EE5valueEbE4typeES6_PNS1_15ResourceManagerE                                                                                                                                                                                      84            0
.xt.prop._ZN11ArduinoJson8V743PB226detail11VariantData10setIntegerIxEENS1_9enable_ifIXsrNS1_9is_signedIT_EE5valueEbE4typeES6_PNS1_15ResourceManagerE                                                                                                                                                                                        108            0
.xt.prop._ZN11ArduinoJson8V743PB2212JsonDocumentC5INS0_10JsonObjectELi0EEERKT_PNS0_9AllocatorE                                                                                                                                                                                                                                                0            0
.xt.prop._ZN11ArduinoJson8V743PB226detail11VariantData8setFloatIdEENS1_9enable_ifIXeqstT_Li8EEbE4typeES5_PNS1_15ResourceManagerE                                                                                                                                                                                                             84            0
.xt.prop._ZN11ArduinoJson8V743PB226detail16JsonDeserializerINS1_6ReaderIPKcvEEE17parseNumericValueERNS1_11VariantDataE                                                                                                                                                                                                                      216            0
.xt.prop._ZN11ArduinoJson8V743PB226detail16JsonDeserializerINS1_6ReaderIPKcvEEE3eatEc                                                                                                                                                                                                                                                        48            0
.xt.prop._ZN11ArduinoJson8V743PB226detail16JsonDeserializerINS1_6ReaderIPKcvEEE17parseQuotedStringEv                                                                                                                                                                                                                                        228            0
.xt.prop._ZN11ArduinoJson8V743PB2215convertFromJsonENS0_16JsonVariantConstER6String                                                                                                                                                                                                                                                          60            0
.xt.prop._ZNK11ArduinoJson8V743PB226detail14VariantRefBaseINS1_11MemberProxyIRNS0_12JsonDocumentENS1_9RamStringEEEE2asI6StringEET_v                                                                                                                                                                                                          84            0
.xt.prop._ZN11ArduinoJson8V743PB226detail16JsonDeserializerINS1_6ReaderIPKcvEEE22canBeInNonQuotedStringEc                                                                                                                                                                                                                                    60            0
.xt.prop._ZN11ArduinoJson8V743PB226detail16JsonDeserializerINS1_6ReaderIPKcvEEE11parseObjectINS1_14AllowAllFilterEEENS0_20DeserializationError4CodeERNS1_10ObjectDataET_NS0_21DeserializationOption12NestingLimitE                                                                                                                          204            0
.xt.prop._ZN11ArduinoJson8V743PB226detail16JsonDeserializerINS1_6ReaderIPKcvEEE12parseVariantINS1_14AllowAllFilterEEENS0_20DeserializationError4CodeERNS1_11VariantDataET_NS0_21DeserializationOption12NestingLimitE                                                                                                                        264            0
.xt.prop._ZN7sensesp13ValueConsumerINS_19SKWSConnectionStateEE3setERKS1_                                                                                                                                                                                                                                                                     36            0
.xt.prop._ZNSt14_Function_base13_Base_managerIZN7sensesp17TaskQueueProducerINS1_19SKWSConnectionStateEEC4ERKS3_St10shared_ptrIN8reactesp9EventLoopEEjEUlvE_E10_M_managerERSt9_Any_dataRKSD_St18_Manager_operation                                                                                                                            72            0
.xt.prop._ZNSt14_Function_base13_Base_managerIZN7sensesp17TaskQueueProducerIiEC4ERKiSt10shared_ptrIN8reactesp9EventLoopEEjEUlvE_E10_M_managerERSt9_Any_dataRKSC_St18_Manager_operation                                                                                                                                                       72            0
.xt.prop._ZNSt14_Function_base13_Base_managerIZN7sensesp13ValueProducerIiE10connect_toINS1_10IntegratorIiiEEEENSt9enable_ifIXaasrSt10is_base_ofINS1_13ValueConsumerINT_10input_typeEEESA_E5valuesrSt14is_convertibleIiSB_E5valueEPSA_E4typeESG_EUlvE_E10_M_managerERSt9_Any_dataRKSL_St18_Manager_operation                                  84            0
.xt.prop._ZN11ArduinoJson8V743PB226detail14MemoryPoolListINS1_15ResourceManager8SlotDataEE11shrinkToFitEPNS0_9AllocatorE                                                                                                                                                                                                                     48            0
.xt.prop._ZN7sensesp17TaskQueueProducerINS_19SKWSConnectionStateEEC4ERKS1_St10shared_ptrIN8reactesp9EventLoopEEj                                                                                                                                                                                                                            216            0
.xt.prop._ZN7sensesp17TaskQueueProducerINS_19SKWSConnectionStateEEC1ERKS1_St10shared_ptrIN8reactesp9EventLoopEEj                                                                                                                                                                                                                             36            0
.xt.prop._ZN7sensesp17TaskQueueProducerINS_19SKWSConnectionStateEEC2ERKS1_St10shared_ptrIN8reactesp9EventLoopEEj                                                                                                                                                                                                                             36            0
.xt.prop._ZN7sensesp17TaskQueueProducerIiEC4ERKiSt10shared_ptrIN8reactesp9EventLoopEEj                                                                                                                                                                                                                                                      228            0
.xt.prop._ZN7sensesp17TaskQueueProducerIiEC1ERKiSt10shared_ptrIN8reactesp9EventLoopEEj                                                                                                                                                                                                                                                       36            0
.xt.prop._ZN7sensesp17TaskQueueProducerIiEC2ERKiSt10shared_ptrIN8reactesp9EventLoopEEj                                                                                                                                                                                                                                                       36            0
.xt.prop._ZN7sensesp9TransformIiiEC2E6String                                                                                                                                                                                                                                                                                                 36            0
.xt.prop._ZN7sensesp10IntegratorIiiEC1Eii6String                                                                                                                                                                                                                                                                                            132            0
.xt.prop._ZN7sensesp10IntegratorIiiEC2Eii6String                                                                                                                                                                                                                                                                                            120            0
.xt.prop._ZN7sensesp9TransformIiiEC1E6String                                                                                                                                                                                                                                                                                                 60            0
.xt.prop._ZN11ArduinoJson8V743PB226detail16JsonDeserializerINS1_6ReaderIPKcvEEE7currentEv                                                                                                                                                                                                                                                    36            0
.xt.prop._ZN11ArduinoJson8V743PB2212JsonDocumentC2INS0_10JsonObjectELi0EEERKT_PNS0_9AllocatorE                                                                                                                                                                                                                                              108            0
.xt.prop._ZTVN7sensesp13ValueConsumerINS_19SKWSConnectionStateEEE                                                                                                                                                                                                                                                                            12            0
.xt.prop._ZTCN7sensesp10SKWSClientE668_NS_13ValueProducerINS_19SKWSConnectionStateEEE                                                                                                                                                                                                                                                        12            0
.xt.prop._ZTCN7sensesp10SKWSClientE0_NS_18FileSystemSaveableE                                                                                                                                                                                                                                                                                12            0
.xt.prop._ZTTN7sensesp10SKWSClientE                                                                                                                                                                                                                                                                                                          12            0
.xt.prop._ZTVN7sensesp10SKWSClientE                                                                                                                                                                                                                                                                                                          12            0
.xt.prop._ZTVN7sensesp13ButtonHandlerE                                                                                                                                                                                                                                                                                                       12            0
.xt.prop._ZTVN7sensesp10FilesystemE                                                                                                                                                                                                                                                                                                          12            0
.xt.lit._ZNSt12_Vector_baseIPN7sensesp10ResettableESaIS2_EED5Ev                                                                                                                                                                                                                                                                               0            0
.xt.lit._ZNSt6vectorIPN7sensesp10ResettableESaIS2_EE17_M_realloc_insertIJS2_EEEvN9__gnu_cxx17__normal_iteratorIPS2_S4_EEDpOT_                                                                                                                                                                                                                 0            0
.xt.prop._ZNSt12_Vector_baseIPN7sensesp10ResettableESaIS2_EED5Ev                                                                                                                                                                                                                                                                              0            0
.xt.prop._ZNSt6vectorIPN7sensesp10ResettableESaIS2_EE17_M_realloc_insertIJS2_EEEvN9__gnu_cxx17__normal_iteratorIPS2_S4_EEDpOT_                                                                                                                                                                                                               72            0
.xt.prop._ZN7sensesp10Resettable5resetEv                                                                                                                                                                                                                                                                                                     36            0
.xt.prop._ZNSt12_Vector_baseIPN7sensesp10ResettableESaIS2_EED2Ev                                                                                                                                                                                                                                                                             36            0
.xt.prop._ZSt11__push_heapIN9__gnu_cxx17__normal_iteratorIPPN7sensesp10ResettableESt6vectorIS4_SaIS4_EEEEiS4_NS0_5__ops14_Iter_comp_valINS2_17ResettableCompareEEEEvT_T0_SF_T1_RT2_                                                                                                                                                          60            0
.xt.prop._ZTVN7sensesp10ResettableE                                                                                                                                                                                                                                                                                                          12            0
.xt.lit._ZN11ArduinoJson8V743PB226detail14decomposeFloatEda                                                                                                                                                                                                                                                                                   0            0
.xt.lit._ZN11ArduinoJson8V743PB226detail16JsonDeserializerINS1_6ReaderIN2fs4FileEvEEE11skipKeywordEPKc                                                                                                                                                                                                                                        0            0
.xt.lit._ZN11ArduinoJson8V743PB226detail16JsonDeserializerINS1_6ReaderIN2fs4FileEvEEE17parseNumericValueERNS1_11VariantDataE                                                                                                                                                                                                                  8            0
.xt.lit._ZN11ArduinoJson8V743PB226detail16JsonDeserializerINS1_6ReaderIN2fs4FileEvEEE3eatEc                                                                                                                                                                                                                                                   0            0
.xt.lit._ZN11ArduinoJson8V743PB226detail13TextFormatterINS1_6WriterIN2fs4FileEvEEE8writeRawEPKc                                                                                                                                                                                                                                               8            0
.xt.lit._ZN11ArduinoJson8V743PB226detail13TextFormatterINS1_6WriterIN2fs4FileEvEEE12writeIntegerIyEENS1_9enable_ifIXsrNS1_11is_unsignedIT_EE5valueEvE4typeESB_                                                                                                                                                                                0            0
.xt.lit._ZN11ArduinoJson8V743PB226detail16JsonDeserializerINS1_6ReaderIN2fs4FileEvEEE17parseQuotedStringEv                                                                                                                                                                                                                                    8            0
.xt.lit._ZN11ArduinoJson8V743PB226detail16JsonDeserializerINS1_6ReaderIN2fs4FileEvEEE11parseObjectINS1_14AllowAllFilterEEENS0_20DeserializationError4CodeERNS1_10ObjectDataET_NS0_21DeserializationOption12NestingLimitE                                                                                                                      8            0
.xt.lit._ZN11ArduinoJson8V743PB226detail16JsonDeserializerINS1_6ReaderIN2fs4FileEvEEE12parseVariantINS1_14AllowAllFilterEEENS0_20DeserializationError4CodeERNS1_11VariantDataET_NS0_21DeserializationOption12NestingLimitE                                                                                                                    8            0
.xt.lit._ZN11ArduinoJson8V743PB226detail16JsonDeserializerINS1_6ReaderIN2fs4FileEvEEE10parseArrayINS1_14AllowAllFilterEEENS0_20DeserializationError4CodeERNS1_9ArrayDataET_NS0_21DeserializationOption12NestingLimitE                                                                                                                         0            0
.xt.lit._ZN11ArduinoJson8V743PB226detail13TextFormatterINS1_6WriterIN2fs4FileEvEEE10writeFloatEda                                                                                                                                                                                                                                             8            0
.xt.lit._ZN11ArduinoJson8V743PB226detail13TextFormatterINS1_6WriterIN2fs4FileEvEEE11writeStringEPKcj                                                                                                                                                                                                                                          8            0
.xt.lit._ZN11ArduinoJson8V743PB226detail13TextFormatterINS1_6WriterIN2fs4FileEvEEE12writeIntegerIxEENS1_9enable_ifIXsrNS1_9is_signedIT_EE5valueEvE4typeESB_                                                                                                                                                                                   0            0
.xt.lit._ZNK11ArduinoJson8V743PB226detail11VariantData6acceptINS1_14JsonSerializerINS1_6WriterIN2fs4FileEvEEEEEENT_11result_typeERSA_PKNS1_15ResourceManagerE                                                                                                                                                                                 0            0
.xt.lit._ZN2fs4FileD5Ev                                                                                                                                                                                                                                                                                                                       8            0
.xt.prop._ZN11ArduinoJson8V743PB226detail14decomposeFloatEda                                                                                                                                                                                                                                                                                216            0
.xt.prop._ZN11ArduinoJson8V743PB226detail16JsonDeserializerINS1_6ReaderIN2fs4FileEvEEE11skipKeywordEPKc                                                                                                                                                                                                                                     108            0
.xt.prop._ZN11ArduinoJson8V743PB226detail16JsonDeserializerINS1_6ReaderIN2fs4FileEvEEE17parseNumericValueERNS1_11VariantDataE                                                                                                                                                                                                               312            0
.xt.prop._ZN11ArduinoJson8V743PB226detail16JsonDeserializerINS1_6ReaderIN2fs4FileEvEEE3eatEc                                                                                                                                                                                                                                                 48            0
.xt.prop._ZN11ArduinoJson8V743PB226detail13TextFormatterINS1_6WriterIN2fs4FileEvEEE8writeRawEPKc                                                                                                                                                                                                                                             48            0
.xt.prop._ZN11ArduinoJson8V743PB226detail13TextFormatterINS1_6WriterIN2fs4FileEvEEE12writeIntegerIyEENS1_9enable_ifIXsrNS1_11is_unsignedIT_EE5valueEvE4typeESB_                                                                                                                                                                              72            0
.xt.prop._ZN11ArduinoJson8V743PB226detail16JsonDeserializerINS1_6ReaderIN2fs4FileEvEEE17parseQuotedStringEv                                                                                                                                                                                                                                 240            0
.xt.prop._ZN11ArduinoJson8V743PB226detail16JsonDeserializerINS1_6ReaderIN2fs4FileEvEEE11parseObjectINS1_14AllowAllFilterEEENS0_20DeserializationError4CodeERNS1_10ObjectDataET_NS0_21DeserializationOption12NestingLimitE                                                                                                                   240            0
.xt.prop._ZN11ArduinoJson8V743PB226detail16JsonDeserializerINS1_6ReaderIN2fs4FileEvEEE12parseVariantINS1_14AllowAllFilterEEENS0_20DeserializationError4CodeERNS1_11VariantDataET_NS0_21DeserializationOption12NestingLimitE                                                                                                                 192            0
.xt.prop._ZN11ArduinoJson8V743PB226detail16JsonDeserializerINS1_6ReaderIN2fs4FileEvEEE10parseArrayINS1_14AllowAllFilterEEENS0_20DeserializationError4CodeERNS1_9ArrayDataET_NS0_21DeserializationOption12NestingLimitE                                                                                                                      144            0
.xt.prop._ZN11ArduinoJson8V743PB226detail13TextFormatterINS1_6WriterIN2fs4FileEvEEE10writeFloatEda                                                                                                                                                                                                                                          180            0
.xt.prop._ZN11ArduinoJson8V743PB226detail13TextFormatterINS1_6WriterIN2fs4FileEvEEE11writeStringEPKcj                                                                                                                                                                                                                                       120            0
.xt.prop._ZN11ArduinoJson8V743PB226detail13TextFormatterINS1_6WriterIN2fs4FileEvEEE12writeIntegerIxEENS1_9enable_ifIXsrNS1_9is_signedIT_EE5valueEvE4typeESB_                                                                                                                                                                                 48            0
.xt.prop._ZNK11ArduinoJson8V743PB226detail11VariantData6acceptINS1_14JsonSerializerINS1_6WriterIN2fs4FileEvEEEEEENT_11result_typeERSA_PKNS1_15ResourceManagerE                                                                                                                                                                              420            0
.xt.prop._ZN2fs4FileD5Ev                                                                                                                                                                                                                                                                                                                     12            0
.xt.prop._ZN11ArduinoJson8V743PB226detail16JsonDeserializerINS1_6ReaderIN2fs4FileEvEEE7currentEv                                                                                                                                                                                                                                             36            0
.xt.prop._ZN11ArduinoJson8V743PB226detail17CountingDecoratorINS1_6WriterIN2fs4FileEvEEE5writeEPKhj                                                                                                                                                                                                                                           36            0
.xt.prop._ZN11ArduinoJson8V743PB226detail16JsonDeserializerINS1_6ReaderIN2fs4FileEvEEE22canBeInNonQuotedStringEc                                                                                                                                                                                                                             48            0
.xt.prop._ZN11ArduinoJson8V743PB226detail17CountingDecoratorINS1_6WriterIN2fs4FileEvEEE5writeEh                                                                                                                                                                                                                                              36            0
.xt.prop._ZN2fs4FileD2Ev                                                                                                                                                                                                                                                                                                                     60            0
.xt.prop._ZN2fs4FileD0Ev                                                                                                                                                                                                                                                                                                                     36            0
.xt.prop._ZTTN7sensesp18FileSystemSaveableE                                                                                                                                                                                                                                                                                                  12            0
.xt.prop._ZTVN7sensesp18FileSystemSaveableE                                                                                                                                                                                                                                                                                                  12            0
.xt.lit._ZN7sensesp14LambdaConsumerIiE3setERKi                                                                                                                                                                                                                                                                                                0            0
.xt.lit._ZNSt8functionIFvjRN7sensesp4CRGBEEEC5ERKS4_                                                                                                                                                                                                                                                                                          0            0
.xt.lit._ZNSt8functionIFvjRN7sensesp4CRGBEEEaSERKS4_                                                                                                                                                                                                                                                                                          0            0
.xt.lit._ZNSt12_Destroy_auxILb0EE9__destroyIPN7sensesp18LEDPatternFragmentEEEvT_S5_                                                                                                                                                                                                                                                           0            0
.xt.lit._ZN7sensesp10LEDPatternC5ERKSt16initializer_listINS_18LEDPatternFragmentEE                                                                                                                                                                                                                                                            0            0
.xt.lit._ZNSt20__uninitialized_copyILb0EE13__uninit_copyIN9__gnu_cxx17__normal_iteratorIPKN7sensesp18LEDPatternFragmentESt6vectorIS5_SaIS5_EEEEPS5_EET0_T_SE_SD_                                                                                                                                                                              0            0
.xt.lit._ZNSt6vectorIN7sensesp18LEDPatternFragmentESaIS1_EEaSERKS3_                                                                                                                                                                                                                                                                           0            0
.xt.prop._ZN7sensesp14LambdaConsumerIiE3setERKi                                                                                                                                                                                                                                                                                              48            0
.xt.prop._ZNSt8functionIFvjRN7sensesp4CRGBEEEC5ERKS4_                                                                                                                                                                                                                                                                                         0            0
.xt.prop._ZNSt8functionIFvjRN7sensesp4CRGBEEEaSERKS4_                                                                                                                                                                                                                                                                                        48            0
.xt.prop._ZNSt12_Destroy_auxILb0EE9__destroyIPN7sensesp18LEDPatternFragmentEEEvT_S5_                                                                                                                                                                                                                                                         60            0
.xt.prop._ZN7sensesp10LEDPatternC5ERKSt16initializer_listINS_18LEDPatternFragmentEE                                                                                                                                                                                                                                                           0            0
.xt.prop._ZNSt20__uninitialized_copyILb0EE13__uninit_copyIN9__gnu_cxx17__normal_iteratorIPKN7sensesp18LEDPatternFragmentESt6vectorIS5_SaIS5_EEEEPS5_EET0_T_SE_SD_                                                                                                                                                                           108            0
.xt.prop._ZNSt6vectorIN7sensesp18LEDPatternFragmentESaIS1_EEaSERKS3_                                                                                                                                                                                                                                                                        204            0
.xt.prop._ZNSt8functionIFvjRN7sensesp4CRGBEEEC2ERKS4_                                                                                                                                                                                                                                                                                        60            0
.xt.prop._ZN7sensesp10LEDPatternC2ERKSt16initializer_listINS_18LEDPatternFragmentEE                                                                                                                                                                                                                                                         132            0
.xt.prop._ZTVN7sensesp19BaseSystemStatusLedE                                                                                                                                                                                                                                                                                                 12            0
.xt.prop._ZTVN7sensesp14LambdaConsumerIiEE                                                                                                                                                                                                                                                                                                   12            0
.xt.lit._ZNSt8_Rb_treeIPN7sensesp13TransformBaseES2_St9_IdentityIS2_ESt4lessIS2_ESaIS2_EE8_M_eraseEPSt13_Rb_tree_nodeIS2_E                                                                                                                                                                                                                    0            0
.xt.lit._ZNSt8_Rb_treeIPN7sensesp13TransformBaseES2_St9_IdentityIS2_ESt4lessIS2_ESaIS2_EE16_M_insert_uniqueIS2_EESt4pairISt17_Rb_tree_iteratorIS2_EbEOT_                                                                                                                                                                                      0            0
.xt.prop._ZNSt8_Rb_treeIPN7sensesp13TransformBaseES2_St9_IdentityIS2_ESt4lessIS2_ESaIS2_EE8_M_eraseEPSt13_Rb_tree_nodeIS2_E                                                                                                                                                                                                                  60            0
.xt.prop._ZNSt8_Rb_treeIPN7sensesp13TransformBaseES2_St9_IdentityIS2_ESt4lessIS2_ESaIS2_EE16_M_insert_uniqueIS2_EESt4pairISt17_Rb_tree_iteratorIS2_EbEOT_                                                                                                                                                                                   144            0
.xt.lit._ZNSt8_Rb_treeI6StringSt4pairIKS0_St10shared_ptrIN7sensesp14ConfigItemBaseEEESt10_Select1stIS7_ESt4lessIS0_ESaIS7_EE8_M_eraseEPSt13_Rb_tree_nodeIS7_E                                                                                                                                                                                 0            0
.xt.prop._ZNSt8_Rb_treeI6StringSt4pairIKS0_St10shared_ptrIN7sensesp14ConfigItemBaseEEESt10_Select1stIS7_ESt4lessIS0_ESaIS7_EE8_M_eraseEPSt13_Rb_tree_nodeIS7_E                                                                                                                                                                               84            0
.xt.lit._ZNSt8_Rb_treeI6StringSt4pairIKS0_PN7sensesp18StatusPageItemBaseEESt10_Select1stIS6_ESt4lessIS0_ESaIS6_EE8_M_eraseEPSt13_Rb_tree_nodeIS6_E                                                                                                                                                                                            0            0
.xt.prop._ZNSt8_Rb_treeI6StringSt4pairIKS0_PN7sensesp18StatusPageItemBaseEESt10_Select1stIS6_ESt4lessIS0_ESaIS6_EE8_M_eraseEPSt13_Rb_tree_nodeIS6_E                                                                                                                                                                                          60            0
.xt.lit._ZNSt8_Rb_treeI6StringSt4pairIKS0_PN7sensesp9SKRequest14PendingRequestEESt10_Select1stIS7_ESt4lessIS0_ESaIS7_EE8_M_eraseEPSt13_Rb_tree_nodeIS7_E                                                                                                                                                                                      0            0
.xt.lit._ZNSt8_Rb_treeI6StringSt4pairIKS0_PN7sensesp9SKRequest14PendingRequestEESt10_Select1stIS7_ESt4lessIS0_ESaIS7_EE11equal_rangeERS2_                                                                                                                                                                                                     0            0
.xt.prop._ZNSt8_Rb_treeI6StringSt4pairIKS0_PN7sensesp9SKRequest14PendingRequestEESt10_Select1stIS7_ESt4lessIS0_ESaIS7_EE8_M_eraseEPSt13_Rb_tree_nodeIS7_E                                                                                                                                                                                    60            0
.xt.prop._ZNSt8_Rb_treeI6StringSt4pairIKS0_PN7sensesp9SKRequest14PendingRequestEESt10_Select1stIS7_ESt4lessIS0_ESaIS7_EE11equal_rangeERS2_                                                                                                                                                                                                  156            0
.xt.lit._ZNSt23_Sp_counted_ptr_inplaceISt4pairIN7sensesp4CRGBEmESaIS3_ELN9__gnu_cxx12_Lock_policyE2EE14_M_get_deleterERKSt9type_info                                                                                                                                                                                                          0            0
.xt.lit._ZNSt23_Sp_counted_ptr_inplaceISt4pairIN7sensesp4CRGBEmESaIS3_ELN9__gnu_cxx12_Lock_policyE2EED5Ev                                                                                                                                                                                                                                     0            0
.xt.lit._ZNSt23_Sp_counted_ptr_inplaceISt4pairIN7sensesp4CRGBEmESaIS3_ELN9__gnu_cxx12_Lock_policyE2EE10_M_destroyEv                                                                                                                                                                                                                           0            0
.xt.lit._ZZN7sensesp5blendERKNS_4CRGBES2_hENKUlhhhE_clEhhh                                                                                                                                                                                                                                                                                    8            0
.xt.lit._ZN7sensesp5blendERKNS_4CRGBES2_h                                                                                                                                                                                                                                                                                                     0            0
.xt.prop._ZNSt23_Sp_counted_ptr_inplaceISt4pairIN7sensesp4CRGBEmESaIS3_ELN9__gnu_cxx12_Lock_policyE2EE14_M_get_deleterERKSt9type_info                                                                                                                                                                                                        36            0
.xt.prop._ZNSt23_Sp_counted_ptr_inplaceISt4pairIN7sensesp4CRGBEmESaIS3_ELN9__gnu_cxx12_Lock_policyE2EED5Ev                                                                                                                                                                                                                                    0            0
.xt.prop._ZNSt23_Sp_counted_ptr_inplaceISt4pairIN7sensesp4CRGBEmESaIS3_ELN9__gnu_cxx12_Lock_policyE2EE10_M_destroyEv                                                                                                                                                                                                                         36            0
.xt.prop._ZZN7sensesp5blendERKNS_4CRGBES2_hENKUlhhhE_clEhhh                                                                                                                                                                                                                                                                                  72            0
.xt.prop._ZN7sensesp5blendERKNS_4CRGBES2_h                                                                                                                                                                                                                                                                                                   84            0
.xt.prop._ZNSt23_Sp_counted_ptr_inplaceISt4pairIN7sensesp4CRGBEmESaIS3_ELN9__gnu_cxx12_Lock_policyE2EED2Ev                                                                                                                                                                                                                                   36            0
.xt.prop._ZNSt23_Sp_counted_ptr_inplaceISt4pairIN7sensesp4CRGBEmESaIS3_ELN9__gnu_cxx12_Lock_policyE2EE10_M_disposeEv                                                                                                                                                                                                                         36            0
.xt.prop._ZNSt23_Sp_counted_ptr_inplaceISt4pairIN7sensesp4CRGBEmESaIS3_ELN9__gnu_cxx12_Lock_policyE2EED0Ev                                                                                                                                                                                                                                   36            0
.xt.prop._ZZN7sensesp5blendERKNS_4CRGBES2_hENUlhhhE_4_FUNEhhh                                                                                                                                                                                                                                                                                36            0
.xt.prop._ZTVSt23_Sp_counted_ptr_inplaceISt4pairIN7sensesp4CRGBEmESaIS3_ELN9__gnu_cxx12_Lock_policyE2EE                                                                                                                                                                                                                                      12            0
.xt.prop._ZTV7TwoWire                                                                                                                                                                                                                                                                                                                        12            0
.xt.prop._ZTV12PubSubClient                                                                                                                                                                                                                                                                                                                  12            0
.xt.lit._ZN7TwoWire5beginEv                                                                                                                                                                                                                                                                                                                   0            0
.xt.prop._ZN7TwoWire5beginEv                                                                                                                                                                                                                                                                                                                 36            0
.xt.prop._ZTV31DFRobot_VisualRotaryEncoder_I2C                                                                                                                                                                                                                                                                                               12            0
.xt.lit._ZN9IPAddressD5Ev                                                                                                                                                                                                                                                                                                                     0            0
.xt.prop._ZN9IPAddressD5Ev                                                                                                                                                                                                                                                                                                                    0            0
.xt.prop._ZN9IPAddressD2Ev                                                                                                                                                                                                                                                                                                                   36            0
.xt.prop._ZN9IPAddressD0Ev                                                                                                                                                                                                                                                                                                                   36            0
.xt.prop._ZTV9IPAddress                                                                                                                                                                                                                                                                                                                      12            0
.xt.lit._ZN5Print5writeEPKc                                                                                                                                                                                                                                                                                                                   0            0
.xt.prop._ZN5Print5writeEPKc                                                                                                                                                                                                                                                                                                                 48            0
.xt.lit._ZN6String4initEv                                                                                                                                                                                                                                                                                                                     8            0
.xt.prop._ZN6String4initEv                                                                                                                                                                                                                                                                                                                   48            0
.xt.prop._ZNK6String3lenEv                                                                                                                                                                                                                                                                                                                   60            0
.xt.prop._ZN6String6setLenEi                                                                                                                                                                                                                                                                                                                 72            0
.xt.lit._ZN3nvs4Lock4initEv                                                                                                                                                                                                                                                                                                                   0            0
.xt.prop._ZN3nvs4Lock4initEv                                                                                                                                                                                                                                                                                                                 72            0
.xt.prop._ZN14intrusive_listI14NVSHandleEntryE5eraseENS1_8iteratorE                                                                                                                                                                                                                                                                          84            0
.xt.lit._ZN14intrusive_listIN3nvs7Storage14NamespaceEntryEE17clearAndFreeNodesEv                                                                                                                                                                                                                                                              0            0
.xt.prop._ZN14intrusive_listIN3nvs7Storage14NamespaceEntryEE17clearAndFreeNodesEv                                                                                                                                                                                                                                                           108            0
.xt.prop._ZN14intrusive_listIN3nvs7Storage14NamespaceEntryEE9push_backEPS2_                                                                                                                                                                                                                                                                  60            0
.xt.prop._ZTVN3nvs15NVSHandleSimpleE                                                                                                                                                                                                                                                                                                         12            0
.xt.lit._ZN3nvs12NVSPartitionD5Ev                                                                                                                                                                                                                                                                                                             0            0
.xt.prop._ZN3nvs12NVSPartitionD5Ev                                                                                                                                                                                                                                                                                                            0            0
.xt.prop._ZN3nvs12NVSPartitionD2Ev                                                                                                                                                                                                                                                                                                           36            0
.xt.prop._ZN3nvs12NVSPartitionD0Ev                                                                                                                                                                                                                                                                                                           36            0
.xt.prop._ZTVN3nvs12NVSPartitionE                                                                                                                                                                                                                                                                                                            12            0
.xt.lit._ZN3nvs19NVSPartitionManagerD5Ev                                                                                                                                                                                                                                                                                                      0            0
.xt.prop._ZN3nvs19NVSPartitionManagerD5Ev                                                                                                                                                                                                                                                                                                     0            0
.xt.prop._ZN3nvs19NVSPartitionManagerD2Ev                                                                                                                                                                                                                                                                                                    36            0
.xt.prop._ZN3nvs19NVSPartitionManagerD0Ev                                                                                                                                                                                                                                                                                                    36            0
.xt.prop._ZN14intrusive_listIN3nvs12NVSPartitionEE5eraseENS2_8iteratorE                                                                                                                                                                                                                                                                      84            0
.xt.prop._ZN14intrusive_listIN3nvs15NVSHandleSimpleEE5eraseENS2_8iteratorE                                                                                                                                                                                                                                                                   84            0
.xt.prop._ZTVN3nvs19NVSPartitionManagerE                                                                                                                                                                                                                                                                                                     12            0
.xt.prop._ZN14intrusive_listIN3nvs8HashList13HashListBlockEE5eraseENS3_8iteratorE                                                                                                                                                                                                                                                            84            0
.xt.lit._ZN3nvs4ItemC5EhNS_8ItemTypeEhPKch                                                                                                                                                                                                                                                                                                    0            0
.xt.prop._ZN3nvs4ItemC5EhNS_8ItemTypeEhPKch                                                                                                                                                                                                                                                                                                   0            0
.xt.prop._ZN3nvs20isVariableLengthTypeENS_8ItemTypeE                                                                                                                                                                                                                                                                                         48            0
.xt.prop._ZN3nvs4ItemC2EhNS_8ItemTypeEhPKch                                                                                                                                                                                                                                                                                                  60            0
.xt.prop._ZNK19CompressedEnumTableIN3nvs4Page10EntryStateELj2ELj126EE3getEjPS2_                                                                                                                                                                                                                                                              48            0
.xt.lit._ZN14intrusive_listIN3nvs4PageEE5clearEv                                                                                                                                                                                                                                                                                              8            0
.xt.prop._ZN14intrusive_listIN3nvs4PageEE5clearEv                                                                                                                                                                                                                                                                                            72            0
.xt.prop._ZN14intrusive_listIN3nvs4PageEE9push_backEPS1_                                                                                                                                                                                                                                                                                     60            0
.xt.prop._ZN14intrusive_listIN3nvs4PageEE5eraseENS2_8iteratorE                                                                                                                                                                                                                                                                               84            0
.xt.prop._ZTISt9exception                                                                                                                                                                                                                                                                                                                    12            0
.xt.prop._ZTISt9bad_alloc                                                                                                                                                                                                                                                                                                                    12            0
.xt.prop._ZTVN10__cxxabiv120__si_class_type_infoE                                                                                                                                                                                                                                                                                            12            0
.xt.prop._ZTISt11logic_error                                                                                                                                                                                                                                                                                                                 12            0
.xt.prop._ZTISt12length_error                                                                                                                                                                                                                                                                                                                12            0
.xt.prop._ZTISt17bad_function_call                                                                                                                                                                                                                                                                                                           12            0
.xt.prop._ZTVSt17bad_function_call                                                                                                                                                                                                                                                                                                           12            0
.xt.prop._ZTVSt9bad_alloc                                                                                                                                                                                                                                                                                                                    12            0
.xt.prop._ZTVN10__cxxabiv117__class_type_infoE                                                                                                                                                                                                                                                                                               12            0
.xt.lit._ZNK9__gnu_cxx24__concurrence_lock_error4whatEv                                                                                                                                                                                                                                                                                       8            0
.xt.lit._ZNK9__gnu_cxx26__concurrence_unlock_error4whatEv                                                                                                                                                                                                                                                                                     8            0
.xt.lit._ZN9__gnu_cxx24__concurrence_lock_errorD5Ev                                                                                                                                                                                                                                                                                           8            0
.xt.lit._ZN9__gnu_cxx26__concurrence_unlock_errorD5Ev                                                                                                                                                                                                                                                                                         8            0
.xt.lit._ZN9__gnu_cxx7__mutex4lockEv                                                                                                                                                                                                                                                                                                          8            0
.xt.lit._ZN9__gnu_cxx13__scoped_lockD5Ev                                                                                                                                                                                                                                                                                                      8            0
.xt.prop._ZNK9__gnu_cxx24__concurrence_lock_error4whatEv                                                                                                                                                                                                                                                                                     48            0
.xt.prop._ZNK9__gnu_cxx26__concurrence_unlock_error4whatEv                                                                                                                                                                                                                                                                                   48            0
.xt.prop._ZN9__gnu_cxx24__concurrence_lock_errorD5Ev                                                                                                                                                                                                                                                                                         12            0
.xt.prop._ZN9__gnu_cxx26__concurrence_unlock_errorD5Ev                                                                                                                                                                                                                                                                                       12            0
.xt.prop._ZN9__gnu_cxx7__mutex4lockEv                                                                                                                                                                                                                                                                                                        48            0
.xt.prop._ZN9__gnu_cxx13__scoped_lockD5Ev                                                                                                                                                                                                                                                                                                    12            0
.xt.prop._ZN9__gnu_cxx24__concurrence_lock_errorD2Ev                                                                                                                                                                                                                                                                                         36            0
.xt.prop._ZN9__gnu_cxx26__concurrence_unlock_errorD2Ev                                                                                                                                                                                                                                                                                       36            0
.xt.prop._ZN9__gnu_cxx24__concurrence_lock_errorD0Ev                                                                                                                                                                                                                                                                                         36            0
.xt.prop._ZN9__gnu_cxx26__concurrence_unlock_errorD0Ev                                                                                                                                                                                                                                                                                       36            0
.xt.prop._ZN9__gnu_cxx13__scoped_lockD2Ev                                                                                                                                                                                                                                                                                                    72            0
.xt.prop._ZTIN9__gnu_cxx24__concurrence_lock_errorE                                                                                                                                                                                                                                                                                          12            0
.xt.prop._ZTIN9__gnu_cxx26__concurrence_unlock_errorE                                                                                                                                                                                                                                                                                        12            0
.xt.prop._ZTVN9__gnu_cxx24__concurrence_lock_errorE                                                                                                                                                                                                                                                                                          12            0
.xt.prop._ZTVN9__gnu_cxx26__concurrence_unlock_errorE                                                                                                                                                                                                                                                                                        12            0
.xt.prop._ZTVSt11logic_error                                                                                                                                                                                                                                                                                                                 12            0
.xt.prop._ZTVSt12length_error                                                                                                                                                                                                                                                                                                                12            0
.xt.lit._ZNSs7_M_copyEPcPKcj                                                                                                                                                                                                                                                                                                                  0            0
.xt.lit._ZNSs13_S_copy_charsEPcPKcS1_                                                                                                                                                                                                                                                                                                         0            0
.xt.lit._ZNSs4_Rep26_M_set_length_and_sharableEj                                                                                                                                                                                                                                                                                              8            0
.xt.lit._ZNSs4_Rep9_S_createEjjRKSaIcE                                                                                                                                                                                                                                                                                                        8            0
.xt.lit._ZNSs4_Rep10_M_destroyERKSaIcE                                                                                                                                                                                                                                                                                                        0            0
.xt.lit._ZNSs4_Rep10_M_disposeERKSaIcE                                                                                                                                                                                                                                                                                                        0            0
.xt.lit._ZNSsD5Ev                                                                                                                                                                                                                                                                                                                             0            0
.xt.lit._ZNSs12_S_constructIPKcEEPcT_S3_RKSaIcESt20forward_iterator_tag                                                                                                                                                                                                                                                                       8            0
.xt.lit._ZNSsC5EPKcRKSaIcE                                                                                                                                                                                                                                                                                                                    8            0
.xt.prop._ZNSs7_M_copyEPcPKcj                                                                                                                                                                                                                                                                                                                60            0
.xt.prop._ZNSs13_S_copy_charsEPcPKcS1_                                                                                                                                                                                                                                                                                                       36            0
.xt.prop._ZNSs4_Rep26_M_set_length_and_sharableEj                                                                                                                                                                                                                                                                                            48            0
.xt.prop._ZNSs4_Rep9_S_createEjjRKSaIcE                                                                                                                                                                                                                                                                                                      96            0
.xt.prop._ZNSs4_Rep10_M_destroyERKSaIcE                                                                                                                                                                                                                                                                                                      36            0
.xt.prop._ZNSs4_Rep10_M_disposeERKSaIcE                                                                                                                                                                                                                                                                                                      48            0
.xt.prop._ZNSsD5Ev                                                                                                                                                                                                                                                                                                                            0            0
.xt.prop._ZNSs12_S_constructIPKcEEPcT_S3_RKSaIcESt20forward_iterator_tag                                                                                                                                                                                                                                                                     84            0
.xt.prop._ZNSsC5EPKcRKSaIcE                                                                                                                                                                                                                                                                                                                  12            0
.xt.prop._ZNSsD2Ev                                                                                                                                                                                                                                                                                                                           36            0
.xt.prop._ZNSsC2EPKcRKSaIcE                                                                                                                                                                                                                                                                                                                  36            0
.xt.prop._ZNSs4_Rep20_S_empty_rep_storageE                                                                                                                                                                                                                                                                                                   12            0
.xt.prop._ZTV7WiFiUDP                                                                                                                                                                                                                                                                                                                        12            0
.xt.lit._ZN2fs4FileC5ESt10shared_ptrINS_8FileImplEE                                                                                                                                                                                                                                                                                           8            0
.xt.lit._ZN2fs4File9readBytesEPcj                                                                                                                                                                                                                                                                                                             0            0
.xt.prop._ZN2fs4FileC5ESt10shared_ptrINS_8FileImplEE                                                                                                                                                                                                                                                                                         12            0
.xt.prop._ZN2fs4File9readBytesEPcj                                                                                                                                                                                                                                                                                                           36            0
.xt.prop._ZN2fs4FileC2ESt10shared_ptrINS_8FileImplEE                                                                                                                                                                                                                                                                                         48            0
.xt.prop._ZTVN2fs4FileE                                                                                                                                                                                                                                                                                                                      12            0
.xt.lit._ZN10SPIFFSImplD5Ev                                                                                                                                                                                                                                                                                                                   0            0
.xt.lit._ZNSt15_Sp_counted_ptrIP10SPIFFSImplLN9__gnu_cxx12_Lock_policyE2EED5Ev                                                                                                                                                                                                                                                                0            0
.xt.lit._ZNSt15_Sp_counted_ptrIP10SPIFFSImplLN9__gnu_cxx12_Lock_policyE2EE10_M_destroyEv                                                                                                                                                                                                                                                      0            0
.xt.prop._ZN10SPIFFSImplD5Ev                                                                                                                                                                                                                                                                                                                  0            0
.xt.prop._ZNSt15_Sp_counted_ptrIP10SPIFFSImplLN9__gnu_cxx12_Lock_policyE2EED5Ev                                                                                                                                                                                                                                                               0            0
.xt.prop._ZNSt15_Sp_counted_ptrIP10SPIFFSImplLN9__gnu_cxx12_Lock_policyE2EE10_M_destroyEv                                                                                                                                                                                                                                                    36            0
.xt.prop._ZN10SPIFFSImplD2Ev                                                                                                                                                                                                                                                                                                                 36            0
.xt.prop._ZNSt15_Sp_counted_ptrIP10SPIFFSImplLN9__gnu_cxx12_Lock_policyE2EED2Ev                                                                                                                                                                                                                                                              36            0
.xt.prop._ZNSt15_Sp_counted_ptrIP10SPIFFSImplLN9__gnu_cxx12_Lock_policyE2EE10_M_disposeEv                                                                                                                                                                                                                                                    48            0
.xt.prop._ZNSt15_Sp_counted_ptrIP10SPIFFSImplLN9__gnu_cxx12_Lock_policyE2EE14_M_get_deleterERKSt9type_info                                                                                                                                                                                                                                   36            0
.xt.prop._ZN10SPIFFSImplD0Ev                                                                                                                                                                                                                                                                                                                 36            0
.xt.prop._ZNSt15_Sp_counted_ptrIP10SPIFFSImplLN9__gnu_cxx12_Lock_policyE2EED0Ev                                                                                                                                                                                                                                                              36            0
.xt.prop._ZTV10SPIFFSImpl                                                                                                                                                                                                                                                                                                                    12            0
.xt.prop._ZTVSt15_Sp_counted_ptrIP10SPIFFSImplLN9__gnu_cxx12_Lock_policyE2EE                                                                                                                                                                                                                                                                 12            0
.xt.lit._ZNSt23_Sp_counted_ptr_inplaceI11VFSFileImplSaIS0_ELN9__gnu_cxx12_Lock_policyE2EE14_M_get_deleterERKSt9type_info                                                                                                                                                                                                                      8            0
.xt.lit._ZNSt23_Sp_counted_ptr_inplaceI11VFSFileImplSaIS0_ELN9__gnu_cxx12_Lock_policyE2EED5Ev                                                                                                                                                                                                                                                 0            0
.xt.lit._ZNK6String8endsWithEPKc                                                                                                                                                                                                                                                                                                              8            0
.xt.lit._ZNSt15__allocated_ptrISaISt23_Sp_counted_ptr_inplaceI11VFSFileImplSaIS1_ELN9__gnu_cxx12_Lock_policyE2EEEED5Ev                                                                                                                                                                                                                        0            0
.xt.lit._ZSt11make_sharedI11VFSFileImplJP7VFSImplRPKcS5_EESt10shared_ptrIT_EDpOT0_                                                                                                                                                                                                                                                            8            0
.xt.lit._ZNSt23_Sp_counted_ptr_inplaceI11VFSFileImplSaIS0_ELN9__gnu_cxx12_Lock_policyE2EE10_M_destroyEv                                                                                                                                                                                                                                       0            0
.xt.prop._ZNSt23_Sp_counted_ptr_inplaceI11VFSFileImplSaIS0_ELN9__gnu_cxx12_Lock_policyE2EE14_M_get_deleterERKSt9type_info                                                                                                                                                                                                                    48            0
.xt.prop._ZNSt23_Sp_counted_ptr_inplaceI11VFSFileImplSaIS0_ELN9__gnu_cxx12_Lock_policyE2EED5Ev                                                                                                                                                                                                                                                0            0
.xt.prop._ZNK6String8endsWithEPKc                                                                                                                                                                                                                                                                                                            72            0
.xt.prop._ZNSt15__allocated_ptrISaISt23_Sp_counted_ptr_inplaceI11VFSFileImplSaIS1_ELN9__gnu_cxx12_Lock_policyE2EEEED5Ev                                                                                                                                                                                                                       0            0
.xt.prop._ZSt11make_sharedI11VFSFileImplJP7VFSImplRPKcS5_EESt10shared_ptrIT_EDpOT0_                                                                                                                                                                                                                                                          72            0
.xt.prop._ZNSt23_Sp_counted_ptr_inplaceI11VFSFileImplSaIS0_ELN9__gnu_cxx12_Lock_policyE2EE10_M_destroyEv                                                                                                                                                                                                                                     36            0
.xt.prop._ZNSt23_Sp_counted_ptr_inplaceI11VFSFileImplSaIS0_ELN9__gnu_cxx12_Lock_policyE2EED2Ev                                                                                                                                                                                                                                               36            0
.xt.prop._ZNSt23_Sp_counted_ptr_inplaceI11VFSFileImplSaIS0_ELN9__gnu_cxx12_Lock_policyE2EED0Ev                                                                                                                                                                                                                                               36            0
.xt.prop._ZNSt23_Sp_counted_ptr_inplaceI11VFSFileImplSaIS0_ELN9__gnu_cxx12_Lock_policyE2EE10_M_disposeEv                                                                                                                                                                                                                                     36            0
.xt.prop._ZNSt15__allocated_ptrISaISt23_Sp_counted_ptr_inplaceI11VFSFileImplSaIS1_ELN9__gnu_cxx12_Lock_policyE2EEEED2Ev                                                                                                                                                                                                                      36            0
.xt.prop._ZTV11VFSFileImpl                                                                                                                                                                                                                                                                                                                   12            0
.xt.prop._ZTVSt23_Sp_counted_ptr_inplaceI11VFSFileImplSaIS0_ELN9__gnu_cxx12_Lock_policyE2EE                                                                                                                                                                                                                                                  12            0
.debug_frame                                                                                                                                                                                                                                                                                                                             321420            0
.debug_info                                                                                                                                                                                                                                                                                                                            18588530            0
.debug_abbrev                                                                                                                                                                                                                                                                                                                            847573            0
.debug_loc                                                                                                                                                                                                                                                                                                                              3506193            0
.debug_aranges                                                                                                                                                                                                                                                                                                                           117008            0
.debug_ranges                                                                                                                                                                                                                                                                                                                            546680            0
.debug_line                                                                                                                                                                                                                                                                                                                             5182305            0
.debug_str                                                                                                                                                                                                                                                                                                                              2430675            0
Total                                                                                                                                                                                                                                                                                                                                  33847992
<lambda>(["upload"], [".pio/build/firebeetle2_esp32e_n16r2/firmware.bin"])
AVAILABLE: cmsis-dap, esp-bridge, esp-prog, espota, esptool, iot-bus-jtag, jlink, minimodule, olimex-arm-usb-ocd, olimex-arm-usb-ocd-h, olimex-arm-usb-tiny-h, olimex-jtag-tiny, tumpa
CURRENT: upload_protocol = espota
"/home/corissa/.platformio/penv/bin/python" "/home/corissa/.platformio/packages/framework-arduinoespressif32/tools/espota.py" --auth=esp32! --port=3232 --timeout=30 --debug --progress -i 192.168.88.205 -f .pio/build/firebeetle2_esp32e_n16r2/firmware.bin
10:01:33 [DEBUG]: Options: {'esp_ip': '192.168.88.205', 'host_ip': '0.0.0.0', 'esp_port': 3232, 'host_port': 52723, 'auth': 'esp32!', 'image': '.pio/build/firebeetle2_esp32e_n16r2/firmware.bin', 'spiffs': False, 'debug': True, 'progress': True, 'timeout': 30}
10:01:33 [INFO]: Starting on 0.0.0.0:52723
10:01:33 [INFO]: Upload size: 1490784
Sending invitation to 192.168.88.205 
10:01:33 [INFO]: Waiting for device...

Uploading: [                                                            ] 0% 
Uploading: [                                                            ] 0% 
Uploading: [                                                            ] 0% 
Uploading: [                                                            ] 0% 
Uploading: [                                                            ] 0% 
Uploading: [                                                            ] 0% 
Uploading: [                                                            ] 0% 
Uploading: [                                                            ] 0% 
Uploading: [                                                            ] 0% 
Uploading: [                                                            ] 0% 
Uploading: [                                                            ] 0% 
Uploading: [                                                            ] 0% 
Uploading: [                                                            ] 0% 
Uploading: [=                                                           ] 0% 
Uploading: [=                                                           ] 0% 
Uploading: [=                                                           ] 1% 
Uploading: [=                                                           ] 1% 
Uploading: [=                                                           ] 1% 
Uploading: [=                                                           ] 1% 
Uploading: [=                                                           ] 1% 
Uploading: [=                                                           ] 1% 
Uploading: [=                                                           ] 1% 
Uploading: [=                                                           ] 1% 
Uploading: [=                                                           ] 1% 
Uploading: [=                                                           ] 1% 
Uploading: [=                                                           ] 1% 
Uploading: [=                                                           ] 1% 
Uploading: [=                                                           ] 1% 
Uploading: [=                                                           ] 1% 
Uploading: [=                                                           ] 1% 
Uploading: [=                                                           ] 2% 
Uploading: [=                                                           ] 2% 
Uploading: [=                                                           ] 2% 
Uploading: [=                                                           ] 2% 
Uploading: [=                                                           ] 2% 
Uploading: [=                                                           ] 2% 
Uploading: [=                                                           ] 2% 
Uploading: [==                                                          ] 2% 
Uploading: [==                                                          ] 2% 
Uploading: [==                                                          ] 2% 
Uploading: [==                                                          ] 2% 
Uploading: [==                                                          ] 2% 
Uploading: [==                                                          ] 2% 
Uploading: [==                                                          ] 2% 
Uploading: [==                                                          ] 3% 
Uploading: [==                                                          ] 3% 
Uploading: [==                                                          ] 3% 
Uploading: [==                                                          ] 3% 
Uploading: [==                                                          ] 3% 
Uploading: [==                                                          ] 3% 
Uploading: [==                                                          ] 3% 
Uploading: [==                                                          ] 3% 
Uploading: [==                                                          ] 3% 
Uploading: [==                                                          ] 3% 
Uploading: [==                                                          ] 3% 
Uploading: [==                                                          ] 3% 
Uploading: [==                                                          ] 3% 
Uploading: [==                                                          ] 3% 
Uploading: [==                                                          ] 3% 
Uploading: [==                                                          ] 4% 
Uploading: [==                                                          ] 4% 
Uploading: [===                                                         ] 4% 
Uploading: [===                                                         ] 4% 
Uploading: [===                                                         ] 4% 
Uploading: [===                                                         ] 4% 
Uploading: [===                                                         ] 4% 
Uploading: [===                                                         ] 4% 
Uploading: [===                                                         ] 4% 
Uploading: [===                                                         ] 4% 
Uploading: [===                                                         ] 4% 
Uploading: [===                                                         ] 4% 
Uploading: [===                                                         ] 4% 
Uploading: [===                                                         ] 4% 
Uploading: [===                                                         ] 5% 
Uploading: [===                                                         ] 5% 
Uploading: [===                                                         ] 5% 
Uploading: [===                                                         ] 5% 
Uploading: [===                                                         ] 5% 
Uploading: [===                                                         ] 5% 
Uploading: [===                                                         ] 5% 
Uploading: [===                                                         ] 5% 
Uploading: [===                                                         ] 5% 
Uploading: [===                                                         ] 5% 
Uploading: [===                                                         ] 5% 
Uploading: [===                                                         ] 5% 
Uploading: [====                                                        ] 5% 
Uploading: [====                                                        ] 5% 
Uploading: [====                                                        ] 5% 
Uploading: [====                                                        ] 6% 
Uploading: [====                                                        ] 6% 
Uploading: [====                                                        ] 6% 
Uploading: [====                                                        ] 6% 
Uploading: [====                                                        ] 6% 
Uploading: [====                                                        ] 6% 
Uploading: [====                                                        ] 6% 
Uploading: [====                                                        ] 6% 
Uploading: [====                                                        ] 6% 
Uploading: [====                                                        ] 6% 
Uploading: [====                                                        ] 6% 
Uploading: [====                                                        ] 6% 
Uploading: [====                                                        ] 6% 
Uploading: [====                                                        ] 6% 
Uploading: [====                                                        ] 7% 
Uploading: [====                                                        ] 7% 
Uploading: [====                                                        ] 7% 
Uploading: [====                                                        ] 7% 
Uploading: [====                                                        ] 7% 
Uploading: [====                                                        ] 7% 
Uploading: [====                                                        ] 7% 
Uploading: [====                                                        ] 7% 
Uploading: [=====                                                       ] 7% 
Uploading: [=====                                                       ] 7% 
Uploading: [=====                                                       ] 7% 
Uploading: [=====                                                       ] 7% 
Uploading: [=====                                                       ] 7% 
Uploading: [=====                                                       ] 7% 
Uploading: [=====                                                       ] 7% 
Uploading: [=====                                                       ] 8% 
Uploading: [=====                                                       ] 8% 
Uploading: [=====                                                       ] 8% 
Uploading: [=====                                                       ] 8% 
Uploading: [=====                                                       ] 8% 
Uploading: [=====                                                       ] 8% 
Uploading: [=====                                                       ] 8% 
Uploading: [=====                                                       ] 8% 
Uploading: [=====                                                       ] 8% 
Uploading: [=====                                                       ] 8% 
Uploading: [=====                                                       ] 8% 
Uploading: [=====                                                       ] 8% 
Uploading: [=====                                                       ] 8% 
Uploading: [=====                                                       ] 8% 
Uploading: [=====                                                       ] 8% 
Uploading: [=====                                                       ] 9% 
Uploading: [=====                                                       ] 9% 
Uploading: [======                                                      ] 9% 
Uploading: [======                                                      ] 9% 
Uploading: [======                                                      ] 9% 
Uploading: [======                                                      ] 9% 
Uploading: [======                                                      ] 9% 
Uploading: [======                                                      ] 9% 
Uploading: [======                                                      ] 9% 
Uploading: [======                                                      ] 9% 
Uploading: [======                                                      ] 9% 
Uploading: [======                                                      ] 9% 
Uploading: [======                                                      ] 9% 
Uploading: [======                                                      ] 9% 
Uploading: [======                                                      ] 10% 
Uploading: [======                                                      ] 10% 
Uploading: [======                                                      ] 10% 
Uploading: [======                                                      ] 10% 
Uploading: [======                                                      ] 10% 
Uploading: [======                                                      ] 10% 
Uploading: [======                                                      ] 10% 
Uploading: [======                                                      ] 10% 
Uploading: [======                                                      ] 10% 
Uploading: [======                                                      ] 10% 
Uploading: [======                                                      ] 10% 
Uploading: [======                                                      ] 10% 
Uploading: [=======                                                     ] 10% 
Uploading: [=======                                                     ] 10% 
Uploading: [=======                                                     ] 10% 
Uploading: [=======                                                     ] 11% 
Uploading: [=======                                                     ] 11% 
Uploading: [=======                                                     ] 11% 
Uploading: [=======                                                     ] 11% 
Uploading: [=======                                                     ] 11% 
Uploading: [=======                                                     ] 11% 
Uploading: [=======                                                     ] 11% 
Uploading: [=======                                                     ] 11% 
Uploading: [=======                                                     ] 11% 
Uploading: [=======                                                     ] 11% 
Uploading: [=======                                                     ] 11% 
Uploading: [=======                                                     ] 11% 
Uploading: [=======                                                     ] 11% 
Uploading: [=======                                                     ] 11% 
Uploading: [=======                                                     ] 12% 
Uploading: [=======                                                     ] 12% 
Uploading: [=======                                                     ] 12% 
Uploading: [=======                                                     ] 12% 
Uploading: [=======                                                     ] 12% 
Uploading: [=======                                                     ] 12% 
Uploading: [=======                                                     ] 12% 
Uploading: [========                                                    ] 12% 
Uploading: [========                                                    ] 12% 
Uploading: [========                                                    ] 12% 
Uploading: [========                                                    ] 12% 
Uploading: [========                                                    ] 12% 
Uploading: [========                                                    ] 12% 
Uploading: [========                                                    ] 12% 
Uploading: [========                                                    ] 12% 
Uploading: [========                                                    ] 13% 
Uploading: [========                                                    ] 13% 
Uploading: [========                                                    ] 13% 
Uploading: [========                                                    ] 13% 
Uploading: [========                                                    ] 13% 
Uploading: [========                                                    ] 13% 
Uploading: [========                                                    ] 13% 
Uploading: [========                                                    ] 13% 
Uploading: [========                                                    ] 13% 
Uploading: [========                                                    ] 13% 
Uploading: [========                                                    ] 13% 
Uploading: [========                                                    ] 13% 
Uploading: [========                                                    ] 13% 
Uploading: [========                                                    ] 13% 
Uploading: [========                                                    ] 14% 
Uploading: [========                                                    ] 14% 
Uploading: [========                                                    ] 14% 
Uploading: [=========                                                   ] 14% 
Uploading: [=========                                                   ] 14% 
Uploading: [=========                                                   ] 14% 
Uploading: [=========                                                   ] 14% 
Uploading: [=========                                                   ] 14% 
Uploading: [=========                                                   ] 14% 
Uploading: [=========                                                   ] 14% 
Uploading: [=========                                                   ] 14% 
Uploading: [=========                                                   ] 14% 
Uploading: [=========                                                   ] 14% 
Uploading: [=========                                                   ] 14% 
Uploading: [=========                                                   ] 14% 
Uploading: [=========                                                   ] 15% 
Uploading: [=========                                                   ] 15% 
Uploading: [=========                                                   ] 15% 
Uploading: [=========                                                   ] 15% 
Uploading: [=========                                                   ] 15% 
Uploading: [=========                                                   ] 15% 
Uploading: [=========                                                   ] 15% 
Uploading: [=========                                                   ] 15% 
Uploading: [=========                                                   ] 15% 
Uploading: [=========                                                   ] 15% 
Uploading: [=========                                                   ] 15% 
Uploading: [=========                                                   ] 15% 
Uploading: [==========                                                  ] 15% 
Uploading: [==========                                                  ] 15% 
Uploading: [==========                                                  ] 16% 
Uploading: [==========                                                  ] 16% 
Uploading: [==========                                                  ] 16% 
Uploading: [==========                                                  ] 16% 
Uploading: [==========                                                  ] 16% 
Uploading: [==========                                                  ] 16% 
Uploading: [==========                                                  ] 16% 
Uploading: [==========                                                  ] 16% 
Uploading: [==========                                                  ] 16% 
Uploading: [==========                                                  ] 16% 
Uploading: [==========                                                  ] 16% 
Uploading: [==========                                                  ] 16% 
Uploading: [==========                                                  ] 16% 
Uploading: [==========                                                  ] 16% 
Uploading: [==========                                                  ] 16% 
Uploading: [==========                                                  ] 17% 
Uploading: [==========                                                  ] 17% 
Uploading: [==========                                                  ] 17% 
Uploading: [==========                                                  ] 17% 
Uploading: [==========                                                  ] 17% 
Uploading: [==========                                                  ] 17% 
Uploading: [==========                                                  ] 17% 
Uploading: [===========                                                 ] 17% 
Uploading: [===========                                                 ] 17% 
Uploading: [===========                                                 ] 17% 
Uploading: [===========                                                 ] 17% 
Uploading: [===========                                                 ] 17% 
Uploading: [===========                                                 ] 17% 
Uploading: [===========                                                 ] 17% 
Uploading: [===========                                                 ] 17% 
Uploading: [===========                                                 ] 18% 
Uploading: [===========                                                 ] 18% 
Uploading: [===========                                                 ] 18% 
Uploading: [===========                                                 ] 18% 
Uploading: [===========                                                 ] 18% 
Uploading: [===========                                                 ] 18% 
Uploading: [===========                                                 ] 18% 
Uploading: [===========                                                 ] 18% 
Uploading: [===========                                                 ] 18% 
Uploading: [===========                                                 ] 18% 
Uploading: [===========                                                 ] 18% 
Uploading: [===========                                                 ] 18% 
Uploading: [===========                                                 ] 18% 
Uploading: [===========                                                 ] 18% 
Uploading: [===========                                                 ] 19% 
Uploading: [===========                                                 ] 19% 
Uploading: [===========                                                 ] 19% 
Uploading: [============                                                ] 19% 
Uploading: [============                                                ] 19% 
Uploading: [============                                                ] 19% 
Uploading: [============                                                ] 19% 
Uploading: [============                                                ] 19% 
Uploading: [============                                                ] 19% 
Uploading: [============                                                ] 19% 
Uploading: [============                                                ] 19% 
Uploading: [============                                                ] 19% 
Uploading: [============                                                ] 19% 
Uploading: [============                                                ] 19% 
Uploading: [============                                                ] 19% 
Uploading: [============                                                ] 20% 
Uploading: [============                                                ] 20% 
Uploading: [============                                                ] 20% 
Uploading: [============                                                ] 20% 
Uploading: [============                                                ] 20% 
Uploading: [============                                                ] 20% 
Uploading: [============                                                ] 20% 
Uploading: [============                                                ] 20% 
Uploading: [============                                                ] 20% 
Uploading: [============                                                ] 20% 
Uploading: [============                                                ] 20% 
Uploading: [============                                                ] 20% 
Uploading: [=============                                               ] 20% 
Uploading: [=============                                               ] 20% 
Uploading: [=============                                               ] 21% 
Uploading: [=============                                               ] 21% 
Uploading: [=============                                               ] 21% 
Uploading: [=============                                               ] 21% 
Uploading: [=============                                               ] 21% 
Uploading: [=============                                               ] 21% 
Uploading: [=============                                               ] 21% 
Uploading: [=============                                               ] 21% 
Uploading: [=============                                               ] 21% 
Uploading: [=============                                               ] 21% 
Uploading: [=============                                               ] 21% 
Uploading: [=============                                               ] 21% 
Uploading: [=============                                               ] 21% 
Uploading: [=============                                               ] 21% 
Uploading: [=============                                               ] 21% 
Uploading: [=============                                               ] 22% 
Uploading: [=============                                               ] 22% 
Uploading: [=============                                               ] 22% 
Uploading: [=============                                               ] 22% 
Uploading: [=============                                               ] 22% 
Uploading: [=============                                               ] 22% 
Uploading: [=============                                               ] 22% 
Uploading: [==============                                              ] 22% 
Uploading: [==============                                              ] 22% 
Uploading: [==============                                              ] 22% 
Uploading: [==============                                              ] 22% 
Uploading: [==============                                              ] 22% 
Uploading: [==============                                              ] 22% 
Uploading: [==============                                              ] 22% 
Uploading: [==============                                              ] 23% 
Uploading: [==============                                              ] 23% 
Uploading: [==============                                              ] 23% 
Uploading: [==============                                              ] 23% 
Uploading: [==============                                              ] 23% 
Uploading: [==============                                              ] 23% 
Uploading: [==============                                              ] 23% 
Uploading: [==============                                              ] 23% 
Uploading: [==============                                              ] 23% 
Uploading: [==============                                              ] 23% 
Uploading: [==============                                              ] 23% 
Uploading: [==============                                              ] 23% 
Uploading: [==============                                              ] 23% 
Uploading: [==============                                              ] 23% 
Uploading: [==============                                              ] 23% 
Uploading: [==============                                              ] 24% 
Uploading: [==============                                              ] 24% 
Uploading: [===============                                             ] 24% 
Uploading: [===============                                             ] 24% 
Uploading: [===============                                             ] 24% 
Uploading: [===============                                             ] 24% 
Uploading: [===============                                             ] 24% 
Uploading: [===============                                             ] 24% 
Uploading: [===============                                             ] 24% 
Uploading: [===============                                             ] 24% 
Uploading: [===============                                             ] 24% 
Uploading: [===============                                             ] 24% 
Uploading: [===============                                             ] 24% 
Uploading: [===============                                             ] 24% 
Uploading: [===============                                             ] 25% 
Uploading: [===============                                             ] 25% 
Uploading: [===============                                             ] 25% 
Uploading: [===============                                             ] 25% 
Uploading: [===============                                             ] 25% 
Uploading: [===============                                             ] 25% 
Uploading: [===============                                             ] 25% 
Uploading: [===============                                             ] 25% 
Uploading: [===============                                             ] 25% 
Uploading: [===============                                             ] 25% 
Uploading: [===============                                             ] 25% 
Uploading: [===============                                             ] 25% 
Uploading: [===============                                             ] 25% 
Uploading: [================                                            ] 25% 
Uploading: [================                                            ] 25% 
Uploading: [================                                            ] 26% 
Uploading: [================                                            ] 26% 
Uploading: [================                                            ] 26% 
Uploading: [================                                            ] 26% 
Uploading: [================                                            ] 26% 
Uploading: [================                                            ] 26% 
Uploading: [================                                            ] 26% 
Uploading: [================                                            ] 26% 
Uploading: [================                                            ] 26% 
Uploading: [================                                            ] 26% 
Uploading: [================                                            ] 26% 
Uploading: [================                                            ] 26% 
Uploading: [================                                            ] 26% 
Uploading: [================                                            ] 26% 
Uploading: [================                                            ] 26% 
Uploading: [================                                            ] 27% 
Uploading: [================                                            ] 27% 
Uploading: [================                                            ] 27% 
Uploading: [================                                            ] 27% 
Uploading: [================                                            ] 27% 
Uploading: [================                                            ] 27% 
Uploading: [================                                            ] 27% 
Uploading: [=================                                           ] 27% 
Uploading: [=================                                           ] 27% 
Uploading: [=================                                           ] 27% 
Uploading: [=================                                           ] 27% 
Uploading: [=================                                           ] 27% 
Uploading: [=================                                           ] 27% 
Uploading: [=================                                           ] 27% 
Uploading: [=================                                           ] 28% 
Uploading: [=================                                           ] 28% 
Uploading: [=================                                           ] 28% 
Uploading: [=================                                           ] 28% 
Uploading: [=================                                           ] 28% 
Uploading: [=================                                           ] 28% 
Uploading: [=================                                           ] 28% 
Uploading: [=================                                           ] 28% 
Uploading: [=================                                           ] 28% 
Uploading: [=================                                           ] 28% 
Uploading: [=================                                           ] 28% 
Uploading: [=================                                           ] 28% 
Uploading: [=================                                           ] 28% 
Uploading: [=================                                           ] 28% 
Uploading: [=================                                           ] 28% 
Uploading: [=================                                           ] 29% 
Uploading: [=================                                           ] 29% 
Uploading: [==================                                          ] 29% 
Uploading: [==================                                          ] 29% 
Uploading: [==================                                          ] 29% 
Uploading: [==================                                          ] 29% 
Uploading: [==================                                          ] 29% 
Uploading: [==================                                          ] 29% 
Uploading: [==================                                          ] 29% 
Uploading: [==================                                          ] 29% 
Uploading: [==================                                          ] 29% 
Uploading: [==================                                          ] 29% 
Uploading: [==================                                          ] 29% 
Uploading: [==================                                          ] 29% 
Uploading: [==================                                          ] 30% 
Uploading: [==================                                          ] 30% 
Uploading: [==================                                          ] 30% 
Uploading: [==================                                          ] 30% 
Uploading: [==================                                          ] 30% 
Uploading: [==================                                          ] 30% 
Uploading: [==================                                          ] 30% 
Uploading: [==================                                          ] 30% 
Uploading: [==================                                          ] 30% 
Uploading: [==================                                          ] 30% 
Uploading: [==================                                          ] 30% 
Uploading: [==================                                          ] 30% 
Uploading: [===================                                         ] 30% 
Uploading: [===================                                         ] 30% 
Uploading: [===================                                         ] 30% 
Uploading: [===================                                         ] 31% 
Uploading: [===================                                         ] 31% 
Uploading: [===================                                         ] 31% 
Uploading: [===================                                         ] 31% 
Uploading: [===================                                         ] 31% 
Uploading: [===================                                         ] 31% 
Uploading: [===================                                         ] 31% 
Uploading: [===================                                         ] 31% 
Uploading: [===================                                         ] 31% 
Uploading: [===================                                         ] 31% 
Uploading: [===================                                         ] 31% 
Uploading: [===================                                         ] 31% 
Uploading: [===================                                         ] 31% 
Uploading: [===================                                         ] 31% 
Uploading: [===================                                         ] 32% 
Uploading: [===================                                         ] 32% 
Uploading: [===================                                         ] 32% 
Uploading: [===================                                         ] 32% 
Uploading: [===================                                         ] 32% 
Uploading: [===================                                         ] 32% 
Uploading: [===================                                         ] 32% 
Uploading: [===================                                         ] 32% 
Uploading: [====================                                        ] 32% 
Uploading: [====================                                        ] 32% 
Uploading: [====================                                        ] 32% 
Uploading: [====================                                        ] 32% 
Uploading: [====================                                        ] 32% 
Uploading: [====================                                        ] 32% 
Uploading: [====================                                        ] 32% 
Uploading: [====================                                        ] 33% 
Uploading: [====================                                        ] 33% 
Uploading: [====================                                        ] 33% 
Uploading: [====================                                        ] 33% 
Uploading: [====================                                        ] 33% 
Uploading: [====================                                        ] 33% 
Uploading: [====================                                        ] 33% 
Uploading: [====================                                        ] 33% 
Uploading: [====================                                        ] 33% 
Uploading: [====================                                        ] 33% 
Uploading: [====================                                        ] 33% 
Uploading: [====================                                        ] 33% 
Uploading: [====================                                        ] 33% 
Uploading: [====================                                        ] 33% 
Uploading: [====================                                        ] 34% 
Uploading: [====================                                        ] 34% 
Uploading: [====================                                        ] 34% 
Uploading: [=====================                                       ] 34% 
Uploading: [=====================                                       ] 34% 
Uploading: [=====================                                       ] 34% 
Uploading: [=====================                                       ] 34% 
Uploading: [=====================                                       ] 34% 
Uploading: [=====================                                       ] 34% 
Uploading: [=====================                                       ] 34% 
Uploading: [=====================                                       ] 34% 
Uploading: [=====================                                       ] 34% 
Uploading: [=====================                                       ] 34% 
Uploading: [=====================                                       ] 34% 
Uploading: [=====================                                       ] 34% 
Uploading: [=====================                                       ] 35% 
Uploading: [=====================                                       ] 35% 
Uploading: [=====================                                       ] 35% 
Uploading: [=====================                                       ] 35% 
Uploading: [=====================                                       ] 35% 
Uploading: [=====================                                       ] 35% 
Uploading: [=====================                                       ] 35% 
Uploading: [=====================                                       ] 35% 
Uploading: [=====================                                       ] 35% 
Uploading: [=====================                                       ] 35% 
Uploading: [=====================                                       ] 35% 
Uploading: [=====================                                       ] 35% 
Uploading: [======================                                      ] 35% 
Uploading: [======================                                      ] 35% 
Uploading: [======================                                      ] 35% 
Uploading: [======================                                      ] 36% 
Uploading: [======================                                      ] 36% 
Uploading: [======================                                      ] 36% 
Uploading: [======================                                      ] 36% 
Uploading: [======================                                      ] 36% 
Uploading: [======================                                      ] 36% 
Uploading: [======================                                      ] 36% 
Uploading: [======================                                      ] 36% 
Uploading: [======================                                      ] 36% 
Uploading: [======================                                      ] 36% 
Uploading: [======================                                      ] 36% 
Uploading: [======================                                      ] 36% 
Uploading: [======================                                      ] 36% 
Uploading: [======================                                      ] 36% 
Uploading: [======================                                      ] 37% 
Uploading: [======================                                      ] 37% 
Uploading: [======================                                      ] 37% 
Uploading: [======================                                      ] 37% 
Uploading: [======================                                      ] 37% 
Uploading: [======================                                      ] 37% 
Uploading: [======================                                      ] 37% 
Uploading: [=======================                                     ] 37% 
Uploading: [=======================                                     ] 37% 
Uploading: [=======================                                     ] 37% 
Uploading: [=======================                                     ] 37% 
Uploading: [=======================                                     ] 37% 
Uploading: [=======================                                     ] 37% 
Uploading: [=======================                                     ] 37% 
Uploading: [=======================                                     ] 37% 
Uploading: [=======================                                     ] 38% 
Uploading: [=======================                                     ] 38% 
Uploading: [=======================                                     ] 38% 
Uploading: [=======================                                     ] 38% 
Uploading: [=======================                                     ] 38% 
Uploading: [=======================                                     ] 38% 
Uploading: [=======================                                     ] 38% 
Uploading: [=======================                                     ] 38% 
Uploading: [=======================                                     ] 38% 
Uploading: [=======================                                     ] 38% 
Uploading: [=======================                                     ] 38% 
Uploading: [=======================                                     ] 38% 
Uploading: [=======================                                     ] 38% 
Uploading: [=======================                                     ] 38% 
Uploading: [=======================                                     ] 39% 
Uploading: [=======================                                     ] 39% 
Uploading: [=======================                                     ] 39% 
Uploading: [========================                                    ] 39% 
Uploading: [========================                                    ] 39% 
Uploading: [========================                                    ] 39% 
Uploading: [========================                                    ] 39% 
Uploading: [========================                                    ] 39% 
Uploading: [========================                                    ] 39% 
Uploading: [========================                                    ] 39% 
Uploading: [========================                                    ] 39% 
Uploading: [========================                                    ] 39% 
Uploading: [========================                                    ] 39% 
Uploading: [========================                                    ] 39% 
Uploading: [========================                                    ] 39% 
Uploading: [========================                                    ] 40% 
Uploading: [========================                                    ] 40% 
Uploading: [========================                                    ] 40% 
Uploading: [========================                                    ] 40% 
Uploading: [========================                                    ] 40% 
Uploading: [========================                                    ] 40% 
Uploading: [========================                                    ] 40% 
Uploading: [========================                                    ] 40% 
Uploading: [========================                                    ] 40% 
Uploading: [========================                                    ] 40% 
Uploading: [========================                                    ] 40% 
Uploading: [========================                                    ] 40% 
Uploading: [=========================                                   ] 40% 
Uploading: [=========================                                   ] 40% 
Uploading: [=========================                                   ] 41% 
Uploading: [=========================                                   ] 41% 
Uploading: [=========================                                   ] 41% 
Uploading: [=========================                                   ] 41% 
Uploading: [=========================                                   ] 41% 
Uploading: [=========================                                   ] 41% 
Uploading: [=========================                                   ] 41% 
Uploading: [=========================                                   ] 41% 
Uploading: [=========================                                   ] 41% 
Uploading: [=========================                                   ] 41% 
Uploading: [=========================                                   ] 41% 
Uploading: [=========================                                   ] 41% 
Uploading: [=========================                                   ] 41% 
Uploading: [=========================                                   ] 41% 
Uploading: [=========================                                   ] 41% 
Uploading: [=========================                                   ] 42% 
Uploading: [=========================                                   ] 42% 
Uploading: [=========================                                   ] 42% 
Uploading: [=========================                                   ] 42% 
Uploading: [=========================                                   ] 42% 
Uploading: [=========================                                   ] 42% 
Uploading: [=========================                                   ] 42% 
Uploading: [==========================                                  ] 42% 
Uploading: [==========================                                  ] 42% 
Uploading: [==========================                                  ] 42% 
Uploading: [==========================                                  ] 42% 
Uploading: [==========================                                  ] 42% 
Uploading: [==========================                                  ] 42% 
Uploading: [==========================                                  ] 42% 
Uploading: [==========================                                  ] 42% 
Uploading: [==========================                                  ] 43% 
Uploading: [==========================                                  ] 43% 
Uploading: [==========================                                  ] 43% 
Uploading: [==========================                                  ] 43% 
Uploading: [==========================                                  ] 43% 
Uploading: [==========================                                  ] 43% 
Uploading: [==========================                                  ] 43% 
Uploading: [==========================                                  ] 43% 
Uploading: [==========================                                  ] 43% 
Uploading: [==========================                                  ] 43% 
Uploading: [==========================                                  ] 43% 
Uploading: [==========================                                  ] 43% 
Uploading: [==========================                                  ] 43% 
Uploading: [==========================                                  ] 43% 
Uploading: [==========================                                  ] 44% 
Uploading: [==========================                                  ] 44% 
Uploading: [===========================                                 ] 44% 
Uploading: [===========================                                 ] 44% 
Uploading: [===========================                                 ] 44% 
Uploading: [===========================                                 ] 44% 
Uploading: [===========================                                 ] 44% 
Uploading: [===========================                                 ] 44% 
Uploading: [===========================                                 ] 44% 
Uploading: [===========================                                 ] 44% 
Uploading: [===========================                                 ] 44% 
Uploading: [===========================                                 ] 44% 
Uploading: [===========================                                 ] 44% 
Uploading: [===========================                                 ] 44% 
Uploading: [===========================                                 ] 44% 
Uploading: [===========================                                 ] 45% 
Uploading: [===========================                                 ] 45% 
Uploading: [===========================                                 ] 45% 
Uploading: [===========================                                 ] 45% 
Uploading: [===========================                                 ] 45% 
Uploading: [===========================                                 ] 45% 
Uploading: [===========================                                 ] 45% 
Uploading: [===========================                                 ] 45% 
Uploading: [===========================                                 ] 45% 
Uploading: [===========================                                 ] 45% 
Uploading: [===========================                                 ] 45% 
Uploading: [===========================                                 ] 45% 
Uploading: [============================                                ] 45% 
Uploading: [============================                                ] 45% 
Uploading: [============================                                ] 46% 
Uploading: [============================                                ] 46% 
Uploading: [============================                                ] 46% 
Uploading: [============================                                ] 46% 
Uploading: [============================                                ] 46% 
Uploading: [============================                                ] 46% 
Uploading: [============================                                ] 46% 
Uploading: [============================                                ] 46% 
Uploading: [============================                                ] 46% 
Uploading: [============================                                ] 46% 
Uploading: [============================                                ] 46% 
Uploading: [============================                                ] 46% 
Uploading: [============================                                ] 46% 
Uploading: [============================                                ] 46% 
Uploading: [============================                                ] 46% 
Uploading: [============================                                ] 47% 
Uploading: [============================                                ] 47% 
Uploading: [============================                                ] 47% 
Uploading: [============================                                ] 47% 
Uploading: [============================                                ] 47% 
Uploading: [============================                                ] 47% 
Uploading: [============================                                ] 47% 
Uploading: [=============================                               ] 47% 
Uploading: [=============================                               ] 47% 
Uploading: [=============================                               ] 47% 
Uploading: [=============================                               ] 47% 
Uploading: [=============================                               ] 47% 
Uploading: [=============================                               ] 47% 
Uploading: [=============================                               ] 47% 
Uploading: [=============================                               ] 48% 
Uploading: [=============================                               ] 48% 
Uploading: [=============================                               ] 48% 
Uploading: [=============================                               ] 48% 
Uploading: [=============================                               ] 48% 
Uploading: [=============================                               ] 48% 
Uploading: [=============================                               ] 48% 
Uploading: [=============================                               ] 48% 
Uploading: [=============================                               ] 48% 
Uploading: [=============================                               ] 48% 
Uploading: [=============================                               ] 48% 
Uploading: [=============================                               ] 48% 
Uploading: [=============================                               ] 48% 
Uploading: [=============================                               ] 48% 
Uploading: [=============================                               ] 48% 
Uploading: [=============================                               ] 49% 
Uploading: [=============================                               ] 49% 
Uploading: [==============================                              ] 49% 
Uploading: [==============================                              ] 49% 
Uploading: [==============================                              ] 49% 
Uploading: [==============================                              ] 49% 
Uploading: [==============================                              ] 49% 
Uploading: [==============================                              ] 49% 
Uploading: [==============================                              ] 49% 
Uploading: [==============================                              ] 49% 
Uploading: [==============================                              ] 49% 
Uploading: [==============================                              ] 49% 
Uploading: [==============================                              ] 49% 
Uploading: [==============================                              ] 49% 
Uploading: [==============================                              ] 50% 
Uploading: [==============================                              ] 50% 
Uploading: [==============================                              ] 50% 
Uploading: [==============================                              ] 50% 
Uploading: [==============================                              ] 50% 
Uploading: [==============================                              ] 50% 
Uploading: [==============================                              ] 50% 
Uploading: [==============================                              ] 50% 
Uploading: [==============================                              ] 50% 
Uploading: [==============================                              ] 50% 
Uploading: [==============================                              ] 50% 
Uploading: [==============================                              ] 50% 
Uploading: [==============================                              ] 50% 
Uploading: [===============================                             ] 50% 
Uploading: [===============================                             ] 50% 
Uploading: [===============================                             ] 51% 
Uploading: [===============================                             ] 51% 
Uploading: [===============================                             ] 51% 
Uploading: [===============================                             ] 51% 
Uploading: [===============================                             ] 51% 
Uploading: [===============================                             ] 51% 
Uploading: [===============================                             ] 51% 
Uploading: [===============================                             ] 51% 
Uploading: [===============================                             ] 51% 
Uploading: [===============================                             ] 51% 
Uploading: [===============================                             ] 51% 
Uploading: [===============================                             ] 51% 
Uploading: [===============================                             ] 51% 
Uploading: [===============================                             ] 51% 
Uploading: [===============================                             ] 51% 
Uploading: [===============================                             ] 52% 
Uploading: [===============================                             ] 52% 
Uploading: [===============================                             ] 52% 
Uploading: [===============================                             ] 52% 
Uploading: [===============================                             ] 52% 
Uploading: [===============================                             ] 52% 
Uploading: [===============================                             ] 52% 
Uploading: [================================                            ] 52% 
Uploading: [================================                            ] 52% 
Uploading: [================================                            ] 52% 
Uploading: [================================                            ] 52% 
Uploading: [================================                            ] 52% 
Uploading: [================================                            ] 52% 
Uploading: [================================                            ] 52% 
Uploading: [================================                            ] 53% 
Uploading: [================================                            ] 53% 
Uploading: [================================                            ] 53% 
Uploading: [================================                            ] 53% 
Uploading: [================================                            ] 53% 
Uploading: [================================                            ] 53% 
Uploading: [================================                            ] 53% 
Uploading: [================================                            ] 53% 
Uploading: [================================                            ] 53% 
Uploading: [================================                            ] 53% 
Uploading: [================================                            ] 53% 
Uploading: [================================                            ] 53% 
Uploading: [================================                            ] 53% 
Uploading: [================================                            ] 53% 
Uploading: [================================                            ] 53% 
Uploading: [================================                            ] 54% 
Uploading: [================================                            ] 54% 
Uploading: [=================================                           ] 54% 
Uploading: [=================================                           ] 54% 
Uploading: [=================================                           ] 54% 
Uploading: [=================================                           ] 54% 
Uploading: [=================================                           ] 54% 
Uploading: [=================================                           ] 54% 
Uploading: [=================================                           ] 54% 
Uploading: [=================================                           ] 54% 
Uploading: [=================================                           ] 54% 
Uploading: [=================================                           ] 54% 
Uploading: [=================================                           ] 54% 
Uploading: [=================================                           ] 54% 
Uploading: [=================================                           ] 55% 
Uploading: [=================================                           ] 55% 
Uploading: [=================================                           ] 55% 
Uploading: [=================================                           ] 55% 
Uploading: [=================================                           ] 55% 
Uploading: [=================================                           ] 55% 
Uploading: [=================================                           ] 55% 
Uploading: [=================================                           ] 55% 
Uploading: [=================================                           ] 55% 
Uploading: [=================================                           ] 55% 
Uploading: [=================================                           ] 55% 
Uploading: [=================================                           ] 55% 
Uploading: [==================================                          ] 55% 
Uploading: [==================================                          ] 55% 
Uploading: [==================================                          ] 55% 
Uploading: [==================================                          ] 56% 
Uploading: [==================================                          ] 56% 
Uploading: [==================================                          ] 56% 
Uploading: [==================================                          ] 56% 
Uploading: [==================================                          ] 56% 
Uploading: [==================================                          ] 56% 
Uploading: [==================================                          ] 56% 
Uploading: [==================================                          ] 56% 
Uploading: [==================================                          ] 56% 
Uploading: [==================================                          ] 56% 
Uploading: [==================================                          ] 56% 
Uploading: [==================================                          ] 56% 
Uploading: [==================================                          ] 56% 
Uploading: [==================================                          ] 56% 
Uploading: [==================================                          ] 57% 
Uploading: [==================================                          ] 57% 
Uploading: [==================================                          ] 57% 
Uploading: [==================================                          ] 57% 
Uploading: [==================================                          ] 57% 
Uploading: [==================================                          ] 57% 
Uploading: [==================================                          ] 57% 
Uploading: [==================================                          ] 57% 
Uploading: [===================================                         ] 57% 
Uploading: [===================================                         ] 57% 
Uploading: [===================================                         ] 57% 
Uploading: [===================================                         ] 57% 
Uploading: [===================================                         ] 57% 
Uploading: [===================================                         ] 57% 
Uploading: [===================================                         ] 57% 
Uploading: [===================================                         ] 58% 
Uploading: [===================================                         ] 58% 
Uploading: [===================================                         ] 58% 
Uploading: [===================================                         ] 58% 
Uploading: [===================================                         ] 58% 
Uploading: [===================================                         ] 58% 
Uploading: [===================================                         ] 58% 
Uploading: [===================================                         ] 58% 
Uploading: [===================================                         ] 58% 
Uploading: [===================================                         ] 58% 
Uploading: [===================================                         ] 58% 
Uploading: [===================================                         ] 58% 
Uploading: [===================================                         ] 58% 
Uploading: [===================================                         ] 58% 
Uploading: [===================================                         ] 59% 
Uploading: [===================================                         ] 59% 
Uploading: [===================================                         ] 59% 
Uploading: [====================================                        ] 59% 
Uploading: [====================================                        ] 59% 
Uploading: [====================================                        ] 59% 
Uploading: [====================================                        ] 59% 
Uploading: [====================================                        ] 59% 
Uploading: [====================================                        ] 59% 
Uploading: [====================================                        ] 59% 
Uploading: [====================================                        ] 59% 
Uploading: [====================================                        ] 59% 
Uploading: [====================================                        ] 59% 
Uploading: [====================================                        ] 59% 
Uploading: [====================================                        ] 59% 
Uploading: [====================================                        ] 60% 
Uploading: [====================================                        ] 60% 
Uploading: [====================================                        ] 60% 
Uploading: [====================================                        ] 60% 
Uploading: [====================================                        ] 60% 
Uploading: [====================================                        ] 60% 
Uploading: [====================================                        ] 60% 
Uploading: [====================================                        ] 60% 
Uploading: [====================================                        ] 60% 
Uploading: [====================================                        ] 60% 
Uploading: [====================================                        ] 60% 
Uploading: [====================================                        ] 60% 
Uploading: [=====================================                       ] 60% 
Uploading: [=====================================                       ] 60% 
Uploading: [=====================================                       ] 60% 
Uploading: [=====================================                       ] 61% 
Uploading: [=====================================                       ] 61% 
Uploading: [=====================================                       ] 61% 
Uploading: [=====================================                       ] 61% 
Uploading: [=====================================                       ] 61% 
Uploading: [=====================================                       ] 61% 
Uploading: [=====================================                       ] 61% 
Uploading: [=====================================                       ] 61% 
Uploading: [=====================================                       ] 61% 
Uploading: [=====================================                       ] 61% 
Uploading: [=====================================                       ] 61% 
Uploading: [=====================================                       ] 61% 
Uploading: [=====================================                       ] 61% 
Uploading: [=====================================                       ] 61% 
Uploading: [=====================================                       ] 62% 
Uploading: [=====================================                       ] 62% 
Uploading: [=====================================                       ] 62% 
Uploading: [=====================================                       ] 62% 
Uploading: [=====================================                       ] 62% 
Uploading: [=====================================                       ] 62% 
Uploading: [=====================================                       ] 62% 
Uploading: [======================================                      ] 62% 
Uploading: [======================================                      ] 62% 
Uploading: [======================================                      ] 62% 
Uploading: [======================================                      ] 62% 
Uploading: [======================================                      ] 62% 
Uploading: [======================================                      ] 62% 
Uploading: [======================================                      ] 62% 
Uploading: [======================================                      ] 62% 
Uploading: [======================================                      ] 63% 
Uploading: [======================================                      ] 63% 
Uploading: [======================================                      ] 63% 
Uploading: [======================================                      ] 63% 
Uploading: [======================================                      ] 63% 
Uploading: [======================================                      ] 63% 
Uploading: [======================================                      ] 63% 
Uploading: [======================================                      ] 63% 
Uploading: [======================================                      ] 63% 
Uploading: [======================================                      ] 63% 
Uploading: [======================================                      ] 63% 
Uploading: [======================================                      ] 63% 
Uploading: [======================================                      ] 63% 
Uploading: [======================================                      ] 63% 
Uploading: [======================================                      ] 64% 
Uploading: [======================================                      ] 64% 
Uploading: [======================================                      ] 64% 
Uploading: [=======================================                     ] 64% 
Uploading: [=======================================                     ] 64% 
Uploading: [=======================================                     ] 64% 
Uploading: [=======================================                     ] 64% 
Uploading: [=======================================                     ] 64% 
Uploading: [=======================================                     ] 64% 
Uploading: [=======================================                     ] 64% 
Uploading: [=======================================                     ] 64% 
Uploading: [=======================================                     ] 64% 
Uploading: [=======================================                     ] 64% 
Uploading: [=======================================                     ] 64% 
Uploading: [=======================================                     ] 64% 
Uploading: [=======================================                     ] 65% 
Uploading: [=======================================                     ] 65% 
Uploading: [=======================================                     ] 65% 
Uploading: [=======================================                     ] 65% 
Uploading: [=======================================                     ] 65% 
Uploading: [=======================================                     ] 65% 
Uploading: [=======================================                     ] 65% 
Uploading: [=======================================                     ] 65% 
Uploading: [=======================================                     ] 65% 
Uploading: [=======================================                     ] 65% 
Uploading: [=======================================                     ] 65% 
Uploading: [=======================================                     ] 65% 
Uploading: [========================================                    ] 65% 
Uploading: [========================================                    ] 65% 
Uploading: [========================================                    ] 66% 
Uploading: [========================================                    ] 66% 
Uploading: [========================================                    ] 66% 
Uploading: [========================================                    ] 66% 
Uploading: [========================================                    ] 66% 
Uploading: [========================================                    ] 66% 
Uploading: [========================================                    ] 66% 
Uploading: [========================================                    ] 66% 
Uploading: [========================================                    ] 66% 
Uploading: [========================================                    ] 66% 
Uploading: [========================================                    ] 66% 
Uploading: [========================================                    ] 66% 
Uploading: [========================================                    ] 66% 
Uploading: [========================================                    ] 66% 
Uploading: [========================================                    ] 66% 
Uploading: [========================================                    ] 67% 
Uploading: [========================================                    ] 67% 
Uploading: [========================================                    ] 67% 
Uploading: [========================================                    ] 67% 
Uploading: [========================================                    ] 67% 
Uploading: [========================================                    ] 67% 
Uploading: [========================================                    ] 67% 
Uploading: [=========================================                   ] 67% 
Uploading: [=========================================                   ] 67% 
Uploading: [=========================================                   ] 67% 
Uploading: [=========================================                   ] 67% 
Uploading: [=========================================                   ] 67% 
Uploading: [=========================================                   ] 67% 
Uploading: [=========================================                   ] 67% 
Uploading: [=========================================                   ] 68% 
Uploading: [=========================================                   ] 68% 
Uploading: [=========================================                   ] 68% 
Uploading: [=========================================                   ] 68% 
Uploading: [=========================================                   ] 68% 
Uploading: [=========================================                   ] 68% 
Uploading: [=========================================                   ] 68% 
Uploading: [=========================================                   ] 68% 
Uploading: [=========================================                   ] 68% 
Uploading: [=========================================                   ] 68% 
Uploading: [=========================================                   ] 68% 
Uploading: [=========================================                   ] 68% 
Uploading: [=========================================                   ] 68% 
Uploading: [=========================================                   ] 68% 
Uploading: [=========================================                   ] 68% 
Uploading: [=========================================                   ] 69% 
Uploading: [=========================================                   ] 69% 
Uploading: [==========================================                  ] 69% 
Uploading: [==========================================                  ] 69% 
Uploading: [==========================================                  ] 69% 
Uploading: [==========================================                  ] 69% 
Uploading: [==========================================                  ] 69% 
Uploading: [==========================================                  ] 69% 
Uploading: [==========================================                  ] 69% 
Uploading: [==========================================                  ] 69% 
Uploading: [==========================================                  ] 69% 
Uploading: [==========================================                  ] 69% 
Uploading: [==========================================                  ] 69% 
Uploading: [==========================================                  ] 69% 
Uploading: [==========================================                  ] 69% 
Uploading: [==========================================                  ] 70% 
Uploading: [==========================================                  ] 70% 
Uploading: [==========================================                  ] 70% 
Uploading: [==========================================                  ] 70% 
Uploading: [==========================================                  ] 70% 
Uploading: [==========================================                  ] 70% 
Uploading: [==========================================                  ] 70% 
Uploading: [==========================================                  ] 70% 
Uploading: [==========================================                  ] 70% 
Uploading: [==========================================                  ] 70% 
Uploading: [==========================================                  ] 70% 
Uploading: [==========================================                  ] 70% 
Uploading: [===========================================                 ] 70% 
Uploading: [===========================================                 ] 70% 
Uploading: [===========================================                 ] 71% 
Uploading: [===========================================                 ] 71% 
Uploading: [===========================================                 ] 71% 
Uploading: [===========================================                 ] 71% 
Uploading: [===========================================                 ] 71% 
Uploading: [===========================================                 ] 71% 
Uploading: [===========================================                 ] 71% 
Uploading: [===========================================                 ] 71% 
Uploading: [===========================================                 ] 71% 
Uploading: [===========================================                 ] 71% 
Uploading: [===========================================                 ] 71% 
Uploading: [===========================================                 ] 71% 
Uploading: [===========================================                 ] 71% 
Uploading: [===========================================                 ] 71% 
Uploading: [===========================================                 ] 71% 
Uploading: [===========================================                 ] 72% 
Uploading: [===========================================                 ] 72% 
Uploading: [===========================================                 ] 72% 
Uploading: [===========================================                 ] 72% 
Uploading: [===========================================                 ] 72% 
Uploading: [===========================================                 ] 72% 
Uploading: [===========================================                 ] 72% 
Uploading: [============================================                ] 72% 
Uploading: [============================================                ] 72% 
Uploading: [============================================                ] 72% 
Uploading: [============================================                ] 72% 
Uploading: [============================================                ] 72% 
Uploading: [============================================                ] 72% 
Uploading: [============================================                ] 72% 
Uploading: [============================================                ] 73% 
Uploading: [============================================                ] 73% 
Uploading: [============================================                ] 73% 
Uploading: [============================================                ] 73% 
Uploading: [============================================                ] 73% 
Uploading: [============================================                ] 73% 
Uploading: [============================================                ] 73% 
Uploading: [============================================                ] 73% 
Uploading: [============================================                ] 73% 
Uploading: [============================================                ] 73% 
Uploading: [============================================                ] 73% 
Uploading: [============================================                ] 73% 
Uploading: [============================================                ] 73% 
Uploading: [============================================                ] 73% 
Uploading: [============================================                ] 73% 
Uploading: [============================================                ] 74% 
Uploading: [============================================                ] 74% 
Uploading: [=============================================               ] 74% 
Uploading: [=============================================               ] 74% 
Uploading: [=============================================               ] 74% 
Uploading: [=============================================               ] 74% 
Uploading: [=============================================               ] 74% 
Uploading: [=============================================               ] 74% 
Uploading: [=============================================               ] 74% 
Uploading: [=============================================               ] 74% 
Uploading: [=============================================               ] 74% 
Uploading: [=============================================               ] 74% 
Uploading: [=============================================               ] 74% 
Uploading: [=============================================               ] 74% 
Uploading: [=============================================               ] 75% 
Uploading: [=============================================               ] 75% 
Uploading: [=============================================               ] 75% 
Uploading: [=============================================               ] 75% 
Uploading: [=============================================               ] 75% 
Uploading: [=============================================               ] 75% 
Uploading: [=============================================               ] 75% 
Uploading: [=============================================               ] 75% 
Uploading: [=============================================               ] 75% 
Uploading: [=============================================               ] 75% 
Uploading: [=============================================               ] 75% 
Uploading: [=============================================               ] 75% 
Uploading: [=============================================               ] 75% 
Uploading: [==============================================              ] 75% 
Uploading: [==============================================              ] 75% 
Uploading: [==============================================              ] 76% 
Uploading: [==============================================              ] 76% 
Uploading: [==============================================              ] 76% 
Uploading: [==============================================              ] 76% 
Uploading: [==============================================              ] 76% 
Uploading: [==============================================              ] 76% 
Uploading: [==============================================              ] 76% 
Uploading: [==============================================              ] 76% 
Uploading: [==============================================              ] 76% 
Uploading: [==============================================              ] 76% 
Uploading: [==============================================              ] 76% 
Uploading: [==============================================              ] 76% 
Uploading: [==============================================              ] 76% 
Uploading: [==============================================              ] 76% 
Uploading: [==============================================              ] 77% 
Uploading: [==============================================              ] 77% 
Uploading: [==============================================              ] 77% 
Uploading: [==============================================              ] 77% 
Uploading: [==============================================              ] 77% 
Uploading: [==============================================              ] 77% 
Uploading: [==============================================              ] 77% 
Uploading: [==============================================              ] 77% 
Uploading: [===============================================             ] 77% 
Uploading: [===============================================             ] 77% 
Uploading: [===============================================             ] 77% 
Uploading: [===============================================             ] 77% 
Uploading: [===============================================             ] 77% 
Uploading: [===============================================             ] 77% 
Uploading: [===============================================             ] 77% 
Uploading: [===============================================             ] 78% 
Uploading: [===============================================             ] 78% 
Uploading: [===============================================             ] 78% 
Uploading: [===============================================             ] 78% 
Uploading: [===============================================             ] 78% 
Uploading: [===============================================             ] 78% 
Uploading: [===============================================             ] 78% 
Uploading: [===============================================             ] 78% 
Uploading: [===============================================             ] 78% 
Uploading: [===============================================             ] 78% 
Uploading: [===============================================             ] 78% 
Uploading: [===============================================             ] 78% 
Uploading: [===============================================             ] 78% 
Uploading: [===============================================             ] 78% 
Uploading: [===============================================             ] 78% 
Uploading: [===============================================             ] 79% 
Uploading: [===============================================             ] 79% 
Uploading: [================================================            ] 79% 
Uploading: [================================================            ] 79% 
Uploading: [================================================            ] 79% 
Uploading: [================================================            ] 79% 
Uploading: [================================================            ] 79% 
Uploading: [================================================            ] 79% 
Uploading: [================================================            ] 79% 
Uploading: [================================================            ] 79% 
Uploading: [================================================            ] 79% 
Uploading: [================================================            ] 79% 
Uploading: [================================================            ] 79% 
Uploading: [================================================            ] 79% 
Uploading: [================================================            ] 80% 
Uploading: [================================================            ] 80% 
Uploading: [================================================            ] 80% 
Uploading: [================================================            ] 80% 
Uploading: [================================================            ] 80% 
Uploading: [================================================            ] 80% 
Uploading: [================================================            ] 80% 
Uploading: [================================================            ] 80% 
Uploading: [================================================            ] 80% 
Uploading: [================================================            ] 80% 
Uploading: [================================================            ] 80% 
Uploading: [================================================            ] 80% 
Uploading: [=================================================           ] 80% 
Uploading: [=================================================           ] 80% 
Uploading: [=================================================           ] 80% 
Uploading: [=================================================           ] 81% 
Uploading: [=================================================           ] 81% 
Uploading: [=================================================           ] 81% 
Uploading: [=================================================           ] 81% 
Uploading: [=================================================           ] 81% 
Uploading: [=================================================           ] 81% 
Uploading: [=================================================           ] 81% 
Uploading: [=================================================           ] 81% 
Uploading: [=================================================           ] 81% 
Uploading: [=================================================           ] 81% 
Uploading: [=================================================           ] 81% 
Uploading: [=================================================           ] 81% 
Uploading: [=================================================           ] 81% 
Uploading: [=================================================           ] 81% 
Uploading: [=================================================           ] 82% 
Uploading: [=================================================           ] 82% 
Uploading: [=================================================           ] 82% 
Uploading: [=================================================           ] 82% 
Uploading: [=================================================           ] 82% 
Uploading: [=================================================           ] 82% 
Uploading: [=================================================           ] 82% 
Uploading: [=================================================           ] 82% 
Uploading: [==================================================          ] 82% 
Uploading: [==================================================          ] 82% 
Uploading: [==================================================          ] 82% 
Uploading: [==================================================          ] 82% 
Uploading: [==================================================          ] 82% 
Uploading: [==================================================          ] 82% 
Uploading: [==================================================          ] 82% 
Uploading: [==================================================          ] 83% 
Uploading: [==================================================          ] 83% 
Uploading: [==================================================          ] 83% 
Uploading: [==================================================          ] 83% 
Uploading: [==================================================          ] 83% 
Uploading: [==================================================          ] 83% 
Uploading: [==================================================          ] 83% 
Uploading: [==================================================          ] 83% 
Uploading: [==================================================          ] 83% 
Uploading: [==================================================          ] 83% 
Uploading: [==================================================          ] 83% 
Uploading: [==================================================          ] 83% 
Uploading: [==================================================          ] 83% 
Uploading: [==================================================          ] 83% 
Uploading: [==================================================          ] 84% 
Uploading: [==================================================          ] 84% 
Uploading: [==================================================          ] 84% 
Uploading: [===================================================         ] 84% 
Uploading: [===================================================         ] 84% 
Uploading: [===================================================         ] 84% 
Uploading: [===================================================         ] 84% 
Uploading: [===================================================         ] 84% 
Uploading: [===================================================         ] 84% 
Uploading: [===================================================         ] 84% 
Uploading: [===================================================         ] 84% 
Uploading: [===================================================         ] 84% 
Uploading: [===================================================         ] 84% 
Uploading: [===================================================         ] 84% 
Uploading: [===================================================         ] 84% 
Uploading: [===================================================         ] 85% 
Uploading: [===================================================         ] 85% 
Uploading: [===================================================         ] 85% 
Uploading: [===================================================         ] 85% 
Uploading: [===================================================         ] 85% 
Uploading: [===================================================         ] 85% 
Uploading: [===================================================         ] 85% 
Uploading: [===================================================         ] 85% 
Uploading: [===================================================         ] 85% 
Uploading: [===================================================         ] 85% 
Uploading: [===================================================         ] 85% 
Uploading: [===================================================         ] 85% 
Uploading: [====================================================        ] 85% 
Uploading: [====================================================        ] 85% 
Uploading: [====================================================        ] 85% 
Uploading: [====================================================        ] 86% 
Uploading: [====================================================        ] 86% 
Uploading: [====================================================        ] 86% 
Uploading: [====================================================        ] 86% 
Uploading: [====================================================        ] 86% 
Uploading: [====================================================        ] 86% 
Uploading: [====================================================        ] 86% 
Uploading: [====================================================        ] 86% 
Uploading: [====================================================        ] 86% 
Uploading: [====================================================        ] 86% 
Uploading: [====================================================        ] 86% 
Uploading: [====================================================        ] 86% 
Uploading: [====================================================        ] 86% 
Uploading: [====================================================        ] 86% 
Uploading: [====================================================        ] 87% 
Uploading: [====================================================        ] 87% 
Uploading: [====================================================        ] 87% 
Uploading: [====================================================        ] 87% 
Uploading: [====================================================        ] 87% 
Uploading: [====================================================        ] 87% 
Uploading: [====================================================        ] 87% 
Uploading: [=====================================================       ] 87% 
Uploading: [=====================================================       ] 87% 
Uploading: [=====================================================       ] 87% 
Uploading: [=====================================================       ] 87% 
Uploading: [=====================================================       ] 87% 
Uploading: [=====================================================       ] 87% 
Uploading: [=====================================================       ] 87% 
Uploading: [=====================================================       ] 87% 
Uploading: [=====================================================       ] 88% 
Uploading: [=====================================================       ] 88% 
Uploading: [=====================================================       ] 88% 
Uploading: [=====================================================       ] 88% 
Uploading: [=====================================================       ] 88% 
Uploading: [=====================================================       ] 88% 
Uploading: [=====================================================       ] 88% 
Uploading: [=====================================================       ] 88% 
Uploading: [=====================================================       ] 88% 
Uploading: [=====================================================       ] 88% 
Uploading: [=====================================================       ] 88% 
Uploading: [=====================================================       ] 88% 
Uploading: [=====================================================       ] 88% 
Uploading: [=====================================================       ] 88% 
Uploading: [=====================================================       ] 89% 
Uploading: [=====================================================       ] 89% 
Uploading: [=====================================================       ] 89% 
Uploading: [======================================================      ] 89% 
Uploading: [======================================================      ] 89% 
Uploading: [======================================================      ] 89% 
Uploading: [======================================================      ] 89% 
Uploading: [======================================================      ] 89% 
Uploading: [======================================================      ] 89% 
Uploading: [======================================================      ] 89% 
Uploading: [======================================================      ] 89% 
Uploading: [======================================================      ] 89% 
Uploading: [======================================================      ] 89% 
Uploading: [======================================================      ] 89% 
Uploading: [======================================================      ] 89% 
Uploading: [======================================================      ] 90% 
Uploading: [======================================================      ] 90% 
Uploading: [======================================================      ] 90% 
Uploading: [======================================================      ] 90% 
Uploading: [======================================================      ] 90% 
Uploading: [======================================================      ] 90% 
Uploading: [======================================================      ] 90% 
Uploading: [======================================================      ] 90% 
Uploading: [======================================================      ] 90% 
Uploading: [======================================================      ] 90% 
Uploading: [======================================================      ] 90% 
Uploading: [======================================================      ] 90% 
Uploading: [=======================================================     ] 90% 
Uploading: [=======================================================     ] 90% 
Uploading: [=======================================================     ] 91% 
Uploading: [=======================================================     ] 91% 
Uploading: [=======================================================     ] 91% 
Uploading: [=======================================================     ] 91% 
Uploading: [=======================================================     ] 91% 
Uploading: [=======================================================     ] 91% 
Uploading: [=======================================================     ] 91% 
Uploading: [=======================================================     ] 91% 
10:01:54 [ERROR]: Error Uploading
*** [upload] Error 1
========================= [FAILED] Took 33.55 seconds =========================
